aar;selskab_id;vaerk_id;vrkanl_ny;selskab_navn;vaerk_postnr;vaerk_postdistrikt;vaerk_kommune;vrktypenavn;fv_net;fv_net_navn;anlaeg_navn;anlaegstype_navn;aktoer;idriftdato;skrotdato;elkapacitet_MW;varmekapacitet_MW;Hovedbrændsel;Hovedbrændselsgruppe;Kul_andel;Olie_andel;Naturgas_andel;Affald_andel;Biogas_andel;Fast biomasse_andel;Bio-olie_andel;Braendselsfrit_andel;Solenergi_andel;Vandkraft_andel;Elektricitet_andel;Omgivelsesvarme_andel
2025;1;1;1-14;Crossbridge Energy A/S;7000;Fredericia;607;Erhvervsværk;81;TVIS;U-5800 Overskudsvarme (del af 1-2);Overskudsvarme;pvp;1994-01-01 00:00:00;;0;56;braendselsfrit;braendselsfrit;;0;;;;0;;1;;;;
2025;1;1;1-2;Crossbridge Energy A/S;7000;Fredericia;607;Erhvervsværk;81;TVIS;U-2000 Gasturbine;Gasturbine;pev;1993-01-01 00:00:00;;26;52;raffinaderigas;olie;;1;;;;0;;;;;;
2025;4;3;3-2;ASSENS FJERNVARME A M B A;9550;Mariager;846;Fjernvarmeværk;209;Assens (v. Mariager) Fjernvarme;Oliereservekedel;Kedel;fvv;1994-11-01 00:00:00;;0;5,8;gasolie;olie;;1;;;;0;;;;;;
2025;4;3;3-3;ASSENS FJERNVARME A M B A;9550;Mariager;846;Fjernvarmeværk;209;Assens (v. Mariager) Fjernvarme;Fliskedel;Kedel;fvv;2008-10-01 00:00:00;;0;6;skovflis;fast biomasse;;0;;;;1;;;;;;
2025;5;5;5-2;AULUM FJERNVARME AMBA;7490;Aulum;657;Decentralt værk;159;Aulum Fjernvarme;Gasmotor;Forbrændingsmotor;kvt;2006-12-12 00:00:00;;5,1;5,65;naturgas;naturgas;;0;1;;;0;;;;;;
2025;5;5;5-3;AULUM FJERNVARME AMBA;7490;Aulum;657;Decentralt værk;159;Aulum Fjernvarme;Naturgas kedel;Kedel;fvv;2006-02-01 00:00:00;;0;11;naturgas;naturgas;;0;1;;;0;;;;;;
2025;5;5;5-5;AULUM FJERNVARME AMBA;7490;Aulum;657;Decentralt værk;159;Aulum Fjernvarme;Elkedel (ikke kvoteomfattet);Elpatron;fvv;2010-10-01 00:00:00;;0;10;elektricitet;elektricitet;;0;;;;0;;;;;1;
2025;5;5;5-6;AULUM FJERNVARME AMBA;7490;Aulum;657;Decentralt værk;159;Aulum Fjernvarme;Solvarme;Solvarme;fvv;2015-09-01 00:00:00;;0;11,1;solenergi;solenergi;;0;;;;0;;;1;;;
2025;5;5;5-7;AULUM FJERNVARME AMBA;7490;Aulum;657;Decentralt værk;159;Aulum Fjernvarme;Varmepumpe 1 og 2;Varmepumpe Luft;fvv;2020-09-10 00:00:00;;0;4;omgivelsesvarme;omgivelsesvarme;;0;;;;0;;;;;0,327632276;0,672367724
2025;6;6;6-10;Aabybro Fjernvarme A.m.b.a.;9440;Aabybro;849;Fjernvarmeværk;329;Aabybro Fjernvarme;Biomasse kedel;Kedel;fvv;2016-04-14 00:00:00;;0;10;skovflis;fast biomasse;;0;;;;1;;;;;;
2025;6;6;6-11;Aabybro Fjernvarme A.m.b.a.;9440;Aabybro;849;Fjernvarmeværk;329;Aabybro Fjernvarme;Solvarme;Solvarme;fvv;2018-09-15 00:00:00;;0;17;solenergi;solenergi;;0;;;;0;;;1;;;
2025;6;6;6-12;Aabybro Fjernvarme A.m.b.a.;9440;Aabybro;849;Fjernvarmeværk;329;Aabybro Fjernvarme;Biomassekedel 2;Kedel;fvv;2024-01-01 00:00:00;;0;12,5;skovflis;fast biomasse;;0;;;;1;;;;;;
2025;6;6;6-8;Aabybro Fjernvarme A.m.b.a.;9440;Aabybro;849;Fjernvarmeværk;329;Aabybro Fjernvarme;Gaskedel 3;Kedel;fvv;1986-01-01 00:00:00;;0;4;Ej i drift i 2025;Ej i drift i 2025;;;;;;;;;;;;
2025;6;6;6-9;Aabybro Fjernvarme A.m.b.a.;9440;Aabybro;849;Fjernvarmeværk;329;Aabybro Fjernvarme;Gaskedel 4;Kedel;fvv;1986-01-01 00:00:00;;0;4;naturgas;naturgas;;0;1;;;0;;;;;;
2025;9;9;9-3;AGERSTED VARMEVÆRK;9330;Dronninglund;810;Decentralt værk;280;Agersted Fjernvarme;Kedelanlæg;Kedel;fvv;1988-01-01 00:00:00;;0;1,86;naturgas;naturgas;;0;1;;;0;;;;;;
2025;9;9;9-5;AGERSTED VARMEVÆRK;9330;Dronninglund;810;Decentralt værk;280;Agersted Fjernvarme;Motor 1;Forbrændingsmotor;kvt;2005-09-20 00:00:00;;1,41;1,9;naturgas;naturgas;;0;1;;;0;;;;;;
2025;9;9;9-6;AGERSTED VARMEVÆRK;9330;Dronninglund;810;Decentralt værk;280;Agersted Fjernvarme;Elkedel;Elpatron;fvv;2022-03-01 00:00:00;;0;1,45;elektricitet;elektricitet;;0;;;;0;;;;;1;
2025;10;10;10-10;Albertslund Kommune;2620;Albertslund;165;Fjernvarmeværk;2;Storkøbenhavns Fjernvarme;Kedel 9;Kedel;fvv;1974-01-01 00:00:00;;0;22,252;gasolie;olie;;1;;;;0;;;;;;
2025;10;10;10-2;Albertslund Kommune;2620;Albertslund;165;Fjernvarmeværk;2;Storkøbenhavns Fjernvarme;Kedel 3 Parca;Kedel;fvv;1971-01-01 00:00:00;;0;23,3;gasolie;olie;;1;;;;0;;;;;;
2025;10;10;10-3;Albertslund Kommune;2620;Albertslund;165;Fjernvarmeværk;2;Storkøbenhavns Fjernvarme;Kedel 4 Falk.b.;Kedel;fvv;1966-01-01 00:00:00;;0;9,3;naturgas;naturgas;;0;1;;;0;;;;;;
2025;10;10;10-4;Albertslund Kommune;2620;Albertslund;165;Fjernvarmeværk;2;Storkøbenhavns Fjernvarme;Kedel 5 Falk.b.;Kedel;fvv;1966-01-01 00:00:00;;0;9,3;naturgas;naturgas;;0;1;;;0;;;;;;
2025;10;10;10-5;Albertslund Kommune;2620;Albertslund;165;Fjernvarmeværk;2;Storkøbenhavns Fjernvarme;Kedel 6 Parca;Kedel;fvv;1968-01-01 00:00:00;;0;21,888;gasolie;olie;;1;;;;0;;;;;;
2025;10;10;10-6;Albertslund Kommune;2620;Albertslund;165;Fjernvarmeværk;2;Storkøbenhavns Fjernvarme;Kedel 7A;Kedel;fvv;1983-01-01 00:00:00;;0;11,6;naturgas;naturgas;;0;1;;;0;;;;;;
2025;10;10;10-7;Albertslund Kommune;2620;Albertslund;165;Fjernvarmeværk;2;Storkøbenhavns Fjernvarme;Kedel 7B;Kedel;fvv;1983-01-01 00:00:00;;0;11,6;gasolie;olie;;0,519240025;0,480759975;;;0;;;;;;
2025;10;10;10-8;Albertslund Kommune;2620;Albertslund;165;Fjernvarmeværk;2;Storkøbenhavns Fjernvarme;Kedel 8A;Kedel;fvv;1983-01-01 00:00:00;;0;11,6;naturgas;naturgas;;0;1;;;0;;;;;;
2025;10;10;10-9;Albertslund Kommune;2620;Albertslund;165;Fjernvarmeværk;2;Storkøbenhavns Fjernvarme;Kedel 8B;Kedel;fvv;1983-01-01 00:00:00;;0;11,6;naturgas;naturgas;;0,012838718;0,987161282;;;0;;;;;;
2025;11;11;11-3;ALLINGÅBRO VARMEVÆRK A M B A;8961;Allingåbro;707;Fjernvarmeværk;219;Allingåbro Fjernvarme;Oliekedel (ny);Kedel;fvv;2007-07-01 00:00:00;2025-01-27 00:00:00;0;5,5;Ej i drift i 2025;Ej i drift i 2025;;;;;;;;;;;;
2025;11;11;11-4;ALLINGÅBRO VARMEVÆRK A M B A;8961;Allingåbro;707;Fjernvarmeværk;219;Allingåbro Fjernvarme;Flis-kedel;Kedel;fvv;2002-10-01 00:00:00;;0;6;skovflis;fast biomasse;;0;;;;1;;;;;;
2025;11;11;11-5;ALLINGÅBRO VARMEVÆRK A M B A;8961;Allingåbro;707;Fjernvarmeværk;219;Allingåbro Fjernvarme;El-Kedel;Elpatron;fvv;2025-03-01 00:00:00;;0;10;elektricitet;elektricitet;;0;;;;0;;;;;1;
2025;11;11;11-6;ALLINGÅBRO VARMEVÆRK A M B A;8961;Allingåbro;707;Fjernvarmeværk;219;Allingåbro Fjernvarme;Varmepumpe 1;Varmepumpe;fvv;2025-03-01 00:00:00;;0;2,193;omgivelsesvarme;omgivelsesvarme;;0;;;;0;;;;;0,351515152;0,648484848
2025;12;12;12-1;ALS FJERNVARME AMBA;9560;Hadsund;846;Fjernvarmeværk;292;Als Fjernvarme;Oliecentral;Kedel;fvv;1965-01-01 00:00:00;;0;5,5;Ej i drift i 2025;Ej i drift i 2025;;;;;;;;;;;;
2025;12;13;13-1;ALS FJERNVARME AMBA;9560;Hadsund;846;Fjernvarmeværk;292;Als Fjernvarme;Halm central;Kedel;fvv;2003-10-01 00:00:00;;0;3,15;halm;fast biomasse;;0;;;;1;;;;;;
2025;12;13;13-2;ALS FJERNVARME AMBA;9560;Hadsund;846;Fjernvarmeværk;292;Als Fjernvarme;Solvarme 6000m2;Solvarme;fvv;2016-04-01 00:00:00;;0;4;solenergi;solenergi;;0;;;;0;;;1;;;
2025;13;1942;1942-2;Egtved Varmeværk A.M.B.A.;6040;Egtved;630;Decentralt værk;141;Egtved Fjernvarme;1 stk. gasmotor;Forbrændingsmotor;kvt;1995-01-01 00:00:00;;3,73;4,22;naturgas;naturgas;;0;1;;;0;;;;;;
2025;13;1942;1942-3;Egtved Varmeværk A.M.B.A.;6040;Egtved;630;Decentralt værk;141;Egtved Fjernvarme;Kedel;Kedel;fvv;2006-07-01 00:00:00;;0;8,5;naturgas;naturgas;;0;1;;;0;;;;;;
2025;13;1942;1942-4;Egtved Varmeværk A.M.B.A.;6040;Egtved;630;Decentralt værk;141;Egtved Fjernvarme;Elkedel;Elpatron;fvv;2012-09-01 00:00:00;;0;4;elektricitet;elektricitet;;0;;;;0;;;;;1;
2025;13;2288;2288-1;Egtved Varmeværk A.M.B.A.;6040;Egtved;630;Fjernvarmeværk;141;Egtved Fjernvarme;Solvarme - 12000m2;Solvarme;fvv;2016-04-01 00:00:00;;0;7;solenergi;solenergi;;0;;;;0;;;1;;;
2025;13;2288;2288-2;Egtved Varmeværk A.M.B.A.;6040;Egtved;630;Fjernvarmeværk;141;Egtved Fjernvarme;Varmepumpe;Varmepumpe Luft;fvv;2020-12-30 00:00:00;;0;2,247;omgivelsesvarme;omgivelsesvarme;;0;;;;0;;;;;0,367923811;0,632076189
2025;13;2288;2288-3;Egtved Varmeværk A.M.B.A.;6040;Egtved;630;Fjernvarmeværk;141;Egtved Fjernvarme;Biomasse kedel;Kedel;fvv;2021-06-01 00:00:00;;0;2;halm;fast biomasse;;0;;;;1;;;;;;
2025;14;15;15-1;Flauenskjold Varmeværk A.m.b.a;9330;Dronninglund;810;Decentralt værk;283;Flauenskjold Fjernvarme;Kraftvarme pro.;Forbrændingsmotor;kvt;1993-01-01 00:00:00;;0,73;0,96;naturgas;naturgas;;0;1;;;0;;;;;;
2025;14;15;15-2;Flauenskjold Varmeværk A.m.b.a;9330;Dronninglund;810;Decentralt værk;283;Flauenskjold Fjernvarme;Kedel pro.;Kedel;fvv;2012-01-01 00:00:00;;0;2,91;naturgas;naturgas;;0;1;;;0;;;;;;
2025;14;15;15-3;Flauenskjold Varmeværk A.m.b.a;9330;Dronninglund;810;Decentralt værk;283;Flauenskjold Fjernvarme;Solvarmeanlæg - 2963m2;Solvarme;fvv;2014-04-01 00:00:00;;0;2,1;solenergi;solenergi;;0;;;;0;;;1;;;
2025;14;15;15-4;Flauenskjold Varmeværk A.m.b.a;9330;Dronninglund;810;Decentralt værk;283;Flauenskjold Fjernvarme;Solvarme 2 - 1000 m2;Solvarme;fvv;2020-07-01 00:00:00;;0;0,7;solenergi;solenergi;;0;;;;0;;;1;;;
2025;14;15;15-5;Flauenskjold Varmeværk A.m.b.a;9330;Dronninglund;810;Decentralt værk;283;Flauenskjold Fjernvarme;varmepumpe;Varmepumpe Luft;fvv;2022-11-01 00:00:00;;0;1,6;omgivelsesvarme;omgivelsesvarme;;0;;;;0;;;;;0,348473379;0,651526621
2025;15;16;16-1;Glamsbjerg-Haarby Varmeværk a.m.b.a.;5620;Glamsbjerg;420;Decentralt værk;77;Glamsbjerg-Haarby Fjernvarme;Kraftvarme;Forbrændingsmotor;kvt;1994-07-01 00:00:00;;3,7;4,2;naturgas;naturgas;;0;1;;;0;;;;;;
2025;15;16;16-2;Glamsbjerg-Haarby Varmeværk a.m.b.a.;5620;Glamsbjerg;420;Decentralt værk;77;Glamsbjerg-Haarby Fjernvarme;Kedel 1;Kedel;fvv;1985-01-01 00:00:00;;0;4,7;naturgas;naturgas;;0;1;;;0;;;;;;
2025;15;16;16-3;Glamsbjerg-Haarby Varmeværk a.m.b.a.;5620;Glamsbjerg;420;Decentralt værk;77;Glamsbjerg-Haarby Fjernvarme;Kedel 2;Kedel;fvv;1994-07-01 00:00:00;;0;3,7;Ej i drift i 2025;Ej i drift i 2025;;;;;;;;;;;;
2025;15;236;236-1;Glamsbjerg-Haarby Varmeværk a.m.b.a.;5683;Haarby;420;Decentralt værk;77;Glamsbjerg-Haarby Fjernvarme;Danstoker 1985 YE-H 83;Kedel;fvv;1985-01-01 00:00:00;;0;5,81;naturgas;naturgas;;0;1;;;0;0;;;;;
2025;15;236;236-2;Glamsbjerg-Haarby Varmeværk a.m.b.a.;5683;Haarby;420;Decentralt værk;77;Glamsbjerg-Haarby Fjernvarme;Hollensen 1988;Kedel;fvv;1988-10-01 00:00:00;;0;3,66;naturgas;naturgas;;0;1;;;0;;;;;;
2025;15;236;236-3;Glamsbjerg-Haarby Varmeværk a.m.b.a.;5683;Haarby;420;Decentralt værk;77;Glamsbjerg-Haarby Fjernvarme;JMS 612 GS-N.LC motor 1;Forbrændingsmotor;kvt;2002-12-01 00:00:00;;1,63;2,3;naturgas;naturgas;;0;1;;;0;;;;;;
2025;15;236;236-4;Glamsbjerg-Haarby Varmeværk a.m.b.a.;5683;Haarby;420;Decentralt værk;77;Glamsbjerg-Haarby Fjernvarme;JMS 612 GS-N.LC motor 2;Forbrændingsmotor;kvt;2002-12-01 00:00:00;;1,63;2,3;naturgas;naturgas;;0;1;;;0;;;;;;
2025;15;1976;1976-1;Glamsbjerg-Haarby Varmeværk a.m.b.a.;5620;Glamsbjerg;420;Fjernvarmeværk;77;Glamsbjerg-Haarby Fjernvarme;Fliskedel;Kedel;fvv;2007-10-22 00:00:00;;0;2;skovflis;fast biomasse;;0;;;;1;;;;;;
2025;15;2290;2290-1;Glamsbjerg-Haarby Varmeværk a.m.b.a.;5620;Glamsbjerg;420;Fjernvarmeværk;77;Glamsbjerg-Haarby Fjernvarme;Fliskedel;Kedel;fvv;2016-01-02 00:00:00;;0;5,8;skovflis;fast biomasse;;0;;;;1;;;;;;
2025;15;2290;2290-2;Glamsbjerg-Haarby Varmeværk a.m.b.a.;5620;Glamsbjerg;420;Fjernvarmeværk;77;Glamsbjerg-Haarby Fjernvarme;Elkedel;Elpatron;fvv;2022-09-29 00:00:00;;0;12;elektricitet;elektricitet;;0;;;;0;;;;;1;
2025;15;2469;2469-1;Glamsbjerg-Haarby Varmeværk a.m.b.a.;5683;Haarby;420;Fjernvarmeværk;77;Glamsbjerg-Haarby Fjernvarme;Varmepumpe VP1-T1;Varmepumpe Luft;fvv;2024-10-01 00:00:00;;0;1,319;omgivelsesvarme;omgivelsesvarme;;0;;;;0;;;;;0,319355678;0,680644322
2025;16;17;17-1;Energi Ikast Varme A/S;7430;Ikast;756;Fjernvarmeværk;163;Herning-Ikast Fjernvarme;Kedel 1;Kedel;fvv;2005-05-01 00:00:00;;0;12;naturgas;naturgas;;0;1;;;0;;;;;;
2025;16;17;17-2;Energi Ikast Varme A/S;7430;Ikast;756;Fjernvarmeværk;163;Herning-Ikast Fjernvarme;Kedel 2;Kedel;fvv;2005-05-01 00:00:00;;0;12;naturgas;naturgas;;0;1;;;0;;;;;;
2025;16;17;17-3;Energi Ikast Varme A/S;7430;Ikast;756;Fjernvarmeværk;163;Herning-Ikast Fjernvarme;Kedel 3;Kedel;fvv;1997-12-01 00:00:00;;0;13;gasolie;olie;;1;;;;0;;;;;;
2025;16;17;17-4;Energi Ikast Varme A/S;7430;Ikast;756;Fjernvarmeværk;163;Herning-Ikast Fjernvarme;Kedel 4;Kedel;fvv;1997-12-01 00:00:00;;0;11;naturgas;naturgas;;0;1;;;0;;;;;;
2025;16;18;18-1;Energi Ikast Varme A/S;7430;Ikast;756;Decentralt værk;163;Herning-Ikast Fjernvarme;Isenvand (Kedel);Kedel;fvv;1977-06-01 00:00:00;;0;2,32;naturgas;naturgas;;0;1;;;0;;;;;;
2025;16;18;18-2;Energi Ikast Varme A/S;7430;Ikast;756;Decentralt værk;163;Herning-Ikast Fjernvarme;Isenvad (motor);Forbrændingsmotor;kvt;2006-08-15 00:00:00;;1,42;1,72;naturgas;naturgas;;0;1;;;0;;;;;;
2025;16;18;18-3;Energi Ikast Varme A/S;7430;Ikast;756;Decentralt værk;163;Herning-Ikast Fjernvarme;Solvarme (3.011 m2);Solvarme;fvv;2014-08-13 00:00:00;;0;2,1;solenergi;solenergi;;0;;;;0;;;1;;;
2025;16;18;18-4;Energi Ikast Varme A/S;7430;Ikast;756;Decentralt værk;163;Herning-Ikast Fjernvarme;Fenagy Luft/vand varmepumpe;Varmepumpe Luft;fvv;2024-03-04 00:00:00;;0;1,28;omgivelsesvarme;omgivelsesvarme;;0;;;;0;;;;;0,313493934;0,686506066
2025;16;57;57-3;Energi Ikast Varme A/S;7441;Bording;756;Decentralt værk;163;Herning-Ikast Fjernvarme;Caterpillar gasmotor 1;Forbrændingsmotor;kvt;1996-12-01 00:00:00;;1,04;1,5;naturgas;naturgas;;0;1;;;0;;;;;;
2025;16;57;57-4;Energi Ikast Varme A/S;7441;Bording;756;Decentralt værk;163;Herning-Ikast Fjernvarme;Caterpillar gasmotor 2;Forbrændingsmotor;kvt;1996-12-01 00:00:00;;1,04;1,5;naturgas;naturgas;;0;1;;;0;;;;;;
2025;16;57;57-5;Energi Ikast Varme A/S;7441;Bording;756;Decentralt værk;163;Herning-Ikast Fjernvarme;Caterpillar gasmotor 3;Forbrændingsmotor;kvt;1996-12-01 00:00:00;;1,04;1,5;naturgas;naturgas;;0;1;;;0;;;;;;
2025;16;57;57-6;Energi Ikast Varme A/S;7441;Bording;756;Decentralt værk;163;Herning-Ikast Fjernvarme;Caterpillar gasmotor 4;Forbrændingsmotor;kvt;1996-12-01 00:00:00;;1,04;1,5;naturgas;naturgas;;0;1;;;0;;;;;;
2025;16;57;57-7;Energi Ikast Varme A/S;7441;Bording;756;Decentralt værk;163;Herning-Ikast Fjernvarme;Hollesen gaskedel;Kedel;fvv;1989-01-01 00:00:00;;0;5;naturgas;naturgas;;0;1;;;0;;;;;;
2025;16;92;92-1;Energi Ikast Varme A/S;7442;Engesvang;756;Decentralt værk;174;Engesvang-Moselund Fjernvarme;Kedelcentral;Kedel;fvv;1981-07-01 00:00:00;;0;7,66;naturgas;naturgas;;0;1;;;0;;;;;;
2025;16;92;92-2;Energi Ikast Varme A/S;7442;Engesvang;756;Decentralt værk;174;Engesvang-Moselund Fjernvarme;Kraftvarmeanlæg;Forbrændingsmotor;kvt;1995-01-01 00:00:00;;3,06;3,57;naturgas;naturgas;;0;1;;;0;;;;;;
2025;16;2237;2237-1;Energi Ikast Varme A/S;7442;Engesvang;756;Fjernvarmeværk;174;Engesvang-Moselund Fjernvarme;Fliskedel;Kedel;fvv;2015-12-01 00:00:00;;0;2;trae- og biomasseaffald;fast biomasse;;0;;;;1;;;;;;
2025;16;2392;2392-1;Energi Ikast Varme A/S;7441;Bording;756;Fjernvarmeværk;163;Herning-Ikast Fjernvarme;Varmepumpe(el/gas) - luft-vand;Varmepumpe Kombi;fvv;2020-01-01 00:00:00;;0;4;omgivelsesvarme;omgivelsesvarme;;0;;;;0;;;;;0,308334451;0,691665549
2025;18;22;22-1;Løgten-Skødstrup Fjernvarme Amba;8541;Skødstrup;751;Fjernvarmeværk;206;Århus Fjernvarme;Løgtencentralen;Kedel;fvv;1969-01-01 00:00:00;;0;11,5;Ej i drift i 2025;Ej i drift i 2025;;;;;;;;;;;;
2025;18;23;23-1;Løgten-Skødstrup Fjernvarme Amba;8541;Skødstrup;751;Fjernvarmeværk;206;Århus Fjernvarme;Skødstrupcentralen;Kedel;fvv;1968-01-01 00:00:00;;0;10;Ej i drift i 2025;Ej i drift i 2025;;;;;;;;;;;;
2025;20;25;25-1;Nykøbing Sj Varmeværk A.M.B.A;4500;Nykøbing Sj;306;Decentralt værk;33;Nykøbing Sjælland Fjernvarme;Motor 1;Forbrændingsmotor;kvt;1992-09-21 00:00:00;;1;1,7;naturgas;naturgas;;0;1;;;0;;;;;;
2025;20;25;25-2;Nykøbing Sj Varmeværk A.M.B.A;4500;Nykøbing Sj;306;Decentralt værk;33;Nykøbing Sjælland Fjernvarme;Motor 2;Forbrændingsmotor;kvt;1992-10-27 00:00:00;;1;1,7;naturgas;naturgas;;0;1;;;0;;;;;;
2025;20;25;25-3;Nykøbing Sj Varmeværk A.M.B.A;4500;Nykøbing Sj;306;Decentralt værk;33;Nykøbing Sjælland Fjernvarme;Motor 3;Forbrændingsmotor;kvt;1992-09-21 00:00:00;;1;1,7;naturgas;naturgas;;0;1;;;0;;;;;;
2025;20;25;25-4;Nykøbing Sj Varmeværk A.M.B.A;4500;Nykøbing Sj;306;Decentralt værk;33;Nykøbing Sjælland Fjernvarme;Motor 4;Forbrændingsmotor;kvt;1992-10-27 00:00:00;;1;1,7;naturgas;naturgas;;0;1;;;0;;;;;;
2025;20;25;25-5;Nykøbing Sj Varmeværk A.M.B.A;4500;Nykøbing Sj;306;Decentralt værk;33;Nykøbing Sjælland Fjernvarme;Motor 5;Forbrændingsmotor;kvt;1996-07-31 00:00:00;;1;1,7;naturgas;naturgas;;0;1;;;0;;;;;;
2025;20;25;25-6;Nykøbing Sj Varmeværk A.M.B.A;4500;Nykøbing Sj;306;Decentralt værk;33;Nykøbing Sjælland Fjernvarme;Gaskedel;Kedel;fvv;1992-01-01 00:00:00;;0;11;naturgas;naturgas;;0;1;;;0;;;;;;
2025;20;25;25-7;Nykøbing Sj Varmeværk A.M.B.A;4500;Nykøbing Sj;306;Decentralt værk;33;Nykøbing Sjælland Fjernvarme;Oliekedel 2;Kedel;fvv;1989-01-01 00:00:00;;0;7,5;gasolie;olie;;1;;;;0;;;;;;
2025;20;25;25-8;Nykøbing Sj Varmeværk A.M.B.A;4500;Nykøbing Sj;306;Decentralt værk;33;Nykøbing Sjælland Fjernvarme;Oliekedel 3;Kedel;fvv;1989-01-01 00:00:00;;0;4;Ej i drift i 2025;Ej i drift i 2025;;;;;;;;;;;;
2025;20;1223;1223-1;Nykøbing Sj Varmeværk A.M.B.A;4500;Nykøbing Sj;306;Decentralt værk;33;Nykøbing Sjælland Fjernvarme;Gasmotor Generator (GG01);Forbrændingsmotor;kvt;1995-02-01 00:00:00;;0,58;0,82;naturgas;naturgas;;0;1;;;0;;;;;;
2025;20;1223;1223-2;Nykøbing Sj Varmeværk A.M.B.A;4500;Nykøbing Sj;306;Decentralt værk;33;Nykøbing Sjælland Fjernvarme;Gasmotor Generator (GG02);Forbrændingsmotor;kvt;1995-02-01 00:00:00;2025-02-10 00:00:00;0,58;0,82;Ej i drift i 2025;Ej i drift i 2025;;;;;;;;;;;;
2025;20;1223;1223-3;Nykøbing Sj Varmeværk A.M.B.A;4500;Nykøbing Sj;306;Decentralt værk;33;Nykøbing Sjælland Fjernvarme;Kedel 1;Kedel;fvv;1994-12-01 00:00:00;;0;1,8;Ej i drift i 2025;Ej i drift i 2025;;;;;;;;;;;;
2025;20;1223;1223-4;Nykøbing Sj Varmeværk A.M.B.A;4500;Nykøbing Sj;306;Decentralt værk;33;Nykøbing Sjælland Fjernvarme;Kedel 2;Kedel;fvv;1994-12-01 00:00:00;;0;1,8;naturgas;naturgas;;0;1;;;0;;;;;;
2025;20;2000;2000-1;Nykøbing Sj Varmeværk A.M.B.A;4500;Nykøbing Sj;306;Fjernvarmeværk;33;Nykøbing Sjælland Fjernvarme;Træpillekedel;Kedel;fvv;2008-01-31 00:00:00;;0;0,9;traepiller;fast biomasse;;0;;;;1;;;;;;
2025;20;2225;2225-1;Nykøbing Sj Varmeværk A.M.B.A;4500;Nykøbing Sjælland;306;Fjernvarmeværk;33;Nykøbing Sjælland Fjernvarme;Solvarmeanlæg - 20000m2;Solvarme;fvv;2014-06-01 00:00:00;;0;14,1;solenergi;solenergi;;0;;;;0;;;1;;;
2025;20;2225;2225-2;Nykøbing Sj Varmeværk A.M.B.A;4500;Nykøbing Sjælland;306;Fjernvarmeværk;33;Nykøbing Sjælland Fjernvarme;Solvarme (4914 m2);Solvarme;fvv;2019-07-01 00:00:00;;0;3,5;solenergi;solenergi;;0;;;;0;;;1;;;
2025;20;2225;2225-3;Nykøbing Sj Varmeværk A.M.B.A;4500;Nykøbing Sjælland;306;Fjernvarmeværk;33;Nykøbing Sjælland Fjernvarme;Elkedel;Elpatron;fvv;2020-10-01 00:00:00;;0;10;elektricitet;elektricitet;;0;;;;0;;;;;1;
2025;20;2225;2225-4;Nykøbing Sj Varmeværk A.M.B.A;4500;Nykøbing Sjælland;306;Fjernvarmeværk;33;Nykøbing Sjælland Fjernvarme;Varmepumpe;Varmepumpe Luft;fvv;2024-02-01 00:00:00;;0;6,6;omgivelsesvarme;omgivelsesvarme;;0;;;;0;;;;;0,353738891;0,646261109
2025;21;26;26-1;ANDELSSELSKABET OKSBØL VARMEVÆRK;6840;Oksbøl;573;Decentralt værk;122;Oksbøl Fjernvarme;Gaskedel;Kedel;fvv;1994-12-01 00:00:00;;0;4,4;Ej i drift i 2025;Ej i drift i 2025;;;;;;;;;;;;
2025;21;26;26-3;ANDELSSELSKABET OKSBØL VARMEVÆRK;6840;Oksbøl;573;Decentralt værk;122;Oksbøl Fjernvarme;Motor 1, 20.060;Forbrændingsmotor;kvt;1994-12-01 00:00:00;;2,75;3,75;naturgas;naturgas;;0;1;;;0;;;;;;
2025;21;26;26-4;ANDELSSELSKABET OKSBØL VARMEVÆRK;6840;Oksbøl;573;Decentralt værk;122;Oksbøl Fjernvarme;Motor 2, 20.061;Forbrændingsmotor;kvt;1994-12-01 00:00:00;;2,75;3,75;naturgas;naturgas;;0;1;;;0;;;;;;
2025;21;26;26-6;ANDELSSELSKABET OKSBØL VARMEVÆRK;6840;Oksbøl;573;Decentralt værk;122;Oksbøl Fjernvarme;Solvarmeanlæg - 14745 m2 (ikke kvoteomfa;Solvarme;fvv;2010-09-01 00:00:00;;0;6,5;solenergi;solenergi;;0;;;;0;;;1;;;
2025;21;26;26-7;ANDELSSELSKABET OKSBØL VARMEVÆRK;6840;Oksbøl;573;Decentralt værk;122;Oksbøl Fjernvarme;Elkedel;Elpatron;fvv;2021-04-12 00:00:00;;0;7,84;elektricitet;elektricitet;;0;;;;0;;;;;1;
2025;21;2453;2453-1;ANDELSSELSKABET OKSBØL VARMEVÆRK;6840;Oksbøl;573;Fjernvarmeværk;122;Oksbøl Fjernvarme;Fliskedel;Kedel;fvv;2023-10-18 00:00:00;;0;8,5;skovflis;fast biomasse;;0;;;;1;;;;;;
2025;22;27;27-1;PADBORG FJERNVARME A.M.B.A.;6330;Padborg;580;Fjernvarmeværk;97;Padborg-Bov Fjernvarme;Kedelanlæg;Kedel;fvv;1998-11-01 00:00:00;;0;14;Ej i drift i 2025;Ej i drift i 2025;;;;;;;;;;;;
2025;22;27;27-2;PADBORG FJERNVARME A.M.B.A.;6330;Padborg;580;Fjernvarmeværk;97;Padborg-Bov Fjernvarme;Pladevarmeveksler/import-Flen;Anden;fvv;1983-12-01 00:00:00;;0;10,5;braendselsfrit;braendselsfrit;;0;;;;0;;1;;;;
2025;22;2295;2295-1;PADBORG FJERNVARME A.M.B.A.;6330;Padborg;580;Fjernvarmeværk;97;Padborg-Bov Fjernvarme;Solvarmeanlæg - 13891m2;Solvarme;fvv;2016-03-01 00:00:00;;0;10;solenergi;solenergi;;0;;;;0;;;1;;;
2025;22;2295;2295-2;PADBORG FJERNVARME A.M.B.A.;6330;Padborg;580;Fjernvarmeværk;97;Padborg-Bov Fjernvarme;El-Kedel;Elpatron;fvv;2024-03-01 00:00:00;;0;8;elektricitet;elektricitet;;0;;;;0;;;;;1;
2025;22;2425;2425-1;PADBORG FJERNVARME A.M.B.A.;6340;Kruså;580;Fjernvarmeværk;97;Padborg-Bov Fjernvarme;Varmepumpe spildevand;Varmepumpe Spildevand;fvv;2021-01-01 00:00:00;;0;1,2;omgivelsesvarme;omgivelsesvarme;;0;;;;0;;;;;0,401773585;0,598226415
2025;23;28;28-1;SDR FELDING VARMEVÆRK;7280;Sønder Felding;657;Fjernvarmeværk;197;Sønder Felding Fjernvarme;Olie-kedel;Kedel;fvv;1997-12-01 00:00:00;;0;4;gasolie;olie;;1;;;;0;;;;;;
2025;23;28;28-2;SDR FELDING VARMEVÆRK;7280;Sønder Felding;657;Fjernvarmeværk;197;Sønder Felding Fjernvarme;EuroTherm Fliskedel+ røggaskøler;Kedel;fvv;2004-01-01 00:00:00;;0;4;skovflis;fast biomasse;;0;;;;1;;;;;;
2025;23;28;28-4;SDR FELDING VARMEVÆRK;7280;Sønder Felding;657;Fjernvarmeværk;197;Sønder Felding Fjernvarme;Varmepumpe Luft;Varmepumpe Luft;fvv;2022-08-01 00:00:00;;0;3,3;omgivelsesvarme;omgivelsesvarme;;0;;;;0;;;;;0,374208064;0,625791936
2025;23;28;28-5;SDR FELDING VARMEVÆRK;7280;Sønder Felding;657;Fjernvarmeværk;197;Sønder Felding Fjernvarme;Elkedel;Elpatron;fvv;2022-08-01 00:00:00;;0;10;elektricitet;elektricitet;;0;;;;0;;;;;1;
2025;24;29;29-1;Tistrup Varmeværk A.m.b.a;6862;Tistrup;573;Decentralt værk;137;Tistrup Fjernvarme;Kedel VR;Kedel;fvv;1964-08-19 00:00:00;;0;3,95;naturgas;naturgas;;0;1;;;0;;;;;;
2025;24;29;29-3;Tistrup Varmeværk A.m.b.a;6862;Tistrup;573;Decentralt værk;137;Tistrup Fjernvarme;Catepillar 3516 Motor 1;Forbrændingsmotor;kvt;1998-02-24 00:00:00;;1,05;1,51;naturgas;naturgas;;0;1;;;0;;;;;;
2025;24;29;29-4;Tistrup Varmeværk A.m.b.a;6862;Tistrup;573;Decentralt værk;137;Tistrup Fjernvarme;Catepillar 3516 Motor 2;Forbrændingsmotor;kvt;1998-02-24 00:00:00;;1,05;1,51;naturgas;naturgas;;0;1;;;0;;;;;;
2025;24;29;29-5;Tistrup Varmeværk A.m.b.a;6862;Tistrup;573;Decentralt værk;137;Tistrup Fjernvarme;Solvarmeanlæg - 5409 m2;Solvarme;fvv;2011-01-01 00:00:00;;0;3,6;solenergi;solenergi;;0;;;;0;;;1;;;
2025;24;29;29-6;Tistrup Varmeværk A.m.b.a;6862;Tistrup;573;Decentralt værk;137;Tistrup Fjernvarme;Elkedel;Elpatron;fvv;2023-01-01 00:00:00;;0;2,4;elektricitet;elektricitet;;0;;;;0;;;;;1;
2025;25;30;30-1;TRANUM VARMEVÆRK;9460;Brovst;849;Decentralt værk;275;Tranum Fjernvarme;Kedel;Kedel;fvv;1995-01-01 00:00:00;;0;1,45;naturgas;naturgas;;0;1;;;0;;;;;;
2025;25;30;30-2;TRANUM VARMEVÆRK;9460;Brovst;849;Decentralt værk;275;Tranum Fjernvarme;Forbrændingsmotor;Forbrændingsmotor;kvt;1995-01-01 00:00:00;;0,74;1,06;naturgas;naturgas;;0;1;;;0;;;;;;
2025;25;30;30-3;TRANUM VARMEVÆRK;9460;Brovst;849;Decentralt værk;275;Tranum Fjernvarme;Varmepumpe;Varmepumpe Luft;fvv;2020-04-01 00:00:00;;0;0,956;omgivelsesvarme;omgivelsesvarme;;0;;;;0;;;;;0,350084659;0,649915341
2025;29;33;33-1;Vejle Fjernvarme A M B A;7100;Vejle;630;Fjernvarmeværk;81;TVIS;Kedel 1;Kedel;fvv;1965-01-01 00:00:00;;0;5;Ej i drift i 2025;Ej i drift i 2025;;;;;;;;;;;;
2025;29;33;33-2;Vejle Fjernvarme A M B A;7100;Vejle;630;Fjernvarmeværk;81;TVIS;Kedel 2;Kedel;fvv;1965-01-01 00:00:00;;0;7,87;Ej i drift i 2025;Ej i drift i 2025;;;;;;;;;;;;
2025;29;33;33-3;Vejle Fjernvarme A M B A;7100;Vejle;630;Fjernvarmeværk;81;TVIS;Kedel 3;Kedel;fvv;1967-01-01 00:00:00;;0;7,87;Ej i drift i 2025;Ej i drift i 2025;;;;;;;;;;;;
2025;29;33;33-4;Vejle Fjernvarme A M B A;7100;Vejle;630;Fjernvarmeværk;81;TVIS;Kedel 4;Kedel;fvv;1968-01-01 00:00:00;;0;10;Ej i drift i 2025;Ej i drift i 2025;;;;;;;;;;;;
2025;29;33;33-5;Vejle Fjernvarme A M B A;7100;Vejle;630;Fjernvarmeværk;81;TVIS;Kedel 5;Kedel;fvv;1977-01-01 00:00:00;;0;12,49;naturgas;naturgas;;0;1;;;0;;;;;;
2025;29;1907;1907-1;Vejle Fjernvarme A M B A;7100;Vejle;630;Fjernvarmeværk;81;TVIS;Kedel 1;Kedel;fvv;2013-08-01 00:00:00;;0;12;naturgas;naturgas;;0;1;;;0;;;;;;
2025;29;1907;1907-2;Vejle Fjernvarme A M B A;7100;Vejle;630;Fjernvarmeværk;81;TVIS;Kedel 2;Kedel;fvv;2013-08-01 00:00:00;;0;12;Ej i drift i 2025;Ej i drift i 2025;;;;;;;;;;;;
2025;29;1907;1907-3;Vejle Fjernvarme A M B A;7100;Vejle;630;Fjernvarmeværk;81;TVIS;Kedel 3;Kedel;fvv;1996-01-01 00:00:00;;0;12;Ej i drift i 2025;Ej i drift i 2025;;;;;;;;;;;;
2025;29;2070;2070-1;Vejle Fjernvarme A M B A;7100;Vejle;630;Fjernvarmeværk;81;TVIS;Central Toldbodvej;Kedel;fvv;2010-12-01 00:00:00;;0;15;gasolie;olie;;1;;;;0;;;;;;
2025;29;2194;2194-1;Vejle Fjernvarme A M B A;7100;Vejle;630;Fjernvarmeværk;81;TVIS;Kedel 1;Kedel;fvv;2014-09-15 00:00:00;;0;5;naturgas;naturgas;;0;1;;;0;;;;;;
2025;29;2194;2194-2;Vejle Fjernvarme A M B A;7100;Vejle;630;Fjernvarmeværk;81;TVIS;Kedel 2;Kedel;fvv;2014-09-15 00:00:00;;0;5;Ej i drift i 2025;Ej i drift i 2025;;;;;;;;;;;;
2025;32;38;38-2;ØSTERVRÅ VARMEVÆRK AMBA;9750;Østervrå;813;Decentralt værk;327;Hørby Fjernvarme;Østervrå Varmeværk;Kedel;fvv;2012-01-01 00:00:00;;0;6,3;naturgas;naturgas;;0;1;;;0;;;;;;
2025;32;38;38-3;ØSTERVRÅ VARMEVÆRK AMBA;9750;Østervrå;813;Decentralt værk;327;Hørby Fjernvarme;Østervrå varmeværk - motor;Forbrændingsmotor;kvt;2004-09-15 00:00:00;;3,05;3,7;naturgas;naturgas;;0;1;;;0;;;;;;
2025;32;38;38-4;ØSTERVRÅ VARMEVÆRK AMBA;9750;Østervrå;813;Decentralt værk;327;Hørby Fjernvarme;Elkedel (ikke kvoteomfattet);Elpatron;fvv;2010-09-15 00:00:00;;0;1,5;elektricitet;elektricitet;;0;;;;0;;;;;1;
2025;32;38;38-5;ØSTERVRÅ VARMEVÆRK AMBA;9750;Østervrå;813;Decentralt værk;327;Hørby Fjernvarme;Østervrå Varmeværk;Elpatron;fvv;2012-01-01 00:00:00;;0;1,5;elektricitet;elektricitet;;0;;;;0;;;;;1;
2025;32;38;38-6;ØSTERVRÅ VARMEVÆRK AMBA;9750;Østervrå;813;Decentralt værk;327;Hørby Fjernvarme;Luft/vand varmepumpe;Varmepumpe Luft;fvv;2022-07-01 00:00:00;;0;1,4;omgivelsesvarme;omgivelsesvarme;;0;;;;0;;;;;0,339406623;0,660593377
2025;34;40;40-2;Bornholms El-Produktion A/S;3700;Rønne;400;Centralt værk;68;Rønne Fjernvarme;Det gamle dieselværk;Forbrændingsmotor;cel;1972-01-01 00:00:00;;19,6;0;gasolie;olie;;1;;;;0;;;;;;
2025;34;40;40-3;Bornholms El-Produktion A/S;3700;Rønne;400;Centralt værk;68;Rønne Fjernvarme;Blok 5;Dampturbine;cel;1974-01-01 00:00:00;;27,5;0;fuelolie;olie;;1;;;;0;;;;;;
2025;34;40;40-4;Bornholms El-Produktion A/S;3700;Rønne;400;Centralt værk;68;Rønne Fjernvarme;Blok 6;Dampturbine;cev;1995-01-01 00:00:00;;37;35;skovflis;fast biomasse;0;0,021760028;;;;0,978239972;;;;;;
2025;34;40;40-5;Bornholms El-Produktion A/S;3700;Rønne;400;Centralt værk;68;Rønne Fjernvarme;Blok 7;Forbrændingsmotor;cel;2007-08-01 00:00:00;;15;0;gasolie;olie;;1;;;;0;;;;;;
2025;34;40;40-6;Bornholms El-Produktion A/S;3700;Rønne;400;Centralt værk;68;Rønne Fjernvarme;Hjælpedampkedel;Dampkedel;fvv;1995-01-01 00:00:00;;0;0;gasolie;olie;;1;;;;0;;;;;;
2025;35;41;41-2;Ans Kraftvarmeværk A M B A;8643;Ans By;740;Decentralt værk;243;Ans Fjernvarme;kedel;Kedel;fvv;1987-10-01 00:00:00;;0;4;naturgas;naturgas;;0;1;;;0;;;;;;
2025;35;41;41-3;Ans Kraftvarmeværk A M B A;8643;Ans By;740;Decentralt værk;243;Ans Fjernvarme;Motor;Forbrændingsmotor;kvt;2007-09-01 00:00:00;;2,5;3,3;naturgas;naturgas;;0;1;;;0;;;;;;
2025;35;41;41-4;Ans Kraftvarmeværk A M B A;8643;Ans By;740;Decentralt værk;243;Ans Fjernvarme;El-kedel AEA;Elpatron;fvv;2024-01-01 00:00:00;;0;3,6;elektricitet;elektricitet;;0;;;;0;;;;;1;
2025;36;42;42-1;ANSAGER VARMEVÆRK;6823;Ansager;573;Fjernvarmeværk;139;Ansager Fjernvarme;Træpillekedler;Kedel;fvv;1995-05-01 00:00:00;;0;3;traepiller;fast biomasse;;0;;;;1;;;;;;
2025;36;1994;1994-1;ANSAGER VARMEVÆRK;6823;Ansager;573;Fjernvarmeværk;139;Ansager Fjernvarme;Fliskedel;Kedel;fvv;2008-04-01 00:00:00;;0;4;skovflis;fast biomasse;;0;;;;1;;;;;;
2025;36;1994;1994-2;ANSAGER VARMEVÆRK;6823;Ansager;573;Fjernvarmeværk;139;Ansager Fjernvarme;Oliekedel;Kedel;fvv;2010-11-01 00:00:00;;0;5;Ej i drift i 2025;Ej i drift i 2025;;;;;;;;;;;;
2025;38;1432;1432-1;ARDEN VARMEVÆRK AMBA;9510;Arden;846;Decentralt værk;272;Arden Fjernvarme;Motor Jenbacher;Forbrændingsmotor;kvt;1998-01-05 00:00:00;;2,76;3,61;naturgas;naturgas;;0;1;;;0;;;;;;
2025;38;1432;1432-3;ARDEN VARMEVÆRK AMBA;9510;Arden;846;Decentralt værk;272;Arden Fjernvarme;Hellesen Gaskedel;Kedel;fvv;1998-01-05 00:00:00;;0;4;naturgas;naturgas;;0;1;;;0;;;;;;
2025;38;1432;1432-4;ARDEN VARMEVÆRK AMBA;9510;Arden;846;Decentralt værk;272;Arden Fjernvarme;Biokedel;Kedel;fvv;2023-04-01 00:00:00;;0;1;traepiller;fast biomasse;;0;;;;1;;;;;;
2025;39;44;44-1;Asaa Fjernvarme;9340;Asaa;810;Decentralt værk;281;Aså Fjernvarme;Kedel 1 - gaskedel;Kedel;fvv;1988-01-01 00:00:00;;0;4,6;naturgas;naturgas;;0;1;;;0;;;;;;
2025;39;44;44-4;Asaa Fjernvarme;9340;Asaa;810;Decentralt værk;281;Aså Fjernvarme;Bergen;Forbrændingsmotor;kvt;1993-01-01 00:00:00;;2;2,4;naturgas;naturgas;;0;1;;;0;;;;;;
2025;39;44;44-5;Asaa Fjernvarme;9340;Asaa;810;Decentralt værk;281;Aså Fjernvarme;Jenbacher;Forbrændingsmotor;kvt;1999-01-10 00:00:00;;0,92;1,4;naturgas;naturgas;;0;1;;;0;;;;;;
2025;39;44;44-6;Asaa Fjernvarme;9340;Asaa;810;Decentralt værk;281;Aså Fjernvarme;Solvarmeanlæg (5695 m2);Solvarme;fvv;2014-10-01 00:00:00;;0;4;solenergi;solenergi;;0;;;;0;;;1;;;
2025;39;44;44-7;Asaa Fjernvarme;9340;Asaa;810;Decentralt værk;281;Aså Fjernvarme;Varmepumpe;Varmepumpe Anden;fvv;2020-06-09 00:00:00;;0;2,15;omgivelsesvarme;omgivelsesvarme;;0;;;;0;;;;;0,323405427;0,676594573
2025;41;46;46-1;AUNING VARMEVÆRK A M B A;8963;Auning;707;Fjernvarmeværk;227;Auning Fjernvarme;Halmkedel;Kedel;fvv;1992-01-01 00:00:00;;0;3,15;halm;fast biomasse;;0;;;;1;;;;;;
2025;41;46;46-3;AUNING VARMEVÆRK A M B A;8963;Auning;707;Fjernvarmeværk;227;Auning Fjernvarme;Oliekedel 1;Kedel;fvv;1980-06-30 00:00:00;;0;2,91;Ej i drift i 2025;Ej i drift i 2025;;;;;;;;;;;;
2025;41;46;46-4;AUNING VARMEVÆRK A M B A;8963;Auning;707;Fjernvarmeværk;227;Auning Fjernvarme;Oliekedel 2;Kedel;fvv;1978-06-30 00:00:00;;0;2;Ej i drift i 2025;Ej i drift i 2025;;;;;;;;;;;;
2025;41;46;46-5;AUNING VARMEVÆRK A M B A;8963;Auning;707;Fjernvarmeværk;227;Auning Fjernvarme;Halmkedel;Kedel;fvv;2001-01-01 00:00:00;;0;5;halm;fast biomasse;;0;;;;1;;;;;;
2025;41;46;46-6;AUNING VARMEVÆRK A M B A;8963;Auning;707;Fjernvarmeværk;227;Auning Fjernvarme;VERDO Halmkedel;Kedel;fvv;2020-01-12 00:00:00;;0;12;halm;fast biomasse;;0;;;;1;;;;;;
2025;42;2379;2379-1;Balling-Rødding Varmeværk A.m.b.a.;7860;Spøttrup;779;Fjernvarmeværk;256;Balling-Rødding Fjernvarmenet;Flis kedel med ABS-varmepumpe;Kedel;fvv;2019-11-12 00:00:00;;0;5,556;skovflis;fast biomasse;;0;;;;1;;;;;;
2025;42;2379;2379-3;Balling-Rødding Varmeværk A.m.b.a.;7860;Spøttrup;779;Fjernvarmeværk;256;Balling-Rødding Fjernvarmenet;Solvarme;Solvarme;fvv;2019-06-20 00:00:00;;0;8,4;solenergi;solenergi;;0;;;;0;;;1;;;
2025;42;2379;2379-4;Balling-Rødding Varmeværk A.m.b.a.;7860;Spøttrup;779;Fjernvarmeværk;256;Balling-Rødding Fjernvarmenet;Olie kedel;Kedel;fvv;2019-10-02 00:00:00;;0;7,5;gasolie;olie;;1;;;;0;;;;;;
2025;43;48;48-1;Bedsted Fjernvarme;7755;Bedsted Thy;787;Fjernvarmeværk;258;Bedsted Fjernvarme;Fjerneren;Kedel;fvv;1963-01-01 00:00:00;;0;5,5;gasolie;olie;;0,61928934;;;;0,38071066;;;;;;
2025;43;2454;2454-1;Bedsted Fjernvarme;7755;Bedsted Thy;787;Fjernvarmeværk;258;Bedsted Fjernvarme;Varmepumpe;Varmepumpe;fvv;2023-03-01 00:00:00;;0;1,2;omgivelsesvarme;omgivelsesvarme;;0;;;;0;;;;;0,370300158;0,629699842
2025;43;2454;2454-2;Bedsted Fjernvarme;7755;Bedsted Thy;787;Fjernvarmeværk;258;Bedsted Fjernvarme;Elkedel;Elpatron;fvv;2023-03-01 00:00:00;;0;8;elektricitet;elektricitet;;0;;;;0;;;;;1;
2025;44;49;49-2;BINDSLEV FJERNVARME A M B A;9881;Bindslev;860;Decentralt værk;315;Sindal Fjernvarme (inkl. Bindslev fra 2021);Bindslev Fjernvarme;Kedel;fvv;2011-01-01 00:00:00;;0;4,15;naturgas;naturgas;;0;1;;;0;;;;;;
2025;44;49;49-3;BINDSLEV FJERNVARME A M B A;9881;Bindslev;860;Decentralt værk;315;Sindal Fjernvarme (inkl. Bindslev fra 2021);Jenbacher 620 ;Forbrændingsmotor;kvt;2004-06-25 00:00:00;;3,05;3,62;naturgas;naturgas;;0;1;;;0;;;;;;
2025;45;50;50-1;BRAMMING FJERNVARME AMBA;6740;Bramming;561;Decentralt værk;123;Bramming Fjernvarme;M1 Cat 3612;Forbrændingsmotor;kvt;1994-01-01 00:00:00;;2,88;3,65;naturgas;naturgas;;0;1;;;0;;;;;;
2025;45;50;50-10;BRAMMING FJERNVARME AMBA;6740;Bramming;561;Decentralt værk;123;Bramming Fjernvarme;Gas Kedel;Kedel;fvv;2021-11-01 00:00:00;;0;17,416;naturgas;naturgas;;0;1;;;0;;;;;;
2025;45;50;50-2;BRAMMING FJERNVARME AMBA;6740;Bramming;561;Decentralt værk;123;Bramming Fjernvarme;M2 Cat 3612;Forbrændingsmotor;kvt;1994-01-01 00:00:00;;2,88;3,65;naturgas;naturgas;;0;1;;;0;;;;;;
2025;45;50;50-3;BRAMMING FJERNVARME AMBA;6740;Bramming;561;Decentralt værk;123;Bramming Fjernvarme;M3 Cat 3616;Forbrændingsmotor;kvt;1994-01-01 00:00:00;;3,85;4,56;naturgas;naturgas;;0;1;;;0;;;;;;
2025;45;50;50-6;BRAMMING FJERNVARME AMBA;6740;Bramming;561;Decentralt værk;123;Bramming Fjernvarme;M4 Cat G34CM;Forbrændingsmotor;kvt;2000-12-08 00:00:00;;5,95;6,77;naturgas;naturgas;;0;1;;;0;;;;;;
2025;45;50;50-9;BRAMMING FJERNVARME AMBA;6740;Bramming;561;Decentralt værk;123;Bramming Fjernvarme;ELKEDEL;Elpatron;fvv;2018-06-10 00:00:00;;0;11,2;elektricitet;elektricitet;;0;;;;0;;;;;1;
2025;46;51;51-1;LISTEFABRIKKEN I. C. A/S;9881;Bindslev;860;Erhvervsværk;297;Bindslev Fjernvarme (lagt ind under Sindal FV (315) i foråret 2021);Spånfyringsanlæg;Kedel;pvp;1990-01-01 00:00:00;;0;2;trae- og biomasseaffald;fast biomasse;;0;;;;1;;;;;;
2025;47;52;52-2;Gudenådalens Energiselskab Amba;8850;Bjerringbro;791;Fjernvarmeværk;231;Bjerringbro Fjernvarme;kedel 2;Kedel;fvv;1987-09-14 00:00:00;;0;7,33;naturgas;naturgas;;0;1;;;0;;;;;;
2025;47;52;52-3;Gudenådalens Energiselskab Amba;8850;Bjerringbro;791;Fjernvarmeværk;231;Bjerringbro Fjernvarme;kedel 3;Kedel;fvv;1994-02-24 00:00:00;;0;9;naturgas;naturgas;;0;1;;;0;;;;;;
2025;47;52;52-4;Gudenådalens Energiselskab Amba;8850;Bjerringbro;791;Fjernvarmeværk;231;Bjerringbro Fjernvarme;Varmepumpe;Varmepumpe røggas;fvv;2010-11-01 00:00:00;;0;0,5;elektricitet;elektricitet;;0;;;;0;;;;;1;
2025;47;552;552-4;Gudenådalens Energiselskab Amba;8860;Ulstrup;710;Decentralt værk;231;Bjerringbro Fjernvarme;Gasmotor (Jenbacher 620F);Forbrændingsmotor;kvt;2012-11-15 00:00:00;;3,36;4;naturgas;naturgas;;0;1;;;0;;;;;;
2025;47;552;552-5;Gudenådalens Energiselskab Amba;8860;Ulstrup;710;Decentralt værk;231;Bjerringbro Fjernvarme;El-kedel;Elpatron;fvv;2023-10-20 00:00:00;;0;8;elektricitet;elektricitet;;0;;;;0;;;;;1;
2025;47;987;987-1;Gudenådalens Energiselskab Amba;8850;Bjerringbro;791;Decentralt værk;231;Bjerringbro Fjernvarme;Motor 1;Forbrændingsmotor;kvt;1993-10-01 00:00:00;;3,2;4,3;naturgas;naturgas;;0;1;;;0;;;;;;
2025;47;987;987-4;Gudenådalens Energiselskab Amba;8850;Bjerringbro;791;Decentralt værk;231;Bjerringbro Fjernvarme;Motor 4;Forbrændingsmotor;kvt;1993-10-01 00:00:00;;3,2;4,3;naturgas;naturgas;;0;1;;;0;;;;;;
2025;47;987;987-6;Gudenådalens Energiselskab Amba;8850;Bjerringbro;791;Decentralt værk;231;Bjerringbro Fjernvarme;Varmepumpe (VPC);Varmepumpe Luft;fvv;2020-10-01 00:00:00;;0;4,1;omgivelsesvarme;omgivelsesvarme;;0;;;;0;;;;;0,32247982;0,67752018
2025;47;987;987-7;Gudenådalens Energiselskab Amba;8850;Bjerringbro;791;Decentralt værk;231;Bjerringbro Fjernvarme;El-kedel;Elpatron;fvv;2023-11-01 00:00:00;;0;15;elektricitet;elektricitet;;0;;;;0;;;;;1;
2025;47;2187;2187-1;Gudenådalens Energiselskab Amba;8850;Bjerringbro;791;Fjernvarmeværk;231;Bjerringbro Fjernvarme;Varmepumpe 1 (to-trin);Varmepumpe Overskudsvarme;fvv;2013-01-31 00:00:00;;0;1,2;braendselsfrit;braendselsfrit;;0;;;;0;;0,763813319;;;0,236186681;
2025;47;2187;2187-2;Gudenådalens Energiselskab Amba;8850;Bjerringbro;791;Fjernvarmeværk;231;Bjerringbro Fjernvarme;Varmepumpe 2 (to-trin);Varmepumpe Overskudsvarme;fvv;2013-01-31 00:00:00;;0;1,2;braendselsfrit;braendselsfrit;;0;;;;0;;0,763813319;;;0,236186681;
2025;47;2187;2187-3;Gudenådalens Energiselskab Amba;8850;Bjerringbro;791;Fjernvarmeværk;231;Bjerringbro Fjernvarme;Varmepumpe 3 (et-trin);Varmepumpe Overskudsvarme;fvv;2013-01-31 00:00:00;;0;1,2;braendselsfrit;braendselsfrit;;0;;;;0;;0,763813319;;;0,236186681;
2025;47;2399;2399-1;Gudenådalens Energiselskab Amba;8850;Bjerringbro;791;Fjernvarmeværk;231;Bjerringbro Fjernvarme;Varmepumpe;Varmepumpe Spildevand;fvv;2020-12-01 00:00:00;;0;5,8;omgivelsesvarme;omgivelsesvarme;;0;;;;0;;;;;0,304166088;0,695833912
2025;55;53;53-1;Bogense Forsyningsselskab;5400;Bogense;480;Decentralt værk;72;Bogense Fjernvarme;Gaskedel;Kedel;fvv;1986-01-01 00:00:00;;0;11,6;naturgas;naturgas;;0;1;;;0;;;;;;
2025;55;53;53-3;Bogense Forsyningsselskab;5400;Bogense;480;Decentralt værk;72;Bogense Fjernvarme;Oliekedel 2;Kedel;fvv;2006-06-01 00:00:00;;0;5;Ej i drift i 2025;Ej i drift i 2025;;;;;;;;;;;;
2025;55;53;53-6;Bogense Forsyningsselskab;5400;Bogense;480;Decentralt værk;72;Bogense Fjernvarme;Fliskedel;Kedel;fvv;2011-10-01 00:00:00;;0;8;trae- og biomasseaffald;fast biomasse;;0;;;;1;;;;;;
2025;55;53;53-9;Bogense Forsyningsselskab;5400;Bogense;480;Decentralt værk;72;Bogense Fjernvarme;EL-Kedel;Elpatron;fvv;2019-02-01 00:00:00;;0;11,5;elektricitet;elektricitet;;0;;;;0;;;;;1;
2025;61;58;58-1;BORUP VARMEVÆRK A M B A;4140;Borup;259;Fjernvarmeværk;23;Borup Fjernvarme;Borup Varmeværk;Kedel;fvv;1964-01-01 00:00:00;;0;10,5;Ej i drift i 2025;Ej i drift i 2025;;;;;;;;;;;;
2025;61;178;178-1;BORUP VARMEVÆRK A M B A;4140;Borup;259;Fjernvarmeværk;23;Borup Fjernvarme;Linka;Kedel;fvv;2006-08-07 00:00:00;;0;7,5;halm;fast biomasse;;0;;;;1;;;;;;
2025;61;178;178-2;BORUP VARMEVÆRK A M B A;4140;Borup;259;Fjernvarmeværk;23;Borup Fjernvarme;Euro Therm;Kedel;fvv;2016-03-17 00:00:00;;0;7,5;halm;fast biomasse;;0;;;;1;;;;;;
2025;65;60;60-1;BREDEBRO VARMEVÆRK A M B A;6261;Bredebro;550;Decentralt værk;98;Bredebro Fjernvarme;Gasmotor;Forbrændingsmotor;kvt;1995-01-01 00:00:00;;2,8;3,15;naturgas;naturgas;;0;1;;;0;;;;;;
2025;65;60;60-3;BREDEBRO VARMEVÆRK A M B A;6261;Bredebro;550;Decentralt værk;98;Bredebro Fjernvarme;Gaskedel;Kedel;fvv;1994-08-01 00:00:00;;0;4;naturgas;naturgas;;0;1;;;0;;;;;;
2025;65;60;60-4;BREDEBRO VARMEVÆRK A M B A;6261;Bredebro;550;Decentralt værk;98;Bredebro Fjernvarme;El Kedel;Elpatron;fvv;2021-08-01 00:00:00;;0;7;elektricitet;elektricitet;;0;;;;0;;;;;1;
2025;65;2071;2071-1;BREDEBRO VARMEVÆRK A M B A;6261;Bredebro;550;Fjernvarmeværk;98;Bredebro Fjernvarme;Fliskedel;Kedel;fvv;2010-02-01 00:00:00;;0;2,2;skovflis;fast biomasse;;0;;;;1;;;;;;
2025;66;61;61-2;Bredsten-Balle Kraftvarmeværk amba;7182;Bredsten;630;Decentralt værk;81;TVIS;Kraftvarmeværk;Forbrændingsmotor;kvt;1995-01-01 00:00:00;;2,79;3,7;naturgas;naturgas;;0;1;;;0;;;;;;
2025;66;61;61-6;Bredsten-Balle Kraftvarmeværk amba;7182;Bredsten;630;Decentralt værk;81;TVIS;Kedel 5;Kedel;fvv;2006-07-01 00:00:00;;0;6;naturgas;naturgas;;0;1;;;0;;;;;;
2025;66;61;61-7;Bredsten-Balle Kraftvarmeværk amba;7182;Bredsten;630;Decentralt værk;81;TVIS;Elkedel (ikke kvoteomfattet);Elpatron;fvv;2012-03-01 00:00:00;;0;3;elektricitet;elektricitet;;0;;;;0;;;;;1;
2025;66;61;61-8;Bredsten-Balle Kraftvarmeværk amba;7182;Bredsten;630;Decentralt værk;81;TVIS;Solvarme;Solvarme;fvv;2016-12-01 00:00:00;;0;5;solenergi;solenergi;;0;;;;0;;;1;;;
2025;68;63;63-2;BROVST FJERNVARME ANDELSSELSKAB;9460;Brovst;849;Decentralt værk;273;Brovst Fjernvarme;Kedel 1;Kedel;fvv;1994-07-15 00:00:00;;0;3,5;naturgas;naturgas;;0;1;;;0;;;;;;
2025;68;63;63-3;BROVST FJERNVARME ANDELSSELSKAB;9460;Brovst;849;Decentralt værk;273;Brovst Fjernvarme;Motor 1;Forbrændingsmotor;kvt;1995-01-01 00:00:00;;3,12;4,3;naturgas;naturgas;;0;1;;;0;;;;;;
2025;68;63;63-5;BROVST FJERNVARME ANDELSSELSKAB;9460;Brovst;849;Decentralt værk;273;Brovst Fjernvarme;Kedel 2;Kedel;fvv;1994-07-15 00:00:00;;0;5;naturgas;naturgas;;0;1;;;0;;;;;;
2025;68;63;63-7;BROVST FJERNVARME ANDELSSELSKAB;9460;Brovst;849;Decentralt værk;273;Brovst Fjernvarme;Elkedel (ikke kvoteomfattet);Elpatron;fvv;2010-10-01 00:00:00;;0;10;elektricitet;elektricitet;;0;;;;0;;;;;1;
2025;68;2441;2441-1;BROVST FJERNVARME ANDELSSELSKAB;9460;Brovst;849;Decentralt værk;273;Brovst Fjernvarme;Fliskedel;Kedel;fvv;2022-02-10 00:00:00;;0;5,6;skovflis;fast biomasse;;0;;;;1;;;;;;
2025;68;2441;2441-2;BROVST FJERNVARME ANDELSSELSKAB;9460;Brovst;849;Decentralt værk;273;Brovst Fjernvarme;Varmepumpe;Varmepumpe Luft;fvv;2023-03-01 00:00:00;;0;4;omgivelsesvarme;omgivelsesvarme;;0;;;;0;;;;;0,273813475;0,726186525
2025;69;1830;1830-1;BRØNDBY FJERNVARME A M B A;2605;Brøndby;153;Fjernvarmeværk;2;Storkøbenhavns Fjernvarme;Kedel 1 Danstoker/Weishaupt;Kedel;fvv;1975-01-01 00:00:00;;0;5,8;naturgas;naturgas;;0,000955845;0,999044155;;;0;;;;;;
2025;69;1830;1830-2;BRØNDBY FJERNVARME A M B A;2605;Brøndby;153;Fjernvarmeværk;2;Storkøbenhavns Fjernvarme;Kedel 2 Danstoker/Weishaupt;Kedel;fvv;1975-01-01 00:00:00;;0;11,6;naturgas;naturgas;;0,15377904;0,84622096;;;0;;;;;;
2025;69;1830;1830-3;BRØNDBY FJERNVARME A M B A;2605;Brøndby;153;Fjernvarmeværk;2;Storkøbenhavns Fjernvarme;Kedel 3 Danstoker/Weishaupt;Kedel;fvv;1980-01-01 00:00:00;;0;11,6;naturgas;naturgas;;0,001651805;0,998348195;;;0;;;;;;
2025;69;1831;1831-1;BRØNDBY FJERNVARME A M B A;2605;Brøndby;153;Fjernvarmeværk;2;Storkøbenhavns Fjernvarme;Kedel 3 Parca;Kedel;fvv;1972-01-01 00:00:00;;0;18,6;gasolie;olie;;1;;;;0;;;;;;
2025;69;1831;1831-2;BRØNDBY FJERNVARME A M B A;2605;Brøndby;153;Fjernvarmeværk;2;Storkøbenhavns Fjernvarme;Kedel 4 Parca;Kedel;fvv;1969-01-01 00:00:00;;0;9,3;gasolie;olie;;1;;;;0;;;;;;
2025;69;1831;1831-3;BRØNDBY FJERNVARME A M B A;2605;Brøndby;153;Fjernvarmeværk;2;Storkøbenhavns Fjernvarme;Kedel 5 Parca;Kedel;fvv;1969-01-01 00:00:00;;0;3,7;gasolie;olie;;1;;;;0;;;;;;
2025;69;1832;1832-1;BRØNDBY FJERNVARME A M B A;2660;Brøndby Strand;153;Fjernvarmeværk;2;Storkøbenhavns Fjernvarme;Kedel 3 Parca;Kedel;fvv;1971-01-01 00:00:00;;0;23,3;Ej i drift i 2025;Ej i drift i 2025;;;;;;;;;;;;
2025;69;1832;1832-2;BRØNDBY FJERNVARME A M B A;2660;Brøndby Strand;153;Fjernvarmeværk;2;Storkøbenhavns Fjernvarme;Kedel 4 Parca;Kedel;fvv;1973-01-01 00:00:00;;0;23,3;gasolie;olie;;1;;;;0;;;;;;
2025;69;1832;1832-3;BRØNDBY FJERNVARME A M B A;2660;Brøndby Strand;153;Fjernvarmeværk;2;Storkøbenhavns Fjernvarme;Kedel 5 ECO B;Kedel;fvv;1985-01-01 00:00:00;;0;32,5;naturgas;naturgas;;0;1;;;0;;;;;;
2025;69;1888;1888-1;BRØNDBY FJERNVARME A M B A;2605;Brøndby;153;Fjernvarmeværk;2;Storkøbenhavns Fjernvarme;"Kedel 1 &#43; Kedel 2";Kedel;fvv;1996-01-01 00:00:00;;0;12,3;gasolie;olie;;1;;;;0;;;;;;
2025;69;1889;1889-1;BRØNDBY FJERNVARME A M B A;2605;Brøndby;153;Fjernvarmeværk;2;Storkøbenhavns Fjernvarme;"Kedel 1 &#43; Kedel 2";Kedel;fvv;1966-01-01 00:00:00;;0;14;gasolie;olie;;1;;;;0;;;;;;
2025;73;934;934-1;BÆLUM VARMEVÆRK AMBA;9574;Bælum;840;Decentralt værk;319;Bælum Fjernvarme;Motor 1;Forbrændingsmotor;kvt;1994-01-01 00:00:00;;0,74;1,05;naturgas;naturgas;;0;1;;;0;;;;;;
2025;73;934;934-2;BÆLUM VARMEVÆRK AMBA;9574;Bælum;840;Decentralt værk;319;Bælum Fjernvarme;Motor 2;Forbrændingsmotor;kvt;1994-01-01 00:00:00;;0,74;1,05;naturgas;naturgas;;0;1;;;0;;;;;;
2025;73;934;934-3;BÆLUM VARMEVÆRK AMBA;9574;Bælum;840;Decentralt værk;319;Bælum Fjernvarme;Gaskedel;Kedel;fvv;1994-01-01 00:00:00;;0;3,2;naturgas;naturgas;;0;1;;;0;;;;;;
2025;73;2413;2413-1;BÆLUM VARMEVÆRK AMBA;9574;Bælum;840;Fjernvarmeværk;319;Bælum Fjernvarme;Solvarmeanlæg;Solvarme;fvv;2019-05-01 00:00:00;;0;3,4;solenergi;solenergi;;0;;;;0;;;1;;;
2025;73;2413;2413-2;BÆLUM VARMEVÆRK AMBA;9574;Bælum;840;Fjernvarmeværk;319;Bælum Fjernvarme;Træpillekedel;Kedel;fvv;2022-01-15 00:00:00;;0;0,9;traepiller;fast biomasse;;0;;;;1;;;;;;
2025;73;2413;2413-3;BÆLUM VARMEVÆRK AMBA;9574;Bælum;840;Fjernvarmeværk;319;Bælum Fjernvarme;Varmepumpe;Varmepumpe Solvarme;fvv;2025-02-03 00:00:00;;0;1,749;solenergi;solenergi;;0;;;;0;;;0,660181554;;0,339818446;
2025;75;70;70-1;Tangsø Varmeværk A M B A;7650;Bøvlingbjerg;665;Fjernvarmeværk;178;Bøvlingbjerg Fjernvarme;Olie kedel;Kedel;fvv;1993-10-01 00:00:00;;0;2,4;gasolie;olie;;1;;;;0;;;;;;
2025;75;70;70-2;Tangsø Varmeværk A M B A;7650;Bøvlingbjerg;665;Fjernvarmeværk;178;Bøvlingbjerg Fjernvarme;Træpiller kedel;Kedel;fvv;1991-09-01 00:00:00;;0;1,6;Ej i drift i 2025;Ej i drift i 2025;;;;;;;;;;;;
2025;75;70;70-3;Tangsø Varmeværk A M B A;7650;Bøvlingbjerg;665;Fjernvarmeværk;178;Bøvlingbjerg Fjernvarme;Fliskedel;Kedel;fvv;2007-01-01 00:00:00;;0;2,4;skovflis;fast biomasse;;0;;;;1;;;;;;
2025;75;1046;1046-1;Tangsø Varmeværk A M B A;7660;Bækmarksbro;665;Fjernvarmeværk;363;Bækmarksbro Fjernvarme;Oliekedel;Kedel;fvv;1995-01-01 00:00:00;;0;1,2;Ej i drift i 2025;Ej i drift i 2025;;;;;;;;;;;;
2025;75;1046;1046-2;Tangsø Varmeværk A M B A;7660;Bækmarksbro;665;Fjernvarmeværk;363;Bækmarksbro Fjernvarme;Fliskedel;Kedel;fvv;1995-01-01 00:00:00;;0;1;trae- og biomasseaffald;fast biomasse;;0;;;;1;;;;;;
2025;77;73;73-1;CTR I/S;2820;Gentofte;157;Fjernvarmeværk;2;Storkøbenhavns Fjernvarme;NYC 1 kedel;Kedel;fvv;1986-01-01 00:00:00;;0;11,6;naturgas;naturgas;;0,179771252;0,820228748;;;0;;;;;;
2025;77;73;73-2;CTR I/S;2820;Gentofte;157;Fjernvarmeværk;2;Storkøbenhavns Fjernvarme;NYC 2 kedel;Kedel;fvv;1986-01-01 00:00:00;;0;11,6;gasolie;olie;;1;;;;0;;;;;;
2025;77;73;73-3;CTR I/S;2820;Gentofte;157;Fjernvarmeværk;2;Storkøbenhavns Fjernvarme;Elkedel;Elpatron;fvv;2020-01-01 00:00:00;;0;40;elektricitet;elektricitet;;0;;;;0;;;;;1;
2025;77;74;74-1;CTR I/S;2900;Hellerup;157;Fjernvarmeværk;2;Storkøbenhavns Fjernvarme;PHC 1 kedel;Kedel;fvv;1988-01-01 00:00:00;;0;13,6;naturgas;naturgas;;0,151842997;0,848157003;;;0;;;;;;
2025;77;74;74-2;CTR I/S;2900;Hellerup;157;Fjernvarmeværk;2;Storkøbenhavns Fjernvarme;PHC2 kedel;Kedel;fvv;1988-01-01 00:00:00;;0;13,6;naturgas;naturgas;;0,158825148;0,841174852;;;0;;;;;;
2025;77;121;121-10;CTR I/S;2000;Frederiksberg;147;Fjernvarmeværk;2;Storkøbenhavns Fjernvarme;FVC2-4 kedel;Kedel;fvv;1999-09-01 00:00:00;;0;50;gasolie;olie;;1;;;;0;;;;;;
2025;77;121;121-7;CTR I/S;2000;Frederiksberg;147;Fjernvarmeværk;2;Storkøbenhavns Fjernvarme;FVC2-1 kedel;Kedel;fvv;1996-01-01 00:00:00;;0;50;gasolie;olie;;1;;;;0;;;;;;
2025;77;121;121-8;CTR I/S;2000;Frederiksberg;147;Fjernvarmeværk;2;Storkøbenhavns Fjernvarme;FVC2-2 kedel;Kedel;fvv;1996-01-01 00:00:00;;0;50;gasolie;olie;;1;;;;0;;;;;;
2025;77;121;121-9;CTR I/S;2000;Frederiksberg;147;Fjernvarmeværk;2;Storkøbenhavns Fjernvarme;FVC2-3 kedel;Kedel;fvv;1999-09-01 00:00:00;;0;50;gasolie;olie;;1;;;;0;;;;;;
2025;77;646;646-1;CTR I/S;2860;Søborg;159;Fjernvarmeværk;2;Storkøbenhavns Fjernvarme;HGC C kedel;Kedel;fvv;1989-01-01 00:00:00;;0;18;naturgas;naturgas;;0;1;;;0;;;;;;
2025;77;646;646-3;CTR I/S;2860;Søborg;159;Fjernvarmeværk;2;Storkøbenhavns Fjernvarme;HGC 1 (A) kedel;Kedel;fvv;1989-01-01 00:00:00;;0;18;naturgas;naturgas;;0;1;;;0;;;;;;
2025;77;646;646-4;CTR I/S;2860;Søborg;159;Fjernvarmeværk;2;Storkøbenhavns Fjernvarme;HGC 2 (B) kedel;Kedel;fvv;1989-01-01 00:00:00;;0;18;naturgas;naturgas;;0;1;;;0;;;;;;
2025;77;1351;1351-1;CTR I/S;2860;Søborg;159;Fjernvarmeværk;2;Storkøbenhavns Fjernvarme;GLC Kedel;Kedel;fvv;1996-01-01 00:00:00;;0;20;naturgas;naturgas;;0,001810123;0,998189877;;;0;;;;;;
2025;77;1351;1351-2;CTR I/S;2860;Søborg;159;Fjernvarmeværk;2;Storkøbenhavns Fjernvarme;GCEL;Elpatron;fvv;2020-10-01 00:00:00;;0;80;elektricitet;elektricitet;;0;;;;0;;;;;1;
2025;77;1551;1551-1;CTR I/S;2700;Brønshøj;101;Fjernvarmeværk;2;Storkøbenhavns Fjernvarme;UVC 1 kedel;Kedel;fvv;1999-10-01 00:00:00;;0;20;gasolie;olie;;1;;;;0;;;;;;
2025;77;1551;1551-2;CTR I/S;2700;Brønshøj;101;Fjernvarmeværk;2;Storkøbenhavns Fjernvarme;UVC 2 kedel;Kedel;fvv;1999-10-01 00:00:00;;0;20;gasolie;olie;;1;;;;0;;;;;;
2025;77;1917;1917-1;CTR I/S;2770;Kastrup;185;Fjernvarmeværk;2;Storkøbenhavns Fjernvarme;KLC2 1 kedel;Kedel;fvv;2006-11-01 00:00:00;;0;20;gasolie;olie;;1;;;;0;;;;;;
2025;77;1917;1917-2;CTR I/S;2770;Kastrup;185;Fjernvarmeværk;2;Storkøbenhavns Fjernvarme;KLC2 2 kedel;Kedel;fvv;2006-11-01 00:00:00;;0;20;gasolie;olie;;1;;;;0;;;;;;
2025;77;1917;1917-3;CTR I/S;2770;Kastrup;185;Fjernvarmeværk;2;Storkøbenhavns Fjernvarme;KLC2 3 kedel;Kedel;fvv;2006-11-01 00:00:00;;0;20;gasolie;olie;;1;;;;0;;;;;;
2025;77;2192;2192-1;CTR I/S;2860;Søborg;159;Fjernvarmeværk;2;Storkøbenhavns Fjernvarme;GRC-1;Kedel;fvv;2014-11-01 00:00:00;;0;15;naturgas;naturgas;;0;1;;;0;;;;;;
2025;77;2192;2192-2;CTR I/S;2860;Søborg;159;Fjernvarmeværk;2;Storkøbenhavns Fjernvarme;GRC-2;Kedel;fvv;2014-11-01 00:00:00;;0;15;naturgas;naturgas;;0;1;;;0;;;;;;
2025;79;78;78-1;Christiansfeld Fjernvarmeselskab A.m.b.a.;6070;Christiansfeld;621;Fjernvarmeværk;100;Christiansfeld-Tyrstrup Fjernv;Kraftvarme;Kedel;fvv;1965-01-01 00:00:00;;0;11,4;naturgas;naturgas;;0;1;;;0;;;;;;
2025;79;1003;1003-1;Christiansfeld Fjernvarmeselskab A.m.b.a.;6070;Christiansfeld;621;Decentralt værk;100;Christiansfeld-Tyrstrup Fjernv;Motoranlæg;Forbrændingsmotor;kvt;1994-01-01 00:00:00;;3,06;4,2;naturgas;naturgas;;0;1;;;0;;;;;;
2025;79;1003;1003-3;Christiansfeld Fjernvarmeselskab A.m.b.a.;6070;Christiansfeld;621;Decentralt værk;100;Christiansfeld-Tyrstrup Fjernv;Elkedel;Elpatron;fvv;2013-04-01 00:00:00;;0;2,95;elektricitet;elektricitet;;0;;;;0;;;;;1;
2025;79;1003;1003-4;Christiansfeld Fjernvarmeselskab A.m.b.a.;6070;Christiansfeld;621;Decentralt værk;100;Christiansfeld-Tyrstrup Fjernv;Solvarmeanlæg 9500 m2;Solvarme;fvv;2013-05-01 00:00:00;;0;7,2;solenergi;solenergi;;0;;;;0;;;1;;;
2025;79;1003;1003-5;Christiansfeld Fjernvarmeselskab A.m.b.a.;6070;Christiansfeld;621;Decentralt værk;100;Christiansfeld-Tyrstrup Fjernv;Elvarmepumpe;Varmepumpe Luft;fvv;2018-12-17 00:00:00;;0;1,6;omgivelsesvarme;omgivelsesvarme;;0;;;;0;;;;;0,182402623;0,817597377
2025;79;1003;1003-7;Christiansfeld Fjernvarmeselskab A.m.b.a.;6070;Christiansfeld;621;Decentralt værk;100;Christiansfeld-Tyrstrup Fjernv;Kedel m. abs. varmepumpe;Kedel;fvv;2018-12-01 00:00:00;;0;7,3;naturgas;naturgas;;0;1;;;0;;;;;;
2025;81;79;79-1;Durup Fjernvarme A.m.b.a.;7870;Roslev;779;Decentralt værk;252;Durup Fjernvarme;Kedelcentral;Kedel;fvv;1964-01-01 00:00:00;;0;7;naturgas;naturgas;;0;1;;;0;;;;;;
2025;81;79;79-2;Durup Fjernvarme A.m.b.a.;7870;Roslev;779;Decentralt værk;252;Durup Fjernvarme;Kraftvarmeværk;Forbrændingsmotor;kvt;1995-01-01 00:00:00;;2,02;2,38;naturgas;naturgas;;0;1;;;0;;;;;;
2025;81;79;79-3;Durup Fjernvarme A.m.b.a.;7870;Roslev;779;Decentralt værk;252;Durup Fjernvarme;Solvarme;Solvarme;fvv;2019-05-01 00:00:00;;0;4;solenergi;solenergi;;0;;;;0;;;1;;0;
2025;81;79;79-4;Durup Fjernvarme A.m.b.a.;7870;Roslev;779;Decentralt værk;252;Durup Fjernvarme;Elkedel;Elpatron;fvv;2023-01-01 00:00:00;;0;5;elektricitet;elektricitet;;0;;;;0;;;;;1;
2025;88;1833;1833-3;Avedøre Fjernvarme;2650;Hvidovre;167;Fjernvarmeværk;2;Storkøbenhavns Fjernvarme;Vølund Kombikedel 2;Kedel;fvv;1973-01-01 00:00:00;;0;14;naturgas;naturgas;;0;1;;;0;;;;;;
2025;88;1833;1833-4;Avedøre Fjernvarme;2650;Hvidovre;167;Fjernvarmeværk;2;Storkøbenhavns Fjernvarme;Vølund kombikedel 3;Kedel;fvv;1973-01-01 00:00:00;;0;7;naturgas;naturgas;;0;1;;;0;;;;;;
2025;91;84;84-1;DRONNINGLUND FJERNVARMEVÆRK AMBA;9330;Dronninglund;810;Decentralt værk;282;Dronninglund Fjernvarme;Dronninglund Fjernvarme A.m.b.A;Forbrændingsmotor;kvt;1990-01-01 00:00:00;;3,4;6;naturgas;naturgas;;0;1;;;0;;;;;;
2025;91;84;84-2;DRONNINGLUND FJERNVARMEVÆRK AMBA;9330;Dronninglund;810;Decentralt værk;282;Dronninglund Fjernvarme;Varmtvandskedel;Kedel;fvv;2008-08-01 00:00:00;;0;8;naturgas;naturgas;;0;1;;;0;;;;;;
2025;91;85;85-1;DRONNINGLUND FJERNVARMEVÆRK AMBA;9330;Dronninglund;810;Fjernvarmeværk;282;Dronninglund Fjernvarme;Kedel 1;Kedel;fvv;1974-01-01 00:00:00;;0;10,3;Ej i drift i 2025;Ej i drift i 2025;;;;;;;;;;;;
2025;91;85;85-2;DRONNINGLUND FJERNVARMEVÆRK AMBA;9330;Dronninglund;810;Fjernvarmeværk;282;Dronninglund Fjernvarme;Kedel 2, Hedtvand;Kedel;fvv;2016-09-01 00:00:00;;0;5;naturgas;naturgas;;0;1;;;0;;;;;;
2025;91;2199;2199-1;DRONNINGLUND FJERNVARMEVÆRK AMBA;9330;Dronninglund;810;Fjernvarmeværk;282;Dronninglund Fjernvarme;Solfanger;Solvarme;fvv;2014-05-01 00:00:00;;0;27;solenergi;solenergi;;0;;;;0;;;1;;;
2025;91;2199;2199-2;DRONNINGLUND FJERNVARMEVÆRK AMBA;9330;Dronninglund;810;Fjernvarmeværk;282;Dronninglund Fjernvarme;Varmepumpe;Varmepumpe Solvarme;fvv;2020-12-15 00:00:00;;0;5;solenergi;solenergi;;0;;;;0;;;0,722138022;;0,277861978;
2025;93;87;87-1;Dybvad Varmeværk;9352;Dybvad;813;Fjernvarmeværk;328;Dybvad Fjernvarme;Biomassekedel M.R.K.T. Weiss;Kedel;fvv;1996-01-01 00:00:00;;0;2,5;traepiller;fast biomasse;;0;;;;1;;;;;;
2025;93;87;87-2;Dybvad Varmeværk;9352;Dybvad;813;Fjernvarmeværk;328;Dybvad Fjernvarme;Oliekedel;Kedel;fvv;1960-01-01 00:00:00;;0;2,5;gasolie;olie;;1;;;;0;;;;;;
2025;101;90;90-1;Ejstrupholm Varmeværk A. m. b. a.;7361;Ejstrupholm;756;Decentralt værk;151;Ejstrupholm Fjernvarme;Ejstrupholm Varmeværk;Kedel;fvv;1994-01-01 00:00:00;;0;5;naturgas;naturgas;;0;1;;;0;;;;;;
2025;101;90;90-3;Ejstrupholm Varmeværk A. m. b. a.;7361;Ejstrupholm;756;Decentralt værk;151;Ejstrupholm Fjernvarme;Ejstrupholm Varmeværk;Forbrændingsmotor;kvt;2005-11-01 00:00:00;;3,64;4,71;naturgas;naturgas;;0;1;;;0;;;;;;
2025;101;90;90-4;Ejstrupholm Varmeværk A. m. b. a.;7361;Ejstrupholm;756;Decentralt værk;151;Ejstrupholm Fjernvarme;Solvarmeanlæg - 7000 m2 (Sunmark);Solvarme;fvv;2011-07-01 00:00:00;;0;5,4;solenergi;solenergi;;0;;;;0;;;1;;;
2025;101;90;90-5;Ejstrupholm Varmeværk A. m. b. a.;7361;Ejstrupholm;756;Decentralt værk;151;Ejstrupholm Fjernvarme;Varmepumpe (sol og luft);Varmepumpe Anden;fvv;2019-02-06 00:00:00;;0;2;omgivelsesvarme;omgivelsesvarme;;0;;;;0;;;;;0,349988326;0,650011674
2025;101;90;90-6;Ejstrupholm Varmeværk A. m. b. a.;7361;Ejstrupholm;756;Decentralt værk;151;Ejstrupholm Fjernvarme;El-kedel;Elpatron;fvv;2021-11-01 00:00:00;;0;7;elektricitet;elektricitet;;0;;;;0;;;;;1;
2025;107;93;93-1;Allerød Kommune;3450;Allerød;201;Fjernvarmeværk;17;Nordøstsjællands Fjernvarme;Engholm Fjernvarmecentral;Kedel;fvv;1974-01-01 00:00:00;;0;6;naturgas;naturgas;;0;1;;;0;;;;;;
2025;107;341;341-2;Allerød Kommune;3450;Allerød;201;Decentralt værk;17;Nordøstsjællands Fjernvarme;Gasmotor;Forbrændingsmotor;kvt;1992-01-01 00:00:00;;0,97;1,45;naturgas;naturgas;;0;1;;;0;;;;;;
2025;107;1675;1675-2;Allerød Kommune;3450;Allerød;201;Decentralt værk;17;Nordøstsjællands Fjernvarme;Gasmotor;Forbrændingsmotor;kvt;1992-01-01 00:00:00;;0,99;1,59;naturgas;naturgas;;0;1;;;0;;;;;;
2025;107;1678;1678-1;Allerød Kommune;3450;Allerød;201;Fjernvarmeværk;17;Nordøstsjællands Fjernvarme;Lillerød Øst Fjernvarmecentral;Kedel;fvv;1970-01-01 00:00:00;;0;7,68;naturgas;naturgas;;0;1;;;0;;;;;;
2025;110;104;104-7;FREDERICIA FJERNVARME A.M.B.A.;7000;Fredericia;607;Fjernvarmeværk;81;TVIS;Kedel 1;Kedel;fvv;2007-11-12 00:00:00;;0;10;gasolie;olie;;1;;;;0;;;;;;
2025;110;104;104-8;FREDERICIA FJERNVARME A.M.B.A.;7000;Fredericia;607;Fjernvarmeværk;81;TVIS;Kedel 2;Kedel;fvv;2007-11-12 00:00:00;;0;10;gasolie;olie;;1;;;;0;;;;;;
2025;110;104;104-9;FREDERICIA FJERNVARME A.M.B.A.;7000;Fredericia;607;Fjernvarmeværk;81;TVIS;Kedel 3;Kedel;fvv;2007-11-12 00:00:00;;0;10;gasolie;olie;;1;;;;0;;;;;;
2025;110;105;105-1;FREDERICIA FJERNVARME A.M.B.A.;7000;Fredericia;607;Fjernvarmeværk;81;TVIS;Kedel 1;Kedel;fvv;2000-10-01 00:00:00;;0;6;gasolie;olie;;1;;;;0;;;;;;
2025;110;105;105-2;FREDERICIA FJERNVARME A.M.B.A.;7000;Fredericia;607;Fjernvarmeværk;81;TVIS;Kedel 2;Kedel;fvv;1982-01-01 00:00:00;;0;7,4;gasolie;olie;;1;;;;0;;;;;;
2025;110;105;105-3;FREDERICIA FJERNVARME A.M.B.A.;7000;Fredericia;607;Fjernvarmeværk;81;TVIS;Kedel 3;Kedel;fvv;2000-10-01 00:00:00;;0;7,5;gasolie;olie;;1;;;;0;;;;;;
2025;110;105;105-4;FREDERICIA FJERNVARME A.M.B.A.;7000;Fredericia;607;Fjernvarmeværk;81;TVIS;Kedel 4;Kedel;fvv;1979-01-01 00:00:00;;0;9,3;gasolie;olie;;0,999999999;;;;0;;;;;;
2025;110;106;106-1;FREDERICIA FJERNVARME A.M.B.A.;7000;Fredericia;607;Fjernvarmeværk;81;TVIS;Kedel 1;Kedel;fvv;1980-01-01 00:00:00;;0;9;gasolie;olie;;1;;;;0;;;;;;
2025;110;106;106-2;FREDERICIA FJERNVARME A.M.B.A.;7000;Fredericia;607;Fjernvarmeværk;81;TVIS;Kedel 2;Kedel;fvv;1980-01-01 00:00:00;;0;9;gasolie;olie;;1;;;;0;;;;;;
2025;110;107;107-1;FREDERICIA FJERNVARME A.M.B.A.;7000;Fredericia;607;Fjernvarmeværk;81;TVIS;Kedel 1;Kedel;fvv;1978-01-01 00:00:00;;0;4,65;gasolie;olie;;1;;;;0;;;;;;
2025;110;107;107-2;FREDERICIA FJERNVARME A.M.B.A.;7000;Fredericia;607;Fjernvarmeværk;81;TVIS;Kedel 2;Kedel;fvv;1984-01-01 00:00:00;;0;2,33;gasolie;olie;;1;;;;0;;;;;;
2025;111;110;110-1;FANGEL BIOENERGI ApS;5260;Odense S;461;Decentralt værk;79;Fjernvarme Fyn;Gaskedel;Kedel;fvv;1988-02-01 00:00:00;;0;1,4;Ej i drift i 2025;Ej i drift i 2025;;;;;;;;;;;;
2025;111;110;110-3;FANGEL BIOENERGI ApS;5260;Odense S;461;Decentralt værk;79;Fjernvarme Fyn;Jenbacher 316;Forbrændingsmotor;kvt;2012-01-01 00:00:00;;0,81;1,1;biogas;biogas;;0;;;1;0;;;;;;
2025;111;110;110-4;FANGEL BIOENERGI ApS;5260;Odense S;461;Decentralt værk;79;Fjernvarme Fyn;Jenbacher 420;Forbrændingsmotor;kvt;2007-06-15 00:00:00;;1,47;1,75;biogas;biogas;;0;;;1;0;;;;;;
2025;111;110;110-5;FANGEL BIOENERGI ApS;5260;Odense S;461;Decentralt værk;79;Fjernvarme Fyn;Jenbacher 620;Forbrændingsmotor;kvt;2015-03-01 00:00:00;;3,047;3,763;biogas;biogas;;0;;;1;0;;;;;;
2025;111;110;110-6;FANGEL BIOENERGI ApS;5260;Odense S;461;Decentralt værk;79;Fjernvarme Fyn;Jenbacher 620 2019;Forbrændingsmotor;kvt;2019-12-12 00:00:00;;2,999;3,61;biogas;biogas;;0;;;1;0;;;;;;
2025;112;111;111-4;Farsø Varmeværk A M B A;9640;Farsø;820;Fjernvarmeværk;286;Farsø Fjernvarme;Gaskedel;Kedel;fvv;1988-01-01 00:00:00;;0;5;naturgas;naturgas;;0;1;;;0;;;;;;
2025;112;111;111-5;Farsø Varmeværk A M B A;9640;Farsø;820;Fjernvarmeværk;286;Farsø Fjernvarme;ECO;Kedel;fvv;1985-08-01 00:00:00;;0;6;skovflis;fast biomasse;;0;;;;1;;;;;;
2025;112;111;111-6;Farsø Varmeværk A M B A;9640;Farsø;820;Fjernvarmeværk;286;Farsø Fjernvarme;Weiss;Kedel;fvv;2004-12-20 00:00:00;;0;6;skovflis;fast biomasse;;0;;;;1;;;;;;
2025;112;2196;2196-1;Farsø Varmeværk A M B A;9640;Farsø;820;Fjernvarmeværk;286;Farsø Fjernvarme;Weiss fliskedel;Kedel;fvv;2014-01-01 00:00:00;;0;4;skovflis;fast biomasse;;0;;;;1;;;;;;
2025;112;2196;2196-2;Farsø Varmeværk A M B A;9640;Farsø;820;Fjernvarmeværk;286;Farsø Fjernvarme;Solvarmeanlæg - 15200m2;Solvarme;fvv;2016-12-01 00:00:00;;0;12;solenergi;solenergi;;0;;;;0;;;1;;;
2025;113;112;112-1;FAXE FJERNVARMESELSKAB A M B A;4640;Faxe;320;Fjernvarmeværk;42;Faxe Fjernvarme;Kedel 1 (gas);Kedel;fvv;1979-01-01 00:00:00;;0;3,67;naturgas;naturgas;;0;1;;;0;;;;;;
2025;113;112;112-2;FAXE FJERNVARMESELSKAB A M B A;4640;Faxe;320;Fjernvarmeværk;42;Faxe Fjernvarme;Kedel 2;Kedel;fvv;1979-01-01 00:00:00;;0;3,67;Ej i drift i 2025;Ej i drift i 2025;;;;;;;;;;;;
2025;113;112;112-3;FAXE FJERNVARMESELSKAB A M B A;4640;Faxe;320;Fjernvarmeværk;42;Faxe Fjernvarme;Kedel 3 (gas);Kedel;fvv;1992-01-01 00:00:00;;0;2;Ej i drift i 2025;Ej i drift i 2025;;;;;;;;;;;;
2025;113;1935;1935-1;FAXE FJERNVARMESELSKAB A M B A;4640;Fakse;320;Fjernvarmeværk;42;Faxe Fjernvarme;Fliskedel;Kedel;fvv;2006-10-01 00:00:00;;0;5;skovflis;fast biomasse;;0;;;;1;;;;;;
2025;115;114;114-3;FENSMARK FJERNVARMEVÆRK A M B A;4684;Holmegaard;370;Decentralt værk;44;Fensmark Fjernvarme;Kedel;Kedel;fvv;1998-02-25 00:00:00;;0;6,9;naturgas;naturgas;;0;1;;;0;;;;;;
2025;115;114;114-5;FENSMARK FJERNVARMEVÆRK A M B A;4684;Holmegaard;370;Decentralt værk;44;Fensmark Fjernvarme;Varmepumpe;Varmepumpe Overskudsvarme;fvv;2020-09-01 00:00:00;;0;2,5;braendselsfrit;braendselsfrit;;0;;;;0;;0,755847691;;;0,244152309;
2025;115;114;114-6;FENSMARK FJERNVARMEVÆRK A M B A;4684;Holmegaard;370;Decentralt værk;44;Fensmark Fjernvarme;Kedel;Kedel;fvv;2021-01-01 00:00:00;;0;5;naturgas;naturgas;;0;1;;;0;;;;;;
2025;117;116;116-1;FF SKAGEN A/S;9990;Skagen;813;Erhvervsværk;317;Skagen Fjernvarme;Overskudsvarme anlæg;Overskudsvarme;pvp;1994-01-01 00:00:00;;0;14;braendselsfrit;braendselsfrit;;0;;;;0;;1;;;;
2025;117;1737;1737-8;FF SKAGEN A/S;7730;Hanstholm;787;Erhvervsværk;234;Hanstholm Fjernvarme;Fjernvarmeanlæg;Overskudsvarme;pvp;1982-01-01 00:00:00;;0;5,5;Ej i drift i 2025;Ej i drift i 2025;;;;;;;;;;;;
2025;120;118;118-4;FJERRITSLEV FJERNVARME;9690;Fjerritslev;849;Fjernvarmeværk;288;Fjerritslev Fjernvarme;Flisanlæg;Kedel;fvv;2004-10-01 00:00:00;;0;10;skovflis;fast biomasse;;0;;;;1;;;;;;
2025;120;118;118-5;FJERRITSLEV FJERNVARME;9690;Fjerritslev;849;Fjernvarmeværk;288;Fjerritslev Fjernvarme;Fliskedel;Kedel;fvv;2012-10-25 00:00:00;;0;12;skovflis;fast biomasse;;0;;;;1;;;;;;
2025;120;118;118-6;FJERRITSLEV FJERNVARME;9690;Fjerritslev;849;Fjernvarmeværk;288;Fjerritslev Fjernvarme;Elkedel;Elpatron;fvv;2012-08-15 00:00:00;;0;12;elektricitet;elektricitet;;0;;;;0;;;;;1;
2025;127;120;120-2;FREDERIKS VARMEVÆRK A M B A;7470;Karup J;791;Decentralt værk;240;Frederiks Fjernvarme;Kedler;Kedel;fvv;1986-06-11 00:00:00;;0;5,6;naturgas;naturgas;;0;1;;;0;;;;;;
2025;127;120;120-4;FREDERIKS VARMEVÆRK A M B A;7470;Karup J;791;Decentralt værk;240;Frederiks Fjernvarme;Jenbacher 612;Forbrændingsmotor;kvt;2005-08-01 00:00:00;;1,82;2,2;naturgas;naturgas;;0;1;;;0;;;;;;
2025;127;120;120-5;FREDERIKS VARMEVÆRK A M B A;7470;Karup J;791;Decentralt værk;240;Frederiks Fjernvarme;solvarmeanlæg (8438 m2);Solvarme;fvv;2013-06-01 00:00:00;;0;6,3;solenergi;solenergi;;0;;;;0;;;1;;;
2025;127;120;120-6;FREDERIKS VARMEVÆRK A M B A;7470;Karup J;791;Decentralt værk;240;Frederiks Fjernvarme;Jenbacher JMS 612;Forbrændingsmotor;kvt;2020-03-10 00:00:00;;2;2,3;naturgas;naturgas;;0;1;;;0;;;;;;
2025;127;120;120-7;FREDERIKS VARMEVÆRK A M B A;7470;Karup J;791;Decentralt værk;240;Frederiks Fjernvarme;Varmepumpe;Varmepumpe Luft;fvv;2023-11-15 00:00:00;;0;3,6;omgivelsesvarme;omgivelsesvarme;;0;;;;0;;;;;0,360642223;0,639357777
2025;127;120;120-8;FREDERIKS VARMEVÆRK A M B A;7470;Karup J;791;Decentralt værk;240;Frederiks Fjernvarme;Elkedel;Elpatron;fvv;2024-01-10 00:00:00;;0;10;elektricitet;elektricitet;;0;;;;0;;;;;1;
2025;134;127;127-2;FUGLEBJERG FJERNVARMEVÆRK;4250;Fuglebjerg;370;Fjernvarmeværk;27;Fuglebjerg Fjernvarme;Fliskedel;Kedel;fvv;2001-10-06 00:00:00;;0;6,8;skovflis;fast biomasse;;0;;;;1;;;;;;
2025;134;127;127-3;FUGLEBJERG FJERNVARMEVÆRK;4250;Fuglebjerg;370;Fjernvarmeværk;27;Fuglebjerg Fjernvarme;Fliskedel 2;Kedel;fvv;2011-10-11 00:00:00;;0;5;skovflis;fast biomasse;;0;;;;1;;;;;;
2025;134;127;127-4;FUGLEBJERG FJERNVARMEVÆRK;4250;Fuglebjerg;370;Fjernvarmeværk;27;Fuglebjerg Fjernvarme;Solvarme;Solvarme;fvv;2016-09-01 00:00:00;;0;6,8;solenergi;solenergi;;0;;;;0;;;1;;;
2025;135;129;129-4;FFV VARME A/S;5600;Faaborg;430;Decentralt værk;76;Faaborg Fjernvarme;Motor 1;Forbrændingsmotor;kvt;1995-01-01 00:00:00;;3,75;4,73;naturgas;naturgas;;0;1;;;0;;;;;;
2025;135;129;129-5;FFV VARME A/S;5600;Faaborg;430;Decentralt værk;76;Faaborg Fjernvarme;Motor 2;Forbrændingsmotor;kvt;1995-01-01 00:00:00;2025-12-31 00:00:00;3,75;4,73;Ej i drift i 2025;Ej i drift i 2025;;;;;;;;;;;;
2025;135;937;937-3;FFV VARME A/S;5600;Faaborg;430;Fjernvarmeværk;76;Faaborg Fjernvarme;Naturgaskedel;Kedel;fvv;2020-10-15 00:00:00;;0;18;naturgas;naturgas;;0;1;;;0;;;;;;
2025;135;937;937-4;FFV VARME A/S;5600;Faaborg;430;Fjernvarmeværk;76;Faaborg Fjernvarme;Varmepumpe;Varmepumpe Luft;fvv;2020-10-15 00:00:00;;0;10,5;omgivelsesvarme;omgivelsesvarme;;0;;;;0;;;;;0,321362556;0,678637444
2025;138;132;132-2;GAUERSLUND FJERNVARME A M B A;7080;Børkop;630;Fjernvarmeværk;81;TVIS;B13 Industrivej 2C;Kedel;fvv;2014-04-02 00:00:00;;0;15;gasolie;olie;;1;;;;0;;;;;;
2025;138;133;133-1;GAUERSLUND FJERNVARME A M B A;7080;Børkop;630;Fjernvarmeværk;81;TVIS;B 11;Kedel;fvv;1964-01-01 00:00:00;;0;5,9;gasolie;olie;;1;;;;0;;;;;;
2025;138;1837;1837-1;GAUERSLUND FJERNVARME A M B A;7080;Børkop;630;Fjernvarmeværk;81;TVIS;Reservekedel;Kedel;fvv;2012-01-01 00:00:00;;0;5,4;gasolie;olie;;1;;;;0;;;;;;
2025;139;1235;1235-1;GILLELEJE FJERNVARME A M B A;3250;Gilleleje;270;Fjernvarmeværk;14;Gilleleje Fjernvarme;Fliskedel 1 - Hollensen;Kedel;fvv;1995-10-23 00:00:00;;0;5,6;skovflis;fast biomasse;;0;;;;1;;;;;;
2025;139;1235;1235-2;GILLELEJE FJERNVARME A M B A;3250;Gilleleje;270;Fjernvarmeværk;14;Gilleleje Fjernvarme;Fliskedel 2 - Hollensen;Kedel;fvv;2009-03-01 00:00:00;;0;5,6;skovflis;fast biomasse;;0;;;;1;;;;;;
2025;139;1235;1235-5;GILLELEJE FJERNVARME A M B A;3250;Gilleleje;270;Fjernvarmeværk;14;Gilleleje Fjernvarme;EL-kedel;Elpatron;fvv;2023-01-01 00:00:00;;0;10;elektricitet;elektricitet;;0;;;;0;;;;;1;
2025;140;135;135-1;GIVE FJERNVARME A M B A;7323;Give;630;Fjernvarmeværk;145;Give Fjernvarme;Give Fjernvarme;Kedel;fvv;2012-01-01 00:00:00;;0;14,95;Ej i drift i 2025;Ej i drift i 2025;;;;;;;;;;;;
2025;141;136;136-1;GALTEN VARMEVÆRK A M B A;8464;Galten;746;Fjernvarmeværk;199;Galten Fjernvarme (Inklusiv Harlev-Framlev FV fra 2024);Gaskedel, Skolebakken 29;Kedel;fvv;1994-01-01 00:00:00;;0;7,6;naturgas;naturgas;;0;1;;;0;;;;;;
2025;141;950;950-1;GALTEN VARMEVÆRK A M B A;8464;Galten;746;Fjernvarmeværk;199;Galten Fjernvarme (Inklusiv Harlev-Framlev FV fra 2024);Flisværket, Røddigvej 87;Kedel;fvv;2002-10-01 00:00:00;;0;8,8;skovflis;fast biomasse;;0;;;;1;;;;;;
2025;141;950;950-3;GALTEN VARMEVÆRK A M B A;8464;Galten;746;Fjernvarmeværk;199;Galten Fjernvarme (Inklusiv Harlev-Framlev FV fra 2024);Gaskedel Røddikvej 87;Kedel;fvv;1998-01-01 00:00:00;;0;6;naturgas;naturgas;;0;1;;;0;;;;;;
2025;141;950;950-4;GALTEN VARMEVÆRK A M B A;8464;Galten;746;Fjernvarmeværk;199;Galten Fjernvarme (Inklusiv Harlev-Framlev FV fra 2024);Fliskedel;Kedel;fvv;2012-12-31 00:00:00;;0;6;skovflis;fast biomasse;;0;;;;1;;;;;;
2025;141;950;950-5;GALTEN VARMEVÆRK A M B A;8464;Galten;746;Fjernvarmeværk;199;Galten Fjernvarme (Inklusiv Harlev-Framlev FV fra 2024);varmepumpe;Varmepumpe Luft;fvv;2019-12-20 00:00:00;;0;3,3;omgivelsesvarme;omgivelsesvarme;;0;;;;0;;;;;0,431152117;0,568847883
2025;141;950;950-6;GALTEN VARMEVÆRK A M B A;8464;Galten;746;Fjernvarmeværk;199;Galten Fjernvarme (Inklusiv Harlev-Framlev FV fra 2024);varmepumpe 2;Varmepumpe Luft;fvv;2022-03-09 00:00:00;;0;7,7;omgivelsesvarme;omgivelsesvarme;;0;;;;0;;;;;0,330033889;0,669966111
2025;147;141;141-1;GEDSTED VARMEVÆRK A M B A;9631;Gedsted;820;Decentralt værk;271;Gedsted Fjernvarme;Gasmotor 1;Forbrændingsmotor;kvt;1994-09-27 00:00:00;;0,74;0,98;Ej i drift i 2025;Ej i drift i 2025;;;;;;;;;;;;
2025;147;141;141-2;GEDSTED VARMEVÆRK A M B A;9631;Gedsted;820;Decentralt værk;271;Gedsted Fjernvarme;Gaskedel 2;Kedel;fvv;1988-10-24 00:00:00;;0;3,5;naturgas;naturgas;;0;1;;;0;;;;;;
2025;147;141;141-3;GEDSTED VARMEVÆRK A M B A;9631;Gedsted;820;Decentralt værk;271;Gedsted Fjernvarme;Gaskedel 1 (reserve);Kedel;fvv;2012-01-01 00:00:00;;0;3,5;Ej i drift i 2025;Ej i drift i 2025;;;;;;;;;;;;
2025;147;141;141-5;GEDSTED VARMEVÆRK A M B A;9631;Gedsted;820;Decentralt værk;271;Gedsted Fjernvarme;Gasmotor 2 (Jenbacher 416);Forbrændingsmotor;kvt;2010-01-01 00:00:00;;0,98;1,33;biogas;biogas;;0;0;;1;0;;;;;;
2025;147;141;141-6;GEDSTED VARMEVÆRK A M B A;9631;Gedsted;820;Decentralt værk;271;Gedsted Fjernvarme;Fliskedel;Kedel;fvv;2016-07-20 00:00:00;;0;1,5;skovflis;fast biomasse;;0;;;;1;;;;;;
2025;148;142;142-2;Gelsted Fjernvarme a.m.b.a;5591;Gelsted;410;Decentralt værk;347;Gelsted Fjernvarme;Kedel anlæg;Kedel;fvv;1971-01-01 00:00:00;;0;3,5;naturgas;naturgas;;0;1;;;0;;;;;;
2025;148;142;142-3;Gelsted Fjernvarme a.m.b.a;5591;Gelsted;410;Decentralt værk;347;Gelsted Fjernvarme;Linka kedel;Kedel;fvv;2019-10-01 00:00:00;;0;3,4;skovflis;fast biomasse;;0;;;;1;;;;;;
2025;148;142;142-6;Gelsted Fjernvarme a.m.b.a;5591;Gelsted;410;Decentralt værk;347;Gelsted Fjernvarme;1,1 MW Faust Bio kedel;Kedel;fvv;2024-01-01 00:00:00;;0;1,1;traepiller;fast biomasse;;0;;;;1;;;;;;
2025;150;143;143-4;GIVE ENERGIANLÆG ApS;7323;Give;630;Decentralt værk;145;Give Fjernvarme;Elkedel;Elpatron;fvv;2020-02-02 00:00:00;;0;7;elektricitet;elektricitet;;0;;;;0;;;;;1;
2025;150;2142;2142-1;GIVE ENERGIANLÆG ApS;7323;Give;630;Fjernvarmeværk;145;Give Fjernvarme;Danstoker;Kedel;fvv;2011-01-01 00:00:00;;0;5,5;skovflis;fast biomasse;;0;;;;1;;;;;;
2025;150;2142;2142-2;GIVE ENERGIANLÆG ApS;7323;Give;630;Fjernvarmeværk;145;Give Fjernvarme;VP anlæg (Munkholmvej 6);Varmepumpe Overskudsvarme;fvv;2024-09-23 00:00:00;;0;6;braendselsfrit;braendselsfrit;;0;;;;0;;0,714638838;;;0,285361162;
2025;151;144;144-1;Gjerlev Varmeværk A.M.B.A;8983;Gjerlev J;730;Fjernvarmeværk;215;Gjerlev Fjernvarme;Halm kedel;Kedel;fvv;2019-10-10 00:00:00;;0;2;halm;fast biomasse;;0;;;;1;;;;;;
2025;151;144;144-2;Gjerlev Varmeværk A.M.B.A;8983;Gjerlev J;730;Fjernvarmeværk;215;Gjerlev Fjernvarme;Olie kedel;Kedel;fvv;1990-01-01 00:00:00;;0;2;Ej i drift i 2025;Ej i drift i 2025;;;;;;;;;;;;
2025;151;144;144-3;Gjerlev Varmeværk A.M.B.A;8983;Gjerlev J;730;Fjernvarmeværk;215;Gjerlev Fjernvarme;Solvarmeanlæg - 3500m2;Solvarme;fvv;2014-08-04 00:00:00;;0;2,5;solenergi;solenergi;;0;;;;0;;;1;;;
2025;155;147;147-1;GLYNGØRE FJERNVARMEVÆRK AMBA;7870;Roslev;779;Decentralt værk;251;Glyngøre Fjernvarme;Kedel;Kedel;fvv;1996-01-23 00:00:00;;0;2,5;naturgas;naturgas;;0;1;;;0;;;;;;
2025;155;147;147-2;GLYNGØRE FJERNVARMEVÆRK AMBA;7870;Roslev;779;Decentralt værk;251;Glyngøre Fjernvarme;Gasmotor;Forbrændingsmotor;kvt;1996-01-23 00:00:00;;0,9;1,2;naturgas;naturgas;;0;1;;;0;;;;;;
2025;155;147;147-3;GLYNGØRE FJERNVARMEVÆRK AMBA;7870;Roslev;779;Decentralt værk;251;Glyngøre Fjernvarme;VP elmevej;Varmepumpe Luft;fvv;2022-01-01 00:00:00;;0;1,2;omgivelsesvarme;omgivelsesvarme;;0;;;;0;;;;;0,339491494;0,660508506
2025;156;1057;1057-11;Gram Fjernvarme AMBA;6510;Gram;510;Decentralt værk;101;Gram Fjernvarme;Varmepumpe 1+2;Varmepumpe;fvv;2025-08-15 00:00:00;;0;3,612;omgivelsesvarme;omgivelsesvarme;;0;;;;0;;;;;0,351387721;0,648612279
2025;156;1057;1057-2;Gram Fjernvarme AMBA;6510;Gram;510;Decentralt værk;101;Gram Fjernvarme;Gaskedel;Kedel;fvv;1996-01-01 00:00:00;;0;5,5;naturgas;naturgas;;0;1;;;0;;;;;;
2025;156;1057;1057-3;Gram Fjernvarme AMBA;6510;Gram;510;Decentralt værk;101;Gram Fjernvarme;SOL1 - 10073 m2 (ikke kvoteomfa;Solvarme;fvv;2009-05-16 00:00:00;;0;7;solenergi;solenergi;;0;;;;0;;;1;;;
2025;156;1057;1057-4;Gram Fjernvarme AMBA;6510;Gram;510;Decentralt værk;101;Gram Fjernvarme;Kombikedel;Kedel;fvv;1996-01-01 00:00:00;;0;4,5;Ej i drift i 2025;Ej i drift i 2025;;;;;;;;;;;;
2025;156;1057;1057-5;Gram Fjernvarme AMBA;6510;Gram;510;Decentralt værk;101;Gram Fjernvarme;El-kedel;Elpatron;fvv;2015-01-01 00:00:00;;0;10;elektricitet;elektricitet;;0;;;;0;;;;;1;
2025;156;1057;1057-7;Gram Fjernvarme AMBA;6510;Gram;510;Decentralt værk;101;Gram Fjernvarme;Varmepumpe 3;Varmepumpe Solvarme;fvv;2015-01-01 00:00:00;;0;0,95;Ej i drift i 2025;Ej i drift i 2025;;;;;;;;;;;;
2025;156;1057;1057-8;Gram Fjernvarme AMBA;6510;Gram;510;Decentralt værk;101;Gram Fjernvarme;SOL2 - 34.727m2;Solvarme;fvv;2015-06-01 00:00:00;;0;24;solenergi;solenergi;;0;;;;0;;;1;;;
2025;156;1057;1057-9;Gram Fjernvarme AMBA;6510;Gram;510;Decentralt værk;101;Gram Fjernvarme;Pillekedel;Bioforgasn. m. KE;fvv;2025-01-01 00:00:00;;0;2;traepiller;fast biomasse;;0;;;;1;;;;;;
2025;160;152;152-3;GRENÅ VARMEVÆRK A M B A;8500;Grenaa;707;Fjernvarmeværk;202;Grenå Fjernvarme;Kedel 1;Kedel;fvv;2012-01-01 00:00:00;;0;8,6;Ej i drift i 2025;Ej i drift i 2025;;;;;;;;;;;;
2025;160;152;152-5;GRENÅ VARMEVÆRK A M B A;8500;Grenaa;707;Fjernvarmeværk;202;Grenå Fjernvarme;Kedel 3;Kedel;fvv;2012-01-01 00:00:00;;0;8,6;Ej i drift i 2025;Ej i drift i 2025;;;;;;;;;;;;
2025;160;939;939-1;GRENÅ VARMEVÆRK A M B A;8500;Grenaa;707;Fjernvarmeværk;202;Grenå Fjernvarme;Kedel 301;Kedel;fvv;2002-01-01 00:00:00;;0;8,2;gasolie;olie;;1;;;;0;;;;;;
2025;160;939;939-2;GRENÅ VARMEVÆRK A M B A;8500;Grenaa;707;Fjernvarmeværk;202;Grenå Fjernvarme;Kedel 401;Kedel;fvv;1997-01-01 00:00:00;;0;8,2;gasolie;olie;;1;;;;0;;;;;;
2025;160;940;940-1;GRENÅ VARMEVÆRK A M B A;8500;Grenaa;707;Fjernvarmeværk;202;Grenå Fjernvarme;Søndre Skole Varmeværk;Kedel;fvv;2012-01-01 00:00:00;;0;18;Ej i drift i 2025;Ej i drift i 2025;;;;;;;;;;;;
2025;160;941;941-1;GRENÅ VARMEVÆRK A M B A;8500;Grenaa;707;Fjernvarmeværk;202;Grenå Fjernvarme;Fuglsang Varmeværk;Kedel;fvv;2012-01-01 00:00:00;;0;14,4;Ej i drift i 2025;Ej i drift i 2025;;;;;;;;;;;;
2025;160;2224;2224-1;GRENÅ VARMEVÆRK A M B A;8500;Grenå;707;Fjernvarmeværk;202;Grenå Fjernvarme;Solvarmeanlæg - 12000m2;Solvarme;fvv;2014-05-01 00:00:00;;0;8,4;solenergi;solenergi;;0;;;;0;;;1;;;
2025;160;2364;2364-1;GRENÅ VARMEVÆRK A M B A;8500;Grenaa;707;Fjernvarmeværk;202;Grenå Fjernvarme;Flisanlæg;Kedel;fvv;2018-01-01 00:00:00;;0;38,2;skovflis;fast biomasse;;0;;;;1;;;;;;
2025;160;2364;2364-2;GRENÅ VARMEVÆRK A M B A;8500;Grenaa;707;Fjernvarmeværk;202;Grenå Fjernvarme;Varmepumpe (luft-vand);Varmepumpe Luft;fvv;2020-04-01 00:00:00;;0;4,5;omgivelsesvarme;omgivelsesvarme;;0;;;;0;;;;;0,301181003;0,698818997
2025;160;2365;2365-1;GRENÅ VARMEVÆRK A M B A;8500;Grenaa;707;Fjernvarmeværk;202;Grenå Fjernvarme;Sol 2 - 20.700 m2;Solvarme;fvv;2019-02-01 00:00:00;;0;14,5;solenergi;solenergi;;0;;;;0;;;1;;;
2025;162;154;154-3;GEV VARME A/S;7200;Grindsted;530;Decentralt værk;128;Grindsted Fjernvarme;Dual Fuel Motor;Forbrændingsmotor;kvt;1999-05-25 00:00:00;;6,1;7;Ej i drift i 2025;Ej i drift i 2025;;;;;;;;;;;;
2025;162;154;154-4;GEV VARME A/S;7200;Grindsted;530;Decentralt værk;128;Grindsted Fjernvarme;Kedel 1;Kedel;fvv;1999-06-01 00:00:00;;0;6;gasolie;olie;;1;0;;;0;;;;;;
2025;162;154;154-5;GEV VARME A/S;7200;Grindsted;530;Decentralt værk;128;Grindsted Fjernvarme;Kedel 2;Kedel;fvv;1999-06-01 00:00:00;;0;6;naturgas;naturgas;;0;1;;;0;;;;;;
2025;162;154;154-6;GEV VARME A/S;7200;Grindsted;530;Decentralt værk;128;Grindsted Fjernvarme;Elkedel (15 MW / 6 MW);Elpatron;fvv;2024-03-01 00:00:00;;0;6;elektricitet;elektricitet;;0;;;;0;;;;;1;
2025;162;155;155-1;GEV VARME A/S;7200;Grindsted;530;Fjernvarmeværk;128;Grindsted Fjernvarme;Central 3 - Biogaskedel;Kedel;fvv;2011-10-01 00:00:00;;0;0,4;biogas;biogas;;0;;;1;0;;;;;;
2025;162;155;155-2;GEV VARME A/S;7200;Grindsted;530;Fjernvarmeværk;128;Grindsted Fjernvarme;Central 3 - Oliekedler;Kedel;fvv;1980-09-01 00:00:00;;0;7,4;Ej i drift i 2025;Ej i drift i 2025;;;;;;;;;;;;
2025;162;155;155-3;GEV VARME A/S;7200;Grindsted;530;Fjernvarmeværk;128;Grindsted Fjernvarme;Oliekedel 3;Kedel;fvv;2015-06-15 00:00:00;;0;6;gasolie;olie;;1;;;;0;;;;;;
2025;162;988;988-1;GEV VARME A/S;7200;Grindsted;530;Decentralt værk;128;Grindsted Fjernvarme;Dual Fuel Motor 1;Forbrændingsmotor;kvt;1994-01-01 00:00:00;;6,55;7,85;Ej i drift i 2025;Ej i drift i 2025;;;;;;;;;;;;
2025;162;988;988-2;GEV VARME A/S;7200;Grindsted;530;Decentralt værk;128;Grindsted Fjernvarme;Kedel 1;Kedel;fvv;1994-01-01 00:00:00;;0;8;naturgas;naturgas;;0;1;;;0;;;;;;
2025;162;988;988-3;GEV VARME A/S;7200;Grindsted;530;Decentralt værk;128;Grindsted Fjernvarme;Kedel 2;Kedel;fvv;2008-10-01 00:00:00;;0;8;naturgas;naturgas;;0;1;;;0;;;;;;
2025;162;988;988-4;GEV VARME A/S;7200;Grindsted;530;Decentralt værk;128;Grindsted Fjernvarme;Dual Fuel Motor 2;Forbrændingsmotor;kvt;1994-01-01 00:00:00;;6,55;7,85;Ej i drift i 2025;Ej i drift i 2025;;;;;;;;;;;;
2025;162;988;988-7;GEV VARME A/S;7200;Grindsted;530;Decentralt værk;128;Grindsted Fjernvarme;Elkedel (18 MW / 12 MW);Elpatron;fvv;2008-10-01 00:00:00;;0;12;elektricitet;elektricitet;;0;;;;0;;;;;1;
2025;162;1077;1077-1;GEV VARME A/S;7200;Grindsted;530;Decentralt værk;400;Stenderup-Krogager Fjernvarme;Motor;Forbrændingsmotor;kvt;2006-06-01 00:00:00;;1,41;1,75;naturgas;naturgas;;0;1;;;0;;;;;;
2025;162;1077;1077-2;GEV VARME A/S;7200;Grindsted;530;Decentralt værk;400;Stenderup-Krogager Fjernvarme;Kedel;Kedel;fvv;1995-01-01 00:00:00;;0;2,5;naturgas;naturgas;;0;1;;;0;;;;;;
2025;162;1077;1077-3;GEV VARME A/S;7200;Grindsted;530;Decentralt værk;400;Stenderup-Krogager Fjernvarme;Varmepumpe - Luft;Varmepumpe Luft;fvv;2020-03-02 00:00:00;;0;1,16;omgivelsesvarme;omgivelsesvarme;;0;;;;0;;;;;0,331993127;0,668006873
2025;162;2230;2230-1;GEV VARME A/S;7200;Grindsted;530;Fjernvarmeværk;128;Grindsted Fjernvarme;Fliskedel;Kedel;fvv;2015-03-17 00:00:00;;0;5;skovflis;fast biomasse;;0;;;;1;;;;;;
2025;162;2230;2230-2;GEV VARME A/S;7200;Grindsted;530;Fjernvarmeværk;128;Grindsted Fjernvarme;Elkedel;Elpatron;fvv;2024-01-01 00:00:00;;0;10;elektricitet;elektricitet;;0;;;;0;;;;;1;
2025;166;1346;1346-2;Græsted Fjernvarme AMBA;3230;Græsted;270;Fjernvarmeværk;15;Græsted Fjernvarme;Oliekedel 1;Kedel;fvv;2009-09-01 00:00:00;;0;5;gasolie;olie;;1;;;;0;;;;;;
2025;166;1346;1346-3;Græsted Fjernvarme AMBA;3230;Græsted;270;Fjernvarmeværk;15;Græsted Fjernvarme;Oliekedel 2;Kedel;fvv;1995-12-01 00:00:00;;0;5;gasolie;olie;;1;;;;0;;;;;;
2025;166;1346;1346-5;Græsted Fjernvarme AMBA;3230;Græsted;270;Fjernvarmeværk;15;Græsted Fjernvarme;Fliskedel 1;Kedel;fvv;1995-12-01 00:00:00;;0;4;skovflis;fast biomasse;;0;;;;1;;;;;;
2025;166;1346;1346-6;Græsted Fjernvarme AMBA;3230;Græsted;270;Fjernvarmeværk;15;Græsted Fjernvarme;Fliskedel 2;Kedel;fvv;2009-09-01 00:00:00;;0;5,5;skovflis;fast biomasse;;0;;;;1;;;;;;
2025;167;159;159-1;GØRDING VARMEVÆRK A M B A;6690;Gørding;561;Fjernvarmeværk;124;Gørding Fjernvarme;Flisanlæg med røggaskondensering;Kedel;fvv;1987-10-01 00:00:00;;0;4,65;skovflis;fast biomasse;;0;;;;1;;;;;;
2025;167;159;159-2;GØRDING VARMEVÆRK A M B A;6690;Gørding;561;Fjernvarmeværk;124;Gørding Fjernvarme;Solvarmeanlæg - 7000 m2 (Arcon);Solvarme;fvv;2012-05-01 00:00:00;;0;5,2;solenergi;solenergi;;0;;;;0;;;1;;;
2025;167;159;159-3;GØRDING VARMEVÆRK A M B A;6690;Gørding;561;Fjernvarmeværk;124;Gørding Fjernvarme;Elkedel;Elpatron;fvv;2022-05-01 00:00:00;;0;8;elektricitet;elektricitet;;0;;;;0;;;;;1;
2025;168;160;160-1;Haslev Fjernvarme  A.m.b.a.;4690;Haslev;320;Fjernvarmeværk;28;Haslev Fjernvarme;kedel 1-6, obs tekniske begrænsning max;Kedel;fvv;1961-01-01 00:00:00;;0;18,6;naturgas;naturgas;;0;1;;;0;;;;;;
2025;168;276;276-1;Haslev Fjernvarme  A.m.b.a.;4690;Haslev;320;Decentralt værk;28;Haslev Fjernvarme;HAV;Dampturbine;kvt;1989-01-01 00:00:00;;5;13,8;halm;fast biomasse;;0;;;;1;;;;;;
2025;168;276;276-2;Haslev Fjernvarme  A.m.b.a.;4690;Haslev;320;Decentralt værk;28;Haslev Fjernvarme;Solvarmeanlæg - 6010m2;Solvarme;fvv;2016-09-13 00:00:00;;0;4,5;solenergi;solenergi;;0;;;;0;;;1;;;
2025;168;276;276-3;Haslev Fjernvarme  A.m.b.a.;4690;Haslev;320;Decentralt værk;28;Haslev Fjernvarme;Elpatron;Elpatron;fvv;2020-01-01 00:00:00;;0;10;elektricitet;elektricitet;;0;;;;0;;;;;1;
2025;168;1423;1423-1;Haslev Fjernvarme  A.m.b.a.;4690;Haslev;320;Fjernvarmeværk;28;Haslev Fjernvarme;Humlevænget;Kedel;fvv;1963-01-01 00:00:00;;0;15,1;naturgas;naturgas;;0;1;;;0;;;;;;
2025;169;161;161-1;Hinnerup Fjernvarme;8382;Hinnerup;710;Fjernvarmeværk;204;Hammel Fjernvarme;Halmkedel 1;Kedel;fvv;1999-08-10 00:00:00;;0;10;halm;fast biomasse;;0;;;;1;;;;;;
2025;169;161;161-2;Hinnerup Fjernvarme;8382;Hinnerup;710;Fjernvarmeværk;204;Hammel Fjernvarme;Naturgas kedel 2;Kedel;fvv;1988-09-01 00:00:00;;0;6,16;Ej i drift i 2025;Ej i drift i 2025;;;;;;;;;;;;
2025;169;161;161-4;Hinnerup Fjernvarme;8382;Hinnerup;710;Fjernvarmeværk;204;Hammel Fjernvarme;Naturgas kedel 1;Kedel;fvv;1989-06-01 00:00:00;;0;4,78;naturgas;naturgas;;0;1;;;0;;;;;;
2025;169;161;161-5;Hinnerup Fjernvarme;8382;Hinnerup;710;Fjernvarmeværk;204;Hammel Fjernvarme;Naturgas kedel 3;Kedel;fvv;1996-06-23 00:00:00;;0;5,82;Ej i drift i 2025;Ej i drift i 2025;;;;;;;;;;;;
2025;169;161;161-8;Hinnerup Fjernvarme;8382;Hinnerup;710;Fjernvarmeværk;204;Hammel Fjernvarme;Halmkedel 2;Kedel;fvv;2018-04-01 00:00:00;;0;13;halm;fast biomasse;;0;;;;1;;;;;;
2025;169;162;162-2;Hinnerup Fjernvarme;8382;Hinnerup;710;Fjernvarmeværk;204;Hammel Fjernvarme;Oliekedel;Kedel;fvv;1984-09-01 00:00:00;;0;7,5;gasolie;olie;;1;;;;0;;;;;;
2025;169;162;162-3;Hinnerup Fjernvarme;8382;Hinnerup;710;Fjernvarmeværk;204;Hammel Fjernvarme;Flisværket (kond. kedel);Kedel;fvv;2006-11-01 00:00:00;;0;6;skovflis;fast biomasse;;0;;;;1;;;;;;
2025;169;2286;2286-1;Hinnerup Fjernvarme;8382;Hinnerup;710;Fjernvarmeværk;204;Hammel Fjernvarme;Blokvarme central;Kedel;fvv;2016-10-01 00:00:00;;0;0,15;Ej i drift i 2025;Ej i drift i 2025;;;;;;;;;;;;
2025;170;637;637-1;HIRTSHALS FJERNVARME;9850;Hirtshals;860;Decentralt værk;298;Hjørring Fjernvarme (inkl. Hirtshals Fjernvarme fra 2011);QHI Gasturbine;Gasturbine;kvt;1989-01-01 00:00:00;;9;17,7;naturgas;naturgas;;0;1;;;0;;;;;;
2025;170;637;637-2;HIRTSHALS FJERNVARME;9850;Hirtshals;860;Decentralt værk;298;Hjørring Fjernvarme (inkl. Hirtshals Fjernvarme fra 2011);QHI Gaskedel;Kedel;fvv;1989-01-01 00:00:00;;0;16,5;naturgas;naturgas;;0;1;;;0;;;;;;
2025;171;163;163-1;Holeby Fjernvarme;4960;Holeby;360;Fjernvarmeværk;43;Holeby Fjernvarme;Holeby Fjernvarme;Kedel;fvv;2012-01-01 00:00:00;;0;5,6;gasolie;olie;;1;;;;0;;;;;;
2025;171;689;689-1;Holeby Fjernvarme;4960;Holeby;360;Fjernvarmeværk;43;Holeby Fjernvarme;Weiss;Kedel;fvv;2002-03-01 00:00:00;;0;6,3;halm;fast biomasse;;0;;;;1;;;;;;
2025;175;167;167-2;HVIDBJERG FJERNVARME A M B A;7790;Thyholm;671;Fjernvarmeværk;186;Hvidbjerg Fjernvarme;Oliekedel;Kedel;fvv;2004-10-01 00:00:00;;0;4,98;gasolie;olie;;1;;;;0;;;;;;
2025;175;167;167-3;HVIDBJERG FJERNVARME A M B A;7790;Thyholm;671;Fjernvarmeværk;186;Hvidbjerg Fjernvarme;halmværk;Kedel;fvv;2005-09-06 00:00:00;;0;4,98;halm;fast biomasse;;0;;;;1;;;;;;
2025;176;169;169-1;Haderslev Fjernvarme;6100;Haderslev;510;Fjernvarmeværk;103;Haderslev Fjernvarme;Kedel 1;Kedel;fvv;1959-09-01 00:00:00;;0;5,85;naturgas;naturgas;;0;1;;;0;;;;;;
2025;176;169;169-3;Haderslev Fjernvarme;6100;Haderslev;510;Fjernvarmeværk;103;Haderslev Fjernvarme;Kedel 3;Kedel;fvv;1993-01-01 00:00:00;;0;9,3;naturgas;naturgas;;0;1;;;0;;;;;;
2025;176;169;169-4;Haderslev Fjernvarme;6100;Haderslev;510;Fjernvarmeværk;103;Haderslev Fjernvarme;Kedel 4;Kedel;fvv;1965-01-01 00:00:00;;0;11,7;naturgas;naturgas;;0;1;;;0;;;;;;
2025;176;170;170-1;Haderslev Fjernvarme;6100;Haderslev;510;Decentralt værk;103;Haderslev Fjernvarme;Kedel 1;Kedel;fvv;1967-01-01 00:00:00;;0;4,68;naturgas;naturgas;;0;1;;;0;;;;;;
2025;176;170;170-3;Haderslev Fjernvarme;6100;Haderslev;510;Decentralt værk;103;Haderslev Fjernvarme;Kedel 3;Kedel;fvv;1967-09-01 00:00:00;;0;7,37;naturgas;naturgas;;0;1;;;0;;;;;;
2025;176;170;170-4;Haderslev Fjernvarme;6100;Haderslev;510;Decentralt værk;103;Haderslev Fjernvarme;Motor 1;Forbrændingsmotor;kvt;2007-03-01 00:00:00;;3,02;3,95;naturgas;naturgas;;0;1;;;0;;;;;;
2025;176;170;170-5;Haderslev Fjernvarme;6100;Haderslev;510;Decentralt værk;103;Haderslev Fjernvarme;Motor 2;Forbrændingsmotor;kvt;2007-03-01 00:00:00;;3,02;3,95;naturgas;naturgas;;0;1;;;0;;;;;;
2025;176;170;170-7;Haderslev Fjernvarme;6100;Haderslev;510;Decentralt værk;103;Haderslev Fjernvarme;El-kedel;Elpatron;fvv;2023-10-12 00:00:00;;0;8;elektricitet;elektricitet;;0;;;;0;;;;;1;
2025;176;171;171-1;Haderslev Fjernvarme;6100;Haderslev;510;Fjernvarmeværk;103;Haderslev Fjernvarme;Varmecentral Nederbyvænget;Kedel;fvv;1986-09-01 00:00:00;;0;2,6;naturgas;naturgas;;0;1;;;0;;;;;;
2025;176;1410;1410-1;Haderslev Fjernvarme;6100;Haderslev;510;Decentralt værk;103;Haderslev Fjernvarme;Kraftvarmeværk;Forbrændingsmotor;kvt;1997-11-01 00:00:00;;1;1,5;Ej i drift i 2025;Ej i drift i 2025;;;;;;;;;;;;
2025;176;1410;1410-4;Haderslev Fjernvarme;6100;Haderslev;510;Decentralt værk;103;Haderslev Fjernvarme;Træflisfyret kedel;Kedel;fvv;2009-01-01 00:00:00;;0;5,5;skovflis;fast biomasse;;0;;;;1;;;;;;
2025;176;1410;1410-5;Haderslev Fjernvarme;6100;Haderslev;510;Decentralt værk;103;Haderslev Fjernvarme;Naturgasfyret kedel;Kedel;fvv;2009-01-15 00:00:00;;0;5,1;naturgas;naturgas;;0;1;;;0;;;;;;
2025;176;2193;2193-1;Haderslev Fjernvarme;6100;Haderslev;510;Fjernvarmeværk;103;Haderslev Fjernvarme;Fliskedel 1;Kedel;fvv;2014-09-30 00:00:00;;0;11,5;skovflis;fast biomasse;;0;;;;1;;;;;;
2025;176;2193;2193-2;Haderslev Fjernvarme;6100;Haderslev;510;Fjernvarmeværk;103;Haderslev Fjernvarme;Fliskedel 2;Kedel;fvv;2014-09-30 00:00:00;;0;11,5;skovflis;fast biomasse;;0;;;;1;;;;;;
2025;176;2459;2459-1;Haderslev Fjernvarme;6100;Haderslev;510;Fjernvarmeværk;103;Haderslev Fjernvarme;Elkedel, Inopower ZBVA;Elpatron;fvv;2024-10-01 00:00:00;;0;15;elektricitet;elektricitet;;0;;;;0;;;;;1;
2025;176;2459;2459-2;Haderslev Fjernvarme;6100;Haderslev;510;Fjernvarmeværk;103;Haderslev Fjernvarme;Varmepumpe 1;Varmepumpe Luft;fvv;2024-12-10 00:00:00;;0;2,12;omgivelsesvarme;omgivelsesvarme;;0;;;;0;;;;;0,326115923;0,673884077
2025;176;2459;2459-3;Haderslev Fjernvarme;6100;Haderslev;510;Fjernvarmeværk;103;Haderslev Fjernvarme;Varmepumpe 2;Varmepumpe Luft;fvv;2024-12-10 00:00:00;;0;2,12;omgivelsesvarme;omgivelsesvarme;;0;;;;0;;;;;0,330712994;0,669287006
2025;176;2459;2459-4;Haderslev Fjernvarme;6100;Haderslev;510;Fjernvarmeværk;103;Haderslev Fjernvarme;Varmepumpe 3;Varmepumpe Luft;fvv;2024-12-10 00:00:00;;0;2,12;omgivelsesvarme;omgivelsesvarme;;0;;;;0;;;;;0,329882678;0,670117322
2025;176;2459;2459-5;Haderslev Fjernvarme;6100;Haderslev;510;Fjernvarmeværk;103;Haderslev Fjernvarme;Varmepumpe 4;Varmepumpe Luft;fvv;2024-12-10 00:00:00;;0;2,12;omgivelsesvarme;omgivelsesvarme;;0;;;;0;;;;;0,329899963;0,670100037
2025;176;2459;2459-6;Haderslev Fjernvarme;6100;Haderslev;510;Fjernvarmeværk;103;Haderslev Fjernvarme;Varmepumpe 5;Varmepumpe Luft;fvv;2024-12-10 00:00:00;;0;2,12;omgivelsesvarme;omgivelsesvarme;;0;;;;0;;;;;0,331383373;0,668616627
2025;176;2459;2459-7;Haderslev Fjernvarme;6100;Haderslev;510;Fjernvarmeværk;103;Haderslev Fjernvarme;Chiller (varmegenvinding);Varmepumpe Luft;fvv;2024-11-01 00:00:00;;0;0,265;omgivelsesvarme;omgivelsesvarme;;0;;;;0;;;;;0,342857143;0,657142857
2025;178;172;172-1;HADSTEN VARMEVÆRK A M B A;8370;Hadsten;710;Fjernvarmeværk;203;Hadsten Fjernvarme;K12;Kedel;fvv;2003-11-01 00:00:00;;0;8;halm;fast biomasse;;0;;;;1;;;;;;
2025;178;172;172-2;HADSTEN VARMEVÆRK A M B A;8370;Hadsten;710;Fjernvarmeværk;203;Hadsten Fjernvarme;K13;Kedel;fvv;2006-11-01 00:00:00;;0;8;halm;fast biomasse;;0;;;;1;;;;;;
2025;178;172;172-3;HADSTEN VARMEVÆRK A M B A;8370;Hadsten;710;Fjernvarmeværk;203;Hadsten Fjernvarme;K14;Kedel;fvv;1988-01-01 00:00:00;;0;3,6;naturgas;naturgas;;0;1;;;0;;;;;;
2025;178;172;172-4;HADSTEN VARMEVÆRK A M B A;8370;Hadsten;710;Fjernvarmeværk;203;Hadsten Fjernvarme;K15;Kedel;fvv;1988-01-01 00:00:00;;0;2,5;Ej i drift i 2025;Ej i drift i 2025;;;;;;;;;;;;
2025;178;172;172-5;HADSTEN VARMEVÆRK A M B A;8370;Hadsten;710;Fjernvarmeværk;203;Hadsten Fjernvarme;K16;Kedel;fvv;1988-01-01 00:00:00;;0;5,8;naturgas;naturgas;;0;1;;;0;;;;;;
2025;178;989;989-1;HADSTEN VARMEVÆRK A M B A;8370;Hadsten;710;Fjernvarmeværk;203;Hadsten Fjernvarme;K1;Kedel;fvv;2019-11-01 00:00:00;;0;6;naturgas;naturgas;;0;1;;;0;;;;;;
2025;178;989;989-2;HADSTEN VARMEVÆRK A M B A;8370;Hadsten;710;Fjernvarmeværk;203;Hadsten Fjernvarme;K2;Kedel;fvv;2019-11-01 00:00:00;;0;6;naturgas;naturgas;;0;1;;;0;;;;;;
2025;178;2376;2376-1;HADSTEN VARMEVÆRK A M B A;8370;Hadsten;710;Fjernvarmeværk;203;Hadsten Fjernvarme;Solvarme (25.000 m2);Solvarme;fvv;2019-03-15 00:00:00;;0;18,5;solenergi;solenergi;;0;;;;0;;;1;;;
2025;179;173;173-1;Hadsund Fjernvarme a.m.b.a.;9560;Hadsund;846;Fjernvarmeværk;291;Hadsund By Fjernvarme;Spidslastkedel nr.1;Kedel;fvv;2006-12-15 00:00:00;;0;6;gasolie;olie;;1;;;;0;;;;;;
2025;179;173;173-2;Hadsund Fjernvarme a.m.b.a.;9560;Hadsund;846;Fjernvarmeværk;291;Hadsund By Fjernvarme;Spidslastkedel nr. 2;Kedel;fvv;2006-12-15 00:00:00;;0;6;Ej i drift i 2025;Ej i drift i 2025;;;;;;;;;;;;
2025;179;174;174-3;Hadsund Fjernvarme a.m.b.a.;9560;Hadsund;846;Fjernvarmeværk;291;Hadsund By Fjernvarme;Fliskedel 1;Kedel;fvv;2005-12-15 00:00:00;;0;6,24;skovflis;fast biomasse;;0;;;;1;;;;;;
2025;179;174;174-4;Hadsund Fjernvarme a.m.b.a.;9560;Hadsund;846;Fjernvarmeværk;291;Hadsund By Fjernvarme;Fliskedel 2;Kedel;fvv;2005-12-15 00:00:00;;0;6,24;skovflis;fast biomasse;;0;;;;1;;;;;;
2025;179;174;174-6;Hadsund Fjernvarme a.m.b.a.;9560;Hadsund;846;Fjernvarmeværk;291;Hadsund By Fjernvarme;Elkedel;Elpatron;fvv;2025-05-28 00:00:00;;0;15;elektricitet;elektricitet;;0;;;;0;;;;;1;
2025;179;175;175-2;Hadsund Fjernvarme a.m.b.a.;9560;Hadsund;846;Fjernvarmeværk;291;Hadsund By Fjernvarme;Spidslast kedel 1;Kedel;fvv;2015-10-28 00:00:00;;0;2;gasolie;olie;;1;;;;0;;;;;;
2025;179;176;176-2;Hadsund Fjernvarme a.m.b.a.;9560;Hadsund;846;Fjernvarmeværk;291;Hadsund By Fjernvarme;Transbjergholt;Kedel;fvv;2013-04-01 00:00:00;;0;2;Ej i drift i 2025;Ej i drift i 2025;;;;;;;;;;;;
2025;179;176;176-3;Hadsund Fjernvarme a.m.b.a.;9560;Hadsund;846;Fjernvarmeværk;291;Hadsund By Fjernvarme;Transbjergholt;Kedel;fvv;2013-04-01 00:00:00;;0;2;Ej i drift i 2025;Ej i drift i 2025;;;;;;;;;;;;
2025;179;2273;2273-1;Hadsund Fjernvarme a.m.b.a.;9560;Hadsund;846;Fjernvarmeværk;291;Hadsund By Fjernvarme;Solvarmeanlæg - 20513m2;Solvarme;fvv;2016-02-01 00:00:00;;0;14;solenergi;solenergi;;0;;;;0;;;1;;;
2025;179;2356;2356-1;Hadsund Fjernvarme a.m.b.a.;9560;Hadsund;846;Erhvervsværk;291;Hadsund By Fjernvarme;Overskudsvarme SuperBrugsen;Overskudsvarme;pvp;2018-01-01 00:00:00;;0;0,05;braendselsfrit;braendselsfrit;;0;;;;0;;1;;;;
2025;182;179;179-3;Hals Fjernvarme AmbA;9370;Hals;851;Fjernvarmeværk;293;Hals Fjernvarme;Bio-kedel;Kedel;fvv;2001-12-18 00:00:00;;0;6;skovflis;fast biomasse;;0;;;;1;;;;;;
2025;182;179;179-4;Hals Fjernvarme AmbA;9370;Hals;851;Fjernvarmeværk;293;Hals Fjernvarme;Oliekedel;Kedel;fvv;2012-02-21 00:00:00;;0;10;fuelolie;olie;;1;;;;0;;;;;;
2025;182;179;179-5;Hals Fjernvarme AmbA;9370;Hals;851;Fjernvarmeværk;293;Hals Fjernvarme;Halmkedel;Kedel;fvv;2015-06-15 00:00:00;;0;4;halm;fast biomasse;;0;;;;1;;;;;;
2025;182;1492;1492-1;Hals Fjernvarme AmbA;9370;Hals;851;Erhvervsværk;293;Hals Fjernvarme;Overskudsvarme;Overskudsvarme;pvp;1992-01-01 00:00:00;;0;5;braendselsfrit;braendselsfrit;;0;;;;0;;1;;;;
2025;184;131;131-4;HAMMEL FJERNVARME A M B A;8882;Fårvang;740;Fjernvarmeværk;204;Hammel Fjernvarme;Weiss;Kedel;fvv;2004-11-10 00:00:00;;0;3,5;skovflis;fast biomasse;;0;;;;1;;;;;;
2025;184;131;131-5;HAMMEL FJERNVARME A M B A;8882;Fårvang;740;Fjernvarmeværk;204;Hammel Fjernvarme;Weiss;Kedel;fvv;2004-12-15 00:00:00;;0;1;Ej i drift i 2025;Ej i drift i 2025;;;;;;;;;;;;
2025;184;131;131-6;HAMMEL FJERNVARME A M B A;8882;Fårvang;740;Fjernvarmeværk;204;Hammel Fjernvarme;Danstoker oliekedel;Kedel;fvv;2010-11-01 00:00:00;;0;4,25;gasolie;olie;;1;;;;0;;;;;;
2025;184;145;145-1;HAMMEL FJERNVARME A M B A;8883;Gjern;740;Fjernvarmeværk;204;Hammel Fjernvarme;Kedel 1;Kedel;fvv;2012-01-01 00:00:00;;0;13;traepiller;fast biomasse;;0,016189262;;;;0,983810738;;;;;;
2025;184;182;182-1;HAMMEL FJERNVARME A M B A;8450;Hammel;710;Fjernvarmeværk;204;Hammel Fjernvarme;Oliekedel 1 Heto serie nr. 3684;Kedel;fvv;1986-10-01 00:00:00;;0;3,33;bio-olie;bio-olie;;0;;;;0;1;;;;;
2025;184;182;182-10;HAMMEL FJERNVARME A M B A;8450;Hammel;710;Fjernvarmeværk;204;Hammel Fjernvarme;Solid varmepumpe;Varmepumpe røggas;fvv;2020-12-28 00:00:00;;0;1;elektricitet;elektricitet;;0;;;;0;;;;;1;
2025;184;182;182-11;HAMMEL FJERNVARME A M B A;8450;Hammel;710;Fjernvarmeværk;204;Hammel Fjernvarme;Terminova varmepumpe;Varmepumpe Luft;fvv;2020-12-28 00:00:00;;0;0,4;omgivelsesvarme;omgivelsesvarme;;0;;;;0;;;;;0,331210191;0,668789809
2025;184;182;182-12;HAMMEL FJERNVARME A M B A;8450;Hammel;710;Fjernvarmeværk;204;Hammel Fjernvarme;Gaskedel;Kedel;fvv;2022-01-01 00:00:00;;0;5,52;naturgas;naturgas;;0;1;;;0;;;;;;
2025;184;182;182-2;HAMMEL FJERNVARME A M B A;8450;Hammel;710;Fjernvarmeværk;204;Hammel Fjernvarme;Oliekedel 2 Eurotherm 40/1539;Kedel;fvv;1989-06-06 00:00:00;;0;6,66;Ej i drift i 2025;Ej i drift i 2025;;;;;;;;;;;;
2025;184;182;182-4;HAMMEL FJERNVARME A M B A;8450;Hammel;710;Fjernvarmeværk;204;Hammel Fjernvarme;Affaldsovn 1 vølund 4250;Kedel;fvv;1986-09-01 00:00:00;2025-12-31 00:00:00;0;6,66;Ej i drift i 2025;Ej i drift i 2025;;;;;;;;;;;;
2025;184;182;182-5;HAMMEL FJERNVARME A M B A;8450;Hammel;710;Fjernvarmeværk;204;Hammel Fjernvarme;Affaldsovn 2 Vølund 4450;Kedel;fvv;2002-09-01 00:00:00;;0;15,5;affald;affald;;0,016033688;;0,983966312;;0;0;;;;;
2025;184;182;182-8;HAMMEL FJERNVARME A M B A;8450;Hammel;710;Fjernvarmeværk;204;Hammel Fjernvarme;Flisovn Tjæreborg;Kedel;fvv;2013-12-03 00:00:00;;0;10;skovflis;fast biomasse;;0;;;;1;;;;;;
2025;184;183;183-1;HAMMEL FJERNVARME A M B A;8450;Hammel;710;Fjernvarmeværk;204;Hammel Fjernvarme;Godhåbsvejcentralen;Kedel;fvv;1957-09-01 00:00:00;;0;12;Ej i drift i 2025;Ej i drift i 2025;;;;;;;;;;;;
2025;184;1265;1265-3;HAMMEL FJERNVARME A M B A;8471;Sabro;710;Decentralt værk;204;Hammel Fjernvarme;Gasmaster;Kedel;fvv;1996-01-01 00:00:00;;0;2,5;naturgas;naturgas;;0;1;;;0;;;;;;
2025;184;2241;2241-1;HAMMEL FJERNVARME A M B A;8450;Hammel;710;Fjernvarmeværk;204;Hammel Fjernvarme;Kedel 1;Kedel;fvv;2014-01-01 00:00:00;;0;5;naturgas;naturgas;;0;1;;;0;;;;;;
2025;184;2241;2241-2;HAMMEL FJERNVARME A M B A;8450;Hammel;710;Fjernvarmeværk;204;Hammel Fjernvarme;Kedel 2;Kedel;fvv;2014-01-01 00:00:00;;0;5;Ej i drift i 2025;Ej i drift i 2025;;;;;;;;;;;;
2025;185;184;184-1;HAMMERSHØJ FJERNVARMEVÆRK;8830;Tjele;791;Decentralt værk;265;Hammershøj Fjernvarme;Gammel værk;Kedel;fvv;1986-10-01 00:00:00;;0;2,33;naturgas;naturgas;;0;1;;;0;;;;;;
2025;185;184;184-3;HAMMERSHØJ FJERNVARMEVÆRK;8830;Tjele;791;Decentralt værk;265;Hammershøj Fjernvarme;Jenbacher;Forbrændingsmotor;kvt;2006-12-07 00:00:00;;2;2,55;naturgas;naturgas;;0;1;;;0;;;;;;
2025;185;2336;2336-1;HAMMERSHØJ FJERNVARMEVÆRK;8830;Tjele;791;Fjernvarmeværk;265;Hammershøj Fjernvarme;Solvarme;Solvarme;fvv;2016-09-15 00:00:00;;0;4;solenergi;solenergi;;0;;;;0;;;1;;;
2025;185;2336;2336-2;HAMMERSHØJ FJERNVARMEVÆRK;8830;Tjele;791;Fjernvarmeværk;265;Hammershøj Fjernvarme;Varmepumpe;Varmepumpe Luft;fvv;2020-10-15 00:00:00;;0;1;omgivelsesvarme;omgivelsesvarme;;0;;;;0;;;;;0,338608638;0,661391362
2025;186;185;185-2;HANSTHOLM VARMEVÆRK A M B A;7730;Hanstholm;787;Fjernvarmeværk;234;Hanstholm Fjernvarme;Gaskedel (stor);Kedel;fvv;1986-01-01 00:00:00;;0;6,3;naturgas;naturgas;;0;1;;;0;0;;;;;
2025;186;185;185-3;HANSTHOLM VARMEVÆRK A M B A;7730;Hanstholm;787;Fjernvarmeværk;234;Hanstholm Fjernvarme;Gaskedel (lille);Kedel;fvv;1992-01-01 00:00:00;;0;3,6;naturgas;naturgas;;0;1;;;0;;;;;;
2025;186;1067;1067-1;HANSTHOLM VARMEVÆRK A M B A;7730;Hanstholm;787;Decentralt værk;234;Hanstholm Fjernvarme;QHH;Forbrændingsmotor;kvt;1994-01-01 00:00:00;;5,2;7;naturgas;naturgas;;0;1;;;0;;;;;;
2025;186;1067;1067-2;HANSTHOLM VARMEVÆRK A M B A;7730;Hanstholm;787;Decentralt værk;234;Hanstholm Fjernvarme;Elkedel;Elpatron;fvv;2011-07-01 00:00:00;;0;10;elektricitet;elektricitet;;0;;;;0;;;;;1;
2025;186;1067;1067-3;HANSTHOLM VARMEVÆRK A M B A;7730;Hanstholm;787;Decentralt værk;234;Hanstholm Fjernvarme;Fliskedel;Kedel;fvv;2015-09-01 00:00:00;;0;6,3;skovflis;fast biomasse;;0;;;;1;;;;;;
2025;186;1067;1067-4;HANSTHOLM VARMEVÆRK A M B A;7730;Hanstholm;787;Decentralt værk;234;Hanstholm Fjernvarme;Varmepumpe 1;Varmepumpe Luft;fvv;2025-03-01 00:00:00;;0;2,6;omgivelsesvarme;omgivelsesvarme;;0;;;;0;;;;;0,356185728;0,643814272
2025;186;1067;1067-5;HANSTHOLM VARMEVÆRK A M B A;7730;Hanstholm;787;Decentralt værk;234;Hanstholm Fjernvarme;Varmepumpe 2;Varmepumpe Luft;fvv;2025-03-01 00:00:00;;0;2,6;omgivelsesvarme;omgivelsesvarme;;0;;;;0;;;;;0,357146448;0,642853552
2025;192;188;188-10;Hedensted Fjernvarme Amba;8722;Hedensted;766;Decentralt værk;146;Hedensted Fjernvarme;9MW elkedel;Elpatron;fvv;2022-08-08 00:00:00;;0;9;elektricitet;elektricitet;;0;;;;0;;;;;1;
2025;192;188;188-2;Hedensted Fjernvarme Amba;8722;Hedensted;766;Decentralt værk;146;Hedensted Fjernvarme;kedel 1;Kedel;fvv;2004-08-31 00:00:00;;0;10;naturgas;naturgas;;0;1;;;0;0;;;;;
2025;192;188;188-5;Hedensted Fjernvarme Amba;8722;Hedensted;766;Decentralt værk;146;Hedensted Fjernvarme;motor 4;Forbrændingsmotor;kvt;2001-01-01 00:00:00;;1,9;2,6;naturgas;naturgas;;0;1;;;0;;;;;;
2025;192;188;188-6;Hedensted Fjernvarme Amba;8722;Hedensted;766;Decentralt værk;146;Hedensted Fjernvarme;kedel 2;Kedel;fvv;2004-08-31 00:00:00;;0;4,25;naturgas;naturgas;;0;1;;;0;;;;;;
2025;192;2280;2280-1;Hedensted Fjernvarme Amba;8722;Hedensted;766;Erhvervsværk;146;Hedensted Fjernvarme;Overskudsvarme fra Jacobsens Bakery;Overskudsvarme;pvp;2015-01-01 00:00:00;;0;0,25;braendselsfrit;braendselsfrit;;0;;;;0;;1;;;;
2025;192;2281;2281-1;Hedensted Fjernvarme Amba;8722;Hedensted;766;Erhvervsværk;146;Hedensted Fjernvarme;Overskudsvarme fra SuperBrugsen;Overskudsvarme;pvp;2014-04-01 00:00:00;;0;0,05;Ej i drift i 2025;Ej i drift i 2025;;;;;;;;;;;;
2025;192;2325;2325-1;Hedensted Fjernvarme Amba;8722;Hedensted;766;Fjernvarmeværk;146;Hedensted Fjernvarme;Kedel Linka;Kedel;fvv;2017-11-07 00:00:00;;0;1,8;traepiller;fast biomasse;;0;;;;1;;;;;;
2025;192;2415;2415-1;Hedensted Fjernvarme Amba;8722;Hedensted;766;Fjernvarmeværk;146;Hedensted Fjernvarme;VP syd (Air liquide);Varmepumpe Overskudsvarme;fvv;2020-08-01 00:00:00;;0;8,5;braendselsfrit;braendselsfrit;;0;;;;0;;0,768433013;;;0,231566987;
2025;192;2416;2416-1;Hedensted Fjernvarme Amba;8722;Hedensted;766;Fjernvarmeværk;146;Hedensted Fjernvarme;Solvarmeanlæg - 11000 m2;Solvarme;fvv;2016-07-01 00:00:00;;0;8;solenergi;solenergi;;0;;;;0;;;1;;0;
2025;194;189;189-2;HEJNSVIG VARMEVÆRK A M B A;7250;Hejnsvig;530;Decentralt værk;130;Hejnsvig Fjernvarme;Gaskedel;Kedel;fvv;2012-01-01 00:00:00;;0;2,5;Ej i drift i 2025;Ej i drift i 2025;;;;;;;;;;;;
2025;194;189;189-3;HEJNSVIG VARMEVÆRK A M B A;7250;Hejnsvig;530;Decentralt værk;130;Hejnsvig Fjernvarme;Solvarmeanlæg 5767 m2;Solvarme;fvv;2010-06-01 00:00:00;;0;4,2;solenergi;solenergi;;0;;;;0;;;1;;;
2025;194;189;189-4;HEJNSVIG VARMEVÆRK A M B A;7250;Hejnsvig;530;Decentralt værk;130;Hejnsvig Fjernvarme;Biomassekedel til træpiller;Kedel;fvv;2016-10-01 00:00:00;;0;1,6;traepiller;fast biomasse;;0;;;;1;;;;;;
2025;194;189;189-6;HEJNSVIG VARMEVÆRK A M B A;7250;Hejnsvig;530;Decentralt værk;130;Hejnsvig Fjernvarme;Elkedel;Elpatron;fvv;2022-09-01 00:00:00;;0;2,4;elektricitet;elektricitet;;0;;;;0;;;;;1;
2025;200;192;192-1;Verdo Varme Herning A/S;7400;Herning;657;Fjernvarmeværk;163;Herning-Ikast Fjernvarme;Kedel 3;Kedel;fvv;1969-01-01 00:00:00;;0;18,6;gasolie;olie;;1;;;;0;;;;;;
2025;200;192;192-2;Verdo Varme Herning A/S;7400;Herning;657;Fjernvarmeværk;163;Herning-Ikast Fjernvarme;Kedel 2;Kedel;fvv;1973-01-01 00:00:00;;0;23,6;gasolie;olie;;1;;;;0;;;;;;
2025;200;192;192-3;Verdo Varme Herning A/S;7400;Herning;657;Fjernvarmeværk;163;Herning-Ikast Fjernvarme;Kedel 1;Kedel;fvv;1986-01-01 00:00:00;;0;29;naturgas;naturgas;;0;1;;;0;;;;;;
2025;200;192;192-4;Verdo Varme Herning A/S;7400;Herning;657;Fjernvarmeværk;163;Herning-Ikast Fjernvarme;Kedel 4;Kedel;fvv;2012-01-01 00:00:00;;0;25;naturgas;naturgas;;0;1;;;0;;;;;;
2025;200;193;193-3;Verdo Varme Herning A/S;7400;Herning;657;Fjernvarmeværk;163;Herning-Ikast Fjernvarme;Kedel 2;Kedel;fvv;1966-01-01 00:00:00;;0;9,3;naturgas;naturgas;;0;1;;;0;;;;;;
2025;200;193;193-4;Verdo Varme Herning A/S;7400;Herning;657;Fjernvarmeværk;163;Herning-Ikast Fjernvarme;Kedel 3;Kedel;fvv;1966-01-01 00:00:00;;0;9,3;naturgas;naturgas;;0;1;;;0;;;;;;
2025;200;193;193-5;Verdo Varme Herning A/S;7400;Herning;657;Fjernvarmeværk;163;Herning-Ikast Fjernvarme;Kedel 1;Kedel;fvv;1986-01-01 00:00:00;;0;18,6;naturgas;naturgas;;0;1;;;0;;;;;;
2025;200;193;193-6;Verdo Varme Herning A/S;7400;Herning;657;Fjernvarmeværk;163;Herning-Ikast Fjernvarme;Kedel 4;Kedel;fvv;2009-05-04 00:00:00;;0;21,8;naturgas;naturgas;;0;1;;;0;;;;;;
2025;200;194;194-1;Verdo Varme Herning A/S;7400;Herning;657;Fjernvarmeværk;163;Herning-Ikast Fjernvarme;Lind kedel 2;Kedel;fvv;1964-01-01 00:00:00;;0;9,3;gasolie;olie;;1;;;;0;;;;;;
2025;200;194;194-2;Verdo Varme Herning A/S;7400;Herning;657;Fjernvarmeværk;163;Herning-Ikast Fjernvarme;Lind kedel 1;Kedel;fvv;1973-01-01 00:00:00;;0;7,3;gasolie;olie;;1;;;;0;;;;;;
2025;200;195;195-1;Verdo Varme Herning A/S;7400;Herning;657;Fjernvarmeværk;169;Sinding Fjernvarme;Sinding biokedel;Kedel;fvv;2015-01-01 00:00:00;;0;0,95;traepiller;fast biomasse;;0;;;;1;;;;;;
2025;200;195;195-2;Verdo Varme Herning A/S;7400;Herning;657;Fjernvarmeværk;169;Sinding Fjernvarme;Sinding oliekedel;Kedel;fvv;2007-01-01 00:00:00;;0;1,5;gasolie;olie;;1;;;;0;;;;;;
2025;200;196;196-1;Verdo Varme Herning A/S;7451;Sunds;657;Fjernvarmeværk;170;Simmmelkær Fjernvarme;Simmelkær biokedel;Kedel;fvv;2007-01-01 00:00:00;;0;0,95;traepiller;fast biomasse;;0;;;;1;;;;;;
2025;200;196;196-2;Verdo Varme Herning A/S;7451;Sunds;657;Fjernvarmeværk;170;Simmmelkær Fjernvarme;Simmelkær oliekedel;Kedel;fvv;1991-01-01 00:00:00;;0;1;gasolie;olie;;1;;;;0;;;;;;
2025;200;197;197-1;Verdo Varme Herning A/S;7330;Brande;657;Fjernvarmeværk;165;Fasterholt Fjernvarme;Fasterholt biokedel;Kedel;fvv;2006-01-01 00:00:00;;0;0,95;traepiller;fast biomasse;;0;;;;1;;;;;;
2025;200;197;197-2;Verdo Varme Herning A/S;7330;Brande;657;Fjernvarmeværk;165;Fasterholt Fjernvarme;Fasterholt oliekedel;Kedel;fvv;1992-01-01 00:00:00;;0;0,95;gasolie;olie;;1;;;;0;;;;;;
2025;200;198;198-1;Verdo Varme Herning A/S;7400;Herning;657;Fjernvarmeværk;164;Høgild Fjernvarme;Høgild biokedel;Kedel;fvv;2013-01-01 00:00:00;;0;0,95;skovflis;fast biomasse;;0;;;;1;;;;;;
2025;200;198;198-2;Verdo Varme Herning A/S;7400;Herning;657;Fjernvarmeværk;164;Høgild Fjernvarme;Høgild oliekedel;Kedel;fvv;1965-01-01 00:00:00;;0;1,4;gasolie;olie;;1;;;;0;;;;;;
2025;200;199;199-1;Verdo Varme Herning A/S;7400;Herning;657;Fjernvarmeværk;163;Herning-Ikast Fjernvarme;Kølkær biokedel;Kedel;fvv;2012-01-01 00:00:00;;0;2;traepiller;fast biomasse;;0;;;;1;;;;;;
2025;200;199;199-2;Verdo Varme Herning A/S;7400;Herning;657;Fjernvarmeværk;163;Herning-Ikast Fjernvarme;Kølkær solvarme;Solvarme;fvv;2016-05-01 00:00:00;;0;2;solenergi;solenergi;;0;;;;0;;;1;;;
2025;200;199;199-3;Verdo Varme Herning A/S;7400;Herning;657;Fjernvarmeværk;163;Herning-Ikast Fjernvarme;Kølkær oliekedel;Kedel;fvv;1992-01-01 00:00:00;;0;1,5;gasolie;olie;;1;;;;0;;;;;;
2025;200;200;200-2;Verdo Varme Herning A/S;7400;Herning;657;Decentralt værk;166;Arnborg Fjernvarme;Arnborg biokedel;Kedel;fvv;2008-01-01 00:00:00;;0;1,15;traepiller;fast biomasse;;0;;;;1;;;;;;
2025;200;200;200-3;Verdo Varme Herning A/S;7400;Herning;657;Decentralt værk;166;Arnborg Fjernvarme;Arnborg oliekedel;Kedel;fvv;1964-01-01 00:00:00;;0;1,8;gasolie;olie;;1;;;;0;;;;;;
2025;200;202;202-1;Verdo Varme Herning A/S;7400;Herning;657;Fjernvarmeværk;163;Herning-Ikast Fjernvarme;Hammerum;Kedel;fvv;1965-01-01 00:00:00;;0;17,5;Ej i drift i 2025;Ej i drift i 2025;;;;;;;;;;;;
2025;200;663;663-2;Verdo Varme Herning A/S;7490;Aulum;657;Fjernvarmeværk;160;Hodsager Fjernvarme;Hodsager oliekedel;Kedel;fvv;1993-01-01 00:00:00;;0;2,25;gasolie;olie;;1;;;;0;;;;;;
2025;200;663;663-4;Verdo Varme Herning A/S;7490;Aulum;657;Fjernvarmeværk;160;Hodsager Fjernvarme;Hodsager biokedel;Kedel;fvv;2007-01-01 00:00:00;;0;1,19;traepiller;fast biomasse;;0;;;;1;;;;;;
2025;200;1044;1044-1;Verdo Varme Herning A/S;7400;Herning;657;Fjernvarmeværk;168;Haunstrup Fjernvarme;Haunstrup biokedel;Kedel;fvv;2003-01-01 00:00:00;;0;0,65;traepiller;fast biomasse;;0;;;;1;;;;;;
2025;200;1044;1044-2;Verdo Varme Herning A/S;7400;Herning;657;Fjernvarmeværk;168;Haunstrup Fjernvarme;Haunstrup oliekedel;Kedel;fvv;1995-01-01 00:00:00;;0;0,65;gasolie;olie;;1;;;;0;;;;;;
2025;200;1241;1241-1;Verdo Varme Herning A/S;7400;Herning;657;Fjernvarmeværk;163;Herning-Ikast Fjernvarme;Gjellerup;Kedel;fvv;1973-01-01 00:00:00;;0;16,4;gasolie;olie;;1;;;;0;;;;;;
2025;200;1243;1243-1;Verdo Varme Herning A/S;7400;Herning;657;Fjernvarmeværk;163;Herning-Ikast Fjernvarme;Snejbjerg kedel 1;Kedel;fvv;1971-01-01 00:00:00;;0;7,3;gasolie;olie;;1;;;;0;;;;;;
2025;200;1243;1243-2;Verdo Varme Herning A/S;7400;Herning;657;Fjernvarmeværk;163;Herning-Ikast Fjernvarme;Snejbjerg kedel 2;Kedel;fvv;1969-01-01 00:00:00;;0;5,8;gasolie;olie;;1;;;;0;;;;;;
2025;200;1244;1244-1;Verdo Varme Herning A/S;7400;Herning;657;Fjernvarmeværk;163;Herning-Ikast Fjernvarme;Kedel 1;Kedel;fvv;1977-01-01 00:00:00;;0;11,6;gasolie;olie;;1;;;;0;;;;;;
2025;200;1244;1244-2;Verdo Varme Herning A/S;7400;Herning;657;Fjernvarmeværk;163;Herning-Ikast Fjernvarme;Kedel 2;Kedel;fvv;1977-01-01 00:00:00;;0;11,6;gasolie;olie;;1;;;;0;;;;;;
2025;200;1244;1244-3;Verdo Varme Herning A/S;7400;Herning;657;Fjernvarmeværk;163;Herning-Ikast Fjernvarme;Kedel 3;Kedel;fvv;1977-01-01 00:00:00;;0;11,6;gasolie;olie;;1;;;;0;;;;;;
2025;200;1353;1353-1;Verdo Varme Herning A/S;7400;Herning;657;Decentralt værk;163;Herning-Ikast Fjernvarme;Baggeskærvej kedel 1;Kedel;fvv;2018-01-01 00:00:00;;0;6;naturgas;naturgas;;0;1;;;0;;;;;;
2025;200;1553;1553-1;Verdo Varme Herning A/S;7400;Herning;657;Fjernvarmeværk;163;Herning-Ikast Fjernvarme;Mobil varmecentral, HI-park;Kedel;fvv;2006-10-01 00:00:00;;0;1,1;gasolie;olie;;1;;;;0;;;;;;
2025;200;1642;1642-1;Verdo Varme Herning A/S;7451;Sunds;657;Fjernvarmeværk;163;Herning-Ikast Fjernvarme;Ilskov;Kedel;fvv;2001-09-01 00:00:00;;0;2;gasolie;olie;;1;;;;0;;;;;;
2025;200;2008;2008-1;Verdo Varme Herning A/S;7400;Herning;657;Fjernvarmeværk;163;Herning-Ikast Fjernvarme;HI-Park kedel 1;Kedel;fvv;2008-01-01 00:00:00;;0;8,5;naturgas;naturgas;;0;1;;;0;;;;;;
2025;200;2008;2008-2;Verdo Varme Herning A/S;7400;Herning;657;Fjernvarmeværk;163;Herning-Ikast Fjernvarme;HI-Park kedel 2;Kedel;fvv;2008-01-01 00:00:00;;0;10;naturgas;naturgas;;0;1;;;0;;;;;;
2025;200;2443;2443-1;Verdo Varme Herning A/S;7400;Herning;657;Fjernvarmeværk;163;Herning-Ikast Fjernvarme;Varmepumpe;Varmepumpe Luft;fvv;2022-01-01 00:00:00;;0;1;omgivelsesvarme;omgivelsesvarme;;0;;;;0;;;;;0,322439633;0,677560367
2025;200;2443;2443-2;Verdo Varme Herning A/S;7400;Herning;657;Fjernvarmeværk;163;Herning-Ikast Fjernvarme;Gaskedel LPG;Kedel;fvv;2022-01-01 00:00:00;;0;1,5;lpg;olie;;1;;;;0;;;;;;
2025;202;207;207-1;Hjallerup Fjernvarmeværk A.m.b.a.;9320;Hjallerup;810;Decentralt værk;284;Hjallerup Fjernvarme;Gasmotor 1;Forbrændingsmotor;kvt;2012-09-01 00:00:00;;2,8;3,7;naturgas;naturgas;;0;1;;;0;;;;;;
2025;202;207;207-4;Hjallerup Fjernvarmeværk A.m.b.a.;9320;Hjallerup;810;Decentralt værk;284;Hjallerup Fjernvarme;Gasmotor 2;Forbrændingsmotor;kvt;2012-09-01 00:00:00;;2,8;3,7;naturgas;naturgas;;0;1;;;0;;;;;;
2025;202;207;207-5;Hjallerup Fjernvarmeværk A.m.b.a.;9320;Hjallerup;810;Decentralt værk;284;Hjallerup Fjernvarme;El kedel;Elpatron;fvv;2012-05-25 00:00:00;;0;6;elektricitet;elektricitet;;0;;;;0;;;;;1;
2025;202;312;312-2;Hjallerup Fjernvarmeværk A.m.b.a.;9320;Hjallerup;810;Decentralt værk;284;Hjallerup Fjernvarme;Jenbacher 612 (GS-N.LC);Forbrændingsmotor;kvt;2007-11-01 00:00:00;;1,82;2,06;naturgas;naturgas;;0;1;;;0;;;;;;
2025;202;312;312-3;Hjallerup Fjernvarmeværk A.m.b.a.;9320;Hjallerup;810;Decentralt værk;284;Hjallerup Fjernvarme;Danstoker type WE-H 80;Kedel;fvv;1980-01-01 00:00:00;;0;1,85;naturgas;naturgas;;0;1;;;0;;;;;;
2025;202;312;312-4;Hjallerup Fjernvarmeværk A.m.b.a.;9320;Hjallerup;810;Decentralt værk;284;Hjallerup Fjernvarme;Gasdrevet varmepumpe;Varmepumpe Kombi;fvv;2018-11-01 00:00:00;;0;1,6;Ej i drift i 2025;Ej i drift i 2025;;;;;;;;;;;;
2025;202;2300;2300-1;Hjallerup Fjernvarmeværk A.m.b.a.;9320;Hjallerup;810;Fjernvarmeværk;284;Hjallerup Fjernvarme;Halmkedel;Kedel;fvv;2016-09-01 00:00:00;;0;1,8;halm;fast biomasse;;0;;;;1;;;;;;
2025;202;2300;2300-2;Hjallerup Fjernvarmeværk A.m.b.a.;9320;Hjallerup;810;Fjernvarmeværk;284;Hjallerup Fjernvarme;Solvarme (21.432 m2);Solvarme;fvv;2016-09-01 00:00:00;;0;16;solenergi;solenergi;;0;;;;0;;;1;;;
2025;203;208;208-3;HJORDKÆR FJERNVARMEVÆRK AMBA;6230;Rødekro;580;Decentralt værk;117;Aabenrå - Rødekro - Hjordkær Fjernvarme;Kraftvarmeanlæg;Dampturbine;kvt;1997-09-01 00:00:00;;0,6;3,4;skovflis;fast biomasse;;0;;;;1;;;;;;
2025;203;208;208-4;HJORDKÆR FJERNVARMEVÆRK AMBA;6230;Rødekro;580;Decentralt værk;117;Aabenrå - Rødekro - Hjordkær Fjernvarme;Fliskedel;Kedel;fvv;2009-01-05 00:00:00;;0;0,8;skovflis;fast biomasse;;0;;;;1;;;;;;
2025;203;208;208-5;HJORDKÆR FJERNVARMEVÆRK AMBA;6230;Rødekro;580;Decentralt værk;117;Aabenrå - Rødekro - Hjordkær Fjernvarme;Oliekedel;Kedel;fvv;2013-03-28 00:00:00;;0;5,9;gasolie;olie;;1;;;;0;;;;;;
2025;204;209;209-1;HJØRRING VARMEFORSYNING A M B A;9800;Hjørring;860;Fjernvarmeværk;298;Hjørring Fjernvarme (inkl. Hirtshals Fjernvarme fra 2011);Buen - Kedel;Kedel;fvv;1960-01-01 00:00:00;;0;16,3;naturgas;naturgas;;0;1;;;0;;;;;;
2025;204;210;210-1;HJØRRING VARMEFORSYNING A M B A;9800;Hjørring;860;Decentralt værk;298;Hjørring Fjernvarme (inkl. Hirtshals Fjernvarme fra 2011);Biomasse;Kedel;fvv;2004-02-01 00:00:00;;0;18;traepiller;fast biomasse;;0;;;;1;;;;;;
2025;204;210;210-2;HJØRRING VARMEFORSYNING A M B A;9800;Hjørring;860;Decentralt værk;298;Hjørring Fjernvarme (inkl. Hirtshals Fjernvarme fra 2011);Kombianlæg;Kombianlæg;kvt;1996-01-01 00:00:00;;56,15;48,2;Ej i drift i 2025;Ej i drift i 2025;;;;;;;;;;;;
2025;204;210;210-4;HJØRRING VARMEFORSYNING A M B A;9800;Hjørring;860;Decentralt værk;298;Hjørring Fjernvarme (inkl. Hirtshals Fjernvarme fra 2011);Biomasse 2014;Kedel;fvv;2014-02-10 00:00:00;;0;25;skovflis;fast biomasse;;0;;;;1;;;;;;
2025;204;211;211-1;HJØRRING VARMEFORSYNING A M B A;9800;Hjørring;860;Fjernvarmeværk;298;Hjørring Fjernvarme (inkl. Hirtshals Fjernvarme fra 2011);Højene;Kedel;fvv;1963-01-01 00:00:00;;0;7;naturgas;naturgas;;0;1;;;0;;;;;;
2025;204;212;212-1;HJØRRING VARMEFORSYNING A M B A;9800;Hjørring;860;Fjernvarmeværk;298;Hjørring Fjernvarme (inkl. Hirtshals Fjernvarme fra 2011);Vandværksvej;Kedel;fvv;1972-01-01 00:00:00;;0;5,3;naturgas;naturgas;;0;1;;;0;;;;;;
2025;204;213;213-1;HJØRRING VARMEFORSYNING A M B A;9800;Hjørring;860;Fjernvarmeværk;298;Hjørring Fjernvarme (inkl. Hirtshals Fjernvarme fra 2011);Sct. Knudsby;Kedel;fvv;1974-01-01 00:00:00;;0;7;naturgas;naturgas;;0;1;;;0;;;;;;
2025;204;214;214-1;HJØRRING VARMEFORSYNING A M B A;9800;Hjørring;860;Fjernvarmeværk;298;Hjørring Fjernvarme (inkl. Hirtshals Fjernvarme fra 2011);Gasværksbakken;Kedel;fvv;1964-01-01 00:00:00;;0;7,21;naturgas;naturgas;;0;1;;;0;;;;;;
2025;204;214;214-2;HJØRRING VARMEFORSYNING A M B A;9800;Hjørring;860;Fjernvarmeværk;298;Hjørring Fjernvarme (inkl. Hirtshals Fjernvarme fra 2011);Gasværksbakken;Kedel;fvv;2012-01-01 00:00:00;;0;7;Ej i drift i 2025;Ej i drift i 2025;;;;;;;;;;;;
2025;204;214;214-3;HJØRRING VARMEFORSYNING A M B A;9800;Hjørring;860;Fjernvarmeværk;298;Hjørring Fjernvarme (inkl. Hirtshals Fjernvarme fra 2011);Gasværksbakken;Kedel;fvv;2012-01-01 00:00:00;;0;9,58;Ej i drift i 2025;Ej i drift i 2025;;;;;;;;;;;;
2025;205;215;215-1;HOBRO VARMEVÆRK A M B A;9500;Hobro;846;Fjernvarmeværk;300;Hobro Fjernvarme;Hobro Varmeværk A.m.b.a.;Kedel;fvv;1965-01-01 00:00:00;;0;16,4;gasolie;olie;;1;;;;0;;;;;;
2025;205;2027;2027-1;HOBRO VARMEVÆRK A M B A;9500;Hobro;846;Fjernvarmeværk;300;Hobro Fjernvarme;Reservelast;Kedel;fvv;2009-12-03 00:00:00;;0;6;gasolie;olie;;1;;;;0;0;;;;;
2025;205;2027;2027-2;HOBRO VARMEVÆRK A M B A;9500;Hobro;846;Fjernvarmeværk;300;Hobro Fjernvarme;Flisanlæg 1;Kedel;fvv;2017-12-01 00:00:00;;0;13;skovflis;fast biomasse;;0;;;;1;;;;;;
2025;206;1841;1841-1;HOLME-LUNDSHØJ FJERNVARMEV A M B A;8270;Højbjerg;751;Fjernvarmeværk;206;Århus Fjernvarme;Kedel 1;Kedel;fvv;1967-01-01 00:00:00;;0;3,7;gasolie;olie;;1;;;;0;;;;;;
2025;206;1841;1841-2;HOLME-LUNDSHØJ FJERNVARMEV A M B A;8270;Højbjerg;751;Fjernvarmeværk;206;Århus Fjernvarme;Kedel 2;Kedel;fvv;1997-01-01 00:00:00;;0;12;gasolie;olie;;1;;;;0;;;;;;
2025;206;1841;1841-3;HOLME-LUNDSHØJ FJERNVARMEV A M B A;8270;Højbjerg;751;Fjernvarmeværk;206;Århus Fjernvarme;Kedel 3;Kedel;fvv;1971-01-01 00:00:00;;0;9,3;gasolie;olie;;1;;;;0;;;;;;
2025;208;216;216-1;VESTFORSYNING VARME A/S;7500;Holstebro;661;Fjernvarmeværk;172;Holstebro-Struer Fjernvarme;Kedel 1;Kedel;fvv;1963-01-01 00:00:00;;0;3,5;Ej i drift i 2025;Ej i drift i 2025;;;;;;;;;;;;
2025;208;216;216-2;VESTFORSYNING VARME A/S;7500;Holstebro;661;Fjernvarmeværk;172;Holstebro-Struer Fjernvarme;kedel 2;Kedel;fvv;1963-01-01 00:00:00;;0;7,3;Ej i drift i 2025;Ej i drift i 2025;;;;;;;;;;;;
2025;208;216;216-3;VESTFORSYNING VARME A/S;7500;Holstebro;661;Fjernvarmeværk;172;Holstebro-Struer Fjernvarme;kedel 3;Kedel;fvv;1964-01-01 00:00:00;;0;7,3;naturgas;naturgas;;0;1;;;0;;;;;;
2025;208;216;216-4;VESTFORSYNING VARME A/S;7500;Holstebro;661;Fjernvarmeværk;172;Holstebro-Struer Fjernvarme;kedel 4;Kedel;fvv;1965-01-01 00:00:00;;0;7,3;naturgas;naturgas;;0;1;;;0;;;;;;
2025;208;216;216-5;VESTFORSYNING VARME A/S;7500;Holstebro;661;Fjernvarmeværk;172;Holstebro-Struer Fjernvarme;kedel 5;Kedel;fvv;1966-01-01 00:00:00;;0;7,3;naturgas;naturgas;;0;1;;;0;;;;;;
2025;208;217;217-1;VESTFORSYNING VARME A/S;7500;Holstebro;661;Fjernvarmeværk;172;Holstebro-Struer Fjernvarme;Kedel 1;Kedel;fvv;1967-01-01 00:00:00;;0;7,3;Ej i drift i 2025;Ej i drift i 2025;;;;;;;;;;;;
2025;208;217;217-2;VESTFORSYNING VARME A/S;7500;Holstebro;661;Fjernvarmeværk;172;Holstebro-Struer Fjernvarme;Kedel 2;Kedel;fvv;1967-01-01 00:00:00;;0;7,3;Ej i drift i 2025;Ej i drift i 2025;;;;;;;;;;;;
2025;208;217;217-3;VESTFORSYNING VARME A/S;7500;Holstebro;661;Fjernvarmeværk;172;Holstebro-Struer Fjernvarme;Kedel 3;Kedel;fvv;1968-01-01 00:00:00;;0;7,3;naturgas;naturgas;;0;1;;;0;;;;;;
2025;208;217;217-4;VESTFORSYNING VARME A/S;7500;Holstebro;661;Fjernvarmeværk;172;Holstebro-Struer Fjernvarme;Kedel 4;Kedel;fvv;1968-01-01 00:00:00;;0;7,3;naturgas;naturgas;;0;1;;;0;;;;;;
2025;208;218;218-2;VESTFORSYNING VARME A/S;7500;Holstebro;661;Fjernvarmeværk;172;Holstebro-Struer Fjernvarme;kedel 3;Kedel;fvv;1977-01-01 00:00:00;;0;9,3;Ej i drift i 2025;Ej i drift i 2025;;;;;;;;;;;;
2025;208;218;218-3;VESTFORSYNING VARME A/S;7500;Holstebro;661;Fjernvarmeværk;172;Holstebro-Struer Fjernvarme;kedel 4;Kedel;fvv;1979-01-01 00:00:00;;0;9,3;naturgas;naturgas;;0;1;;;0;;;;;;
2025;208;218;218-4;VESTFORSYNING VARME A/S;7500;Holstebro;661;Fjernvarmeværk;172;Holstebro-Struer Fjernvarme;Kedel 2;Kedel;fvv;2015-02-01 00:00:00;;0;10;naturgas;naturgas;;0;1;;;0;;;;;;
2025;208;219;219-1;VESTFORSYNING VARME A/S;7500;Holstebro;661;Fjernvarmeværk;172;Holstebro-Struer Fjernvarme;Kedel 1;Kedel;fvv;1970-01-01 00:00:00;;0;4,6;Ej i drift i 2025;Ej i drift i 2025;;;;;;;;;;;;
2025;208;219;219-2;VESTFORSYNING VARME A/S;7500;Holstebro;661;Fjernvarmeværk;172;Holstebro-Struer Fjernvarme;kedel 2;Kedel;fvv;1987-01-01 00:00:00;;0;12,5;naturgas;naturgas;;0;1;;;0;;;;;;
2025;208;219;219-3;VESTFORSYNING VARME A/S;7500;Holstebro;661;Fjernvarmeværk;172;Holstebro-Struer Fjernvarme;kedel 3;Kedel;fvv;1976-01-01 00:00:00;;0;9,3;naturgas;naturgas;;0;1;;;0;;;;;;
2025;208;220;220-1;VESTFORSYNING VARME A/S;7500;Holstebro;661;Fjernvarmeværk;172;Holstebro-Struer Fjernvarme;Kedel 1;Kedel;fvv;1987-01-01 00:00:00;;0;10;naturgas;naturgas;;0;1;;;0;;;;;;
2025;208;220;220-2;VESTFORSYNING VARME A/S;7500;Holstebro;661;Fjernvarmeværk;172;Holstebro-Struer Fjernvarme;kedel 2;Kedel;fvv;2013-01-15 00:00:00;;0;12;naturgas;naturgas;;0;1;;;0;;;;;;
2025;208;221;221-1;VESTFORSYNING VARME A/S;7500;Holstebro;661;Fjernvarmeværk;172;Holstebro-Struer Fjernvarme;Central Mejrup;Kedel;fvv;1991-01-01 00:00:00;;0;5;naturgas;naturgas;;0;1;;;0;;;;;;
2025;208;222;222-1;VESTFORSYNING VARME A/S;7500;Holstebro;661;Fjernvarmeværk;172;Holstebro-Struer Fjernvarme;Central Tvis;Kedel;fvv;2012-01-01 00:00:00;;0;5;Ej i drift i 2025;Ej i drift i 2025;;;;;;;;;;;;
2025;208;223;223-1;VESTFORSYNING VARME A/S;7500;Holstebro;661;Fjernvarmeværk;341;Skave-Borbjerg-Hvam Fjernvarme;Kedel 1;Kedel;fvv;1994-01-01 00:00:00;;0;5;gasolie;olie;;1;;;;0;;;;;;
2025;208;223;223-2;VESTFORSYNING VARME A/S;7500;Holstebro;661;Fjernvarmeværk;341;Skave-Borbjerg-Hvam Fjernvarme;Kedel 2;Kedel;fvv;1994-01-01 00:00:00;;0;4;skovflis;fast biomasse;;0;;;;1;;;;;;
2025;208;1648;1648-1;VESTFORSYNING VARME A/S;7500;Holstebro;661;Fjernvarmeværk;172;Holstebro-Struer Fjernvarme;Central Sletten;Kedel;fvv;2001-04-01 00:00:00;;0;5;naturgas;naturgas;;0;1;;;0;;;;;;
2025;208;1908;1908-1;VESTFORSYNING VARME A/S;7500;Holstebro;661;Fjernvarmeværk;172;Holstebro-Struer Fjernvarme;Flytbar Centraler;Kedel;fvv;2012-01-01 00:00:00;;0;1;gasolie;olie;;1;;;;0;;;;;;
2025;210;224;224-1;Holsted Varmeværk Amba;6670;Holsted;575;Decentralt værk;131;Holsted Fjernvarme;Kedel;Kedel;fvv;1965-01-01 00:00:00;;0;12,1;naturgas;naturgas;;0;1;;;0;;;;;;
2025;210;224;224-2;Holsted Varmeværk Amba;6670;Holsted;575;Decentralt værk;131;Holsted Fjernvarme;Forbrændingsmotor;Forbrændingsmotor;kvt;1995-01-01 00:00:00;;3;3,58;naturgas;naturgas;;0;1;;;0;;;;;;
2025;210;224;224-3;Holsted Varmeværk Amba;6670;Holsted;575;Decentralt værk;131;Holsted Fjernvarme;Parat elkedel;Elpatron;fvv;2022-10-15 00:00:00;;0;6;elektricitet;elektricitet;;0;;;;0;;;;;1;
2025;210;2284;2284-1;Holsted Varmeværk Amba;6670;Holsted;575;Fjernvarmeværk;131;Holsted Fjernvarme;Solvarme - 11993m2;Solvarme;fvv;2016-05-23 00:00:00;;0;8;solenergi;solenergi;;0;;;;0;;;1;;;
2025;210;2442;2442-1;Holsted Varmeværk Amba;6670;Holsted;575;Fjernvarmeværk;131;Holsted Fjernvarme;Gaskedel 1;Kedel;fvv;2022-01-01 00:00:00;;0;0,95;naturgas;naturgas;;0;1;;;0;;;;;;
2025;210;2442;2442-2;Holsted Varmeværk Amba;6670;Holsted;575;Fjernvarmeværk;131;Holsted Fjernvarme;Kedel 2;Kedel;fvv;2022-01-01 00:00:00;;0;0,95;naturgas;naturgas;;0;1;;;0;;;;;;
2025;212;226;226-1;Hornbæk Fjernvarme A.m.b.a.;3100;Hornbæk;217;Fjernvarmeværk;17;Nordøstsjællands Fjernvarme;Kedel;Kedel;fvv;1964-12-15 00:00:00;;0;12;Ej i drift i 2025;Ej i drift i 2025;;;;;;;;;;;;
2025;215;229;229-1;Hovedgård Fjernvarme amba;8732;Hovedgård;615;Fjernvarmeværk;143;Hovedgård Fjernvarme;Fliskedel;Kedel;fvv;1989-08-01 00:00:00;;0;2;skovflis;fast biomasse;;0;;;;1;;;;;;
2025;215;229;229-2;Hovedgård Fjernvarme amba;8732;Hovedgård;615;Fjernvarmeværk;143;Hovedgård Fjernvarme;Danstoker;Kedel;fvv;2001-01-08 00:00:00;;0;4,25;Ej i drift i 2025;Ej i drift i 2025;;;;;;;;;;;;
2025;215;229;229-3;Hovedgård Fjernvarme amba;8732;Hovedgård;615;Fjernvarmeværk;143;Hovedgård Fjernvarme;Fliskedel m. kondensator;Kedel;fvv;2008-09-29 00:00:00;;0;4,25;skovflis;fast biomasse;;0;;;;1;;;;;;
2025;221;232;232-2;Hurup Fjernvarme A m b A;7760;Hurup Thy;787;Fjernvarmeværk;260;Hurup Fjernvarme;Træpillekedel;Kedel;fvv;1982-01-01 00:00:00;;0;5,8;Ej i drift i 2025;Ej i drift i 2025;;;;;;;;;;;;
2025;221;232;232-3;Hurup Fjernvarme A m b A;7760;Hurup Thy;787;Fjernvarmeværk;260;Hurup Fjernvarme;Oliekedel 1;Kedel;fvv;1966-01-01 00:00:00;;0;3,4;Ej i drift i 2025;Ej i drift i 2025;;;;;;;;;;;;
2025;221;232;232-4;Hurup Fjernvarme A m b A;7760;Hurup Thy;787;Fjernvarmeværk;260;Hurup Fjernvarme;Oliekedel 3;Kedel;fvv;1973-01-01 00:00:00;;0;4,9;Ej i drift i 2025;Ej i drift i 2025;;;;;;;;;;;;
2025;221;232;232-5;Hurup Fjernvarme A m b A;7760;Hurup Thy;787;Fjernvarmeværk;260;Hurup Fjernvarme;Oliekedel 2;Kedel;fvv;1964-01-01 00:00:00;;0;3,3;Ej i drift i 2025;Ej i drift i 2025;;;;;;;;;;;;
2025;221;232;232-6;Hurup Fjernvarme A m b A;7760;Hurup Thy;787;Fjernvarmeværk;260;Hurup Fjernvarme;Eurotherm fliskedel;Kedel;fvv;2004-01-01 00:00:00;;0;7;skovflis;fast biomasse;;0;;;;1;;;;;;
2025;221;2066;2066-4;Hurup Fjernvarme A m b A;7760;Hurup Thy;787;Fjernvarmeværk;260;Hurup Fjernvarme;Træfliskedel;Kedel;fvv;2008-11-26 00:00:00;;0;5;skovflis;fast biomasse;;0;;;;1;;;;;;
2025;222;1064;1064-1;Hvalsø Kraftvarmeværk A.m.b.a;4330;Hvalsø;350;Decentralt værk;22;Hvalsø Fjernvarme;Hvalsø Kraftvarmeværk;Forbrændingsmotor;kvt;1995-12-01 00:00:00;;3,04;3,7;naturgas;naturgas;;0;1;;;0;;;;;;
2025;222;1064;1064-2;Hvalsø Kraftvarmeværk A.m.b.a;4330;Hvalsø;350;Decentralt værk;22;Hvalsø Fjernvarme;Hvalsø Kraftvarmeværk;Kedel;fvv;2000-10-18 00:00:00;;0;10;naturgas;naturgas;;0;1;;;0;;;;;;
2025;223;991;991-1;Hvide Sande Fjernvarme A.M.B.A.;6960;Hvide Sande;760;Decentralt værk;171;Hvide Sande Fjervarme;Motor I;Forbrændingsmotor;kvt;1994-11-01 00:00:00;2025-07-01 00:00:00;3,73;4,22;naturgas;naturgas;;0;1;;;0;;;;;;
2025;223;991;991-2;Hvide Sande Fjernvarme A.M.B.A.;6960;Hvide Sande;760;Decentralt værk;171;Hvide Sande Fjervarme;K I Gaskedel;Kedel;fvv;1994-11-01 00:00:00;;0;4;naturgas;naturgas;;0;1;;;0;;;;;;
2025;223;991;991-4;Hvide Sande Fjernvarme A.M.B.A.;6960;Hvide Sande;760;Decentralt værk;171;Hvide Sande Fjervarme;K II Gaskedel;Kedel;fvv;1994-11-01 00:00:00;;0;10,4;naturgas;naturgas;;0;1;;;0;;;;;;
2025;223;991;991-5;Hvide Sande Fjernvarme A.M.B.A.;6960;Hvide Sande;760;Decentralt værk;171;Hvide Sande Fjervarme;Motor II;Forbrændingsmotor;kvt;1994-11-01 00:00:00;;3,73;4,22;naturgas;naturgas;;0;1;;;0;;;;;;
2025;223;991;991-7;Hvide Sande Fjernvarme A.M.B.A.;6960;Hvide Sande;760;Decentralt værk;171;Hvide Sande Fjervarme;Elkedel;Elpatron;fvv;2010-01-01 00:00:00;;0;10;elektricitet;elektricitet;;0;;;;0;;;;;1;
2025;223;991;991-8;Hvide Sande Fjernvarme A.M.B.A.;6960;Hvide Sande;760;Decentralt værk;171;Hvide Sande Fjervarme;Varmepumpe - Luft;Varmepumpe Luft;fvv;2020-10-01 00:00:00;;0;4,652;omgivelsesvarme;omgivelsesvarme;;0;;;;0;;;;;0,313346883;0,686653117
2025;223;2251;2251-1;Hvide Sande Fjernvarme A.M.B.A.;6960;Hvide Sande;760;Fjernvarmeværk;171;Hvide Sande Fjervarme;Solvarmeanlæg - 9576m2;Solvarme;fvv;2014-11-11 00:00:00;;0;6,7;solenergi;solenergi;;0;;;;0;;;1;;;
2025;224;235;235-2;HVIDEBÆK FJERNVARMEFORSYNING AMBA;4490;Jerslev Sjælland;326;Fjernvarmeværk;29;Hvidebæk Fjernvarme;Danstoker oliekedel;Kedel;fvv;1991-09-01 00:00:00;;0;5;gasolie;olie;;1;;;;0;;;;;;
2025;224;235;235-3;HVIDEBÆK FJERNVARMEFORSYNING AMBA;4490;Jerslev Sjælland;326;Fjernvarmeværk;29;Hvidebæk Fjernvarme;Solvarmeanlæg - 12000 m2;Solvarme;fvv;2013-02-01 00:00:00;;0;8;solenergi;solenergi;;0;;;;0;;;1;;;
2025;224;235;235-4;HVIDEBÆK FJERNVARMEFORSYNING AMBA;4490;Jerslev Sjælland;326;Fjernvarmeværk;29;Hvidebæk Fjernvarme;Ny Halm kedel;Kedel;fvv;2017-09-22 00:00:00;;0;7;halm;fast biomasse;;0;;;;1;;;;;;
2025;227;2075;2075-1;HØJE TAASTRUP FJERNVARME A.M.B.A.;2630;Taastrup;169;Fjernvarmeværk;2;Storkøbenhavns Fjernvarme;Kedel 1;Kedel;fvv;2013-10-01 00:00:00;;0;15;naturgas;naturgas;;0,008734575;0,991265425;;;0;;;;;;
2025;227;2075;2075-2;HØJE TAASTRUP FJERNVARME A.M.B.A.;2630;Taastrup;169;Fjernvarmeværk;2;Storkøbenhavns Fjernvarme;Kedel 2;Kedel;fvv;2013-10-01 00:00:00;;0;15;naturgas;naturgas;;0,009838651;0,990161349;;;0;;;;;;
2025;227;2076;2076-1;HØJE TAASTRUP FJERNVARME A.M.B.A.;2630;Taastrup;169;Fjernvarmeværk;2;Storkøbenhavns Fjernvarme;MØ-oliekedler;Kedel;fvv;2013-11-01 00:00:00;;0;8,5;gasolie;olie;;1;;;;0;;;;;;
2025;227;2076;2076-2;HØJE TAASTRUP FJERNVARME A.M.B.A.;2630;Taastrup;169;Fjernvarmeværk;2;Storkøbenhavns Fjernvarme;MØ-oliekedler;Kedel;fvv;2013-11-01 00:00:00;;0;8,5;gasolie;olie;;1;;;;0;;;;;;
2025;227;2076;2076-3;HØJE TAASTRUP FJERNVARME A.M.B.A.;2630;Taastrup;169;Fjernvarmeværk;2;Storkøbenhavns Fjernvarme;GS Mølleholmen;Varmepumpe Grundvand;fvv;2018-12-03 00:00:00;;0;1,4;omgivelsesvarme;omgivelsesvarme;;0;;;;0;;;;;0,247628692;0,752371308
2025;227;2185;2185-1;HØJE TAASTRUP FJERNVARME A.M.B.A.;2630;Taastrup;169;Fjernvarmeværk;2;Storkøbenhavns Fjernvarme;Kedel 1;Kedel;fvv;2013-08-05 00:00:00;;0;15;naturgas;naturgas;;0;1;;;0;;;;;;
2025;227;2185;2185-2;HØJE TAASTRUP FJERNVARME A.M.B.A.;2630;Taastrup;169;Fjernvarmeværk;2;Storkøbenhavns Fjernvarme;HHC-VP1;Varmepumpe Overskudsvarme;fvv;2024-10-01 00:00:00;;0;2;braendselsfrit;braendselsfrit;;0;;;;0;;0,738739496;;;0,261260504;
2025;227;2185;2185-3;HØJE TAASTRUP FJERNVARME A.M.B.A.;2630;Taastrup;169;Fjernvarmeværk;2;Storkøbenhavns Fjernvarme;HHC-VP2;Varmepumpe Overskudsvarme;fvv;2024-10-01 00:00:00;;0;2;braendselsfrit;braendselsfrit;;0;;;;0;;0,757382831;;;0,242617169;
2025;227;2303;2303-1;HØJE TAASTRUP FJERNVARME A.M.B.A.;2640;Hedehusene;169;Fjernvarmeværk;2;Storkøbenhavns Fjernvarme;Solvarmeanlæg - 3000m2;Solvarme;fvv;2015-01-15 00:00:00;;0;2,1;solenergi;solenergi;;0;;;;0;;;1;;;
2025;227;2401;2401-1;HØJE TAASTRUP FJERNVARME A.M.B.A.;2630;Taastrup;169;Fjernvarmeværk;2;Storkøbenhavns Fjernvarme;Varmepumpe til køl/varme;Varmepumpe Anden;fvv;2018-12-28 00:00:00;;0;1;elektricitet;elektricitet;;0;;;;0;;;;;2,673325499;-1,673325499
2025;227;2402;2402-1;HØJE TAASTRUP FJERNVARME A.M.B.A.;2630;Taastrup;169;Fjernvarmeværk;2;Storkøbenhavns Fjernvarme;Varmepumpe;Varmepumpe Overskudsvarme;fvv;2020-10-01 00:00:00;;0;1,4;braendselsfrit;braendselsfrit;;0;;;;0;;0,724599413;;;0,275400587;
2025;227;2405;2405-1;HØJE TAASTRUP FJERNVARME A.M.B.A.;2630;Taastrup;169;Fjernvarmeværk;2;Storkøbenhavns Fjernvarme;Varmepumpe;Varmepumpe Luft;fvv;2019-01-01 00:00:00;;0;3,2;omgivelsesvarme;omgivelsesvarme;;0;;;;0;;;;;0,302815379;0,697184621
2025;227;2426;2426-1;HØJE TAASTRUP FJERNVARME A.M.B.A.;2640;Hedehusene;169;Fjernvarmeværk;2;Storkøbenhavns Fjernvarme;Varmepumpe-vand;Varmepumpe Overskudsvarme;fvv;2022-03-11 00:00:00;;0;0,418;Ej i drift i 2025;Ej i drift i 2025;;;;;;;;;;;;
2025;227;2427;2427-1;HØJE TAASTRUP FJERNVARME A.M.B.A.;2630;Taastrup;169;Fjernvarmeværk;2;Storkøbenhavns Fjernvarme;Varmepumpe-vand;Varmepumpe Overskudsvarme;fvv;2022-05-01 00:00:00;;0;1,472;braendselsfrit;braendselsfrit;;0;;;;0;;0,682465374;;;0,317534626;
2025;229;237;237-1;HØJSLEV NR SØBY FJERNVARME;7840;Højslev;779;Fjernvarmeværk;;;Gaskedel;Kedel;fvv;1973-01-01 00:00:00;2025-06-30 00:00:00;0;3,6;Ej i drift i 2025;Ej i drift i 2025;;;;;;;;;;;;
2025;229;2073;2073-1;HØJSLEV NR SØBY FJERNVARME;7840;Højslev;779;Fjernvarmeværk;254;Skive Fjernvarme (inkl. Højslev-Nr. Søby Fjernvarme fra 2022);Fliskedel;Kedel;fvv;2009-05-26 00:00:00;;0;4;skovflis;fast biomasse;;0;;;;1;;;;;;
2025;230;238;238-2;HØNG VARMEVÆRK;4270;Høng;326;Fjernvarmeværk;30;Høng Fjernvarme;Oliekedel 2;Kedel;fvv;1982-01-01 00:00:00;;0;7;gasolie;olie;;1;;;;0;;;;;;
2025;230;238;238-4;HØNG VARMEVÆRK;4270;Høng;326;Fjernvarmeværk;30;Høng Fjernvarme;Fliskedel;Kedel;fvv;2004-02-25 00:00:00;;0;6;skovflis;fast biomasse;;0;;;;1;;;;;;
2025;230;238;238-6;HØNG VARMEVÆRK;4270;Høng;326;Fjernvarmeværk;30;Høng Fjernvarme;Halmkedel;Kedel;fvv;2010-11-01 00:00:00;;0;7,5;halm;fast biomasse;;0;;;;1;;;;;;
2025;230;238;238-8;HØNG VARMEVÆRK;4270;Høng;326;Fjernvarmeværk;30;Høng Fjernvarme;Solvarmeanlæg;Solvarme;fvv;2019-04-30 00:00:00;;0;15,725;solenergi;solenergi;;0;;;;0;;;1;;;
2025;231;240;240-1;HØRBY VARMEVÆRK;9300;Sæby;813;Fjernvarmeværk;327;Hørby Fjernvarme;Halm;Kedel;fvv;2001-10-25 00:00:00;;0;2,5;halm;fast biomasse;;0;;;;1;;;;;;
2025;231;240;240-2;HØRBY VARMEVÆRK;9300;Sæby;813;Fjernvarmeværk;327;Hørby Fjernvarme;Olie;Kedel;fvv;2012-01-01 00:00:00;;0;3,1;Ej i drift i 2025;Ej i drift i 2025;;;;;;;;;;;;
2025;236;244;244-2;I/S Amager Ressourcecenter;2300;København S;101;Erhvervsværk;2;Storkøbenhavns Fjernvarme;"2 ovne &#43; 1 turbine";Dampturbine;pev;2017-04-10 00:00:00;;62;190;affald;affald;;0,006194205;;0,918521327;;0,075284467;;;;;;
2025;237;245;245-2;Billund Varmeværk A.m.b.a.;7190;Billund;530;Decentralt værk;119;Billund Fjernvarme;Højmarksvej 1;Kedel;fvv;1984-01-01 00:00:00;2025-06-01 00:00:00;0;4,6;naturgas;naturgas;;0;1;;;0;;;;;;
2025;237;245;245-3;Billund Varmeværk A.m.b.a.;7190;Billund;530;Decentralt værk;119;Billund Fjernvarme;Højmarksvej 2;Kedel;fvv;2003-10-01 00:00:00;;0;4,6;naturgas;naturgas;;0;1;;;0;;;;;;
2025;237;245;245-5;Billund Varmeværk A.m.b.a.;7190;Billund;530;Decentralt værk;119;Billund Fjernvarme;motor 4;Forbrændingsmotor;kvt;2000-11-15 00:00:00;;1,1;1,4;naturgas;naturgas;;0;1;;;0;;;;;;
2025;237;245;245-6;Billund Varmeværk A.m.b.a.;7190;Billund;530;Decentralt værk;119;Billund Fjernvarme;motor 5;Forbrændingsmotor;kvt;2001-11-07 00:00:00;;1,1;1,4;naturgas;naturgas;;0;1;;;0;;;;;;
2025;237;245;245-7;Billund Varmeværk A.m.b.a.;7190;Billund;530;Decentralt værk;119;Billund Fjernvarme;Højmarksvej kedel 4;Kedel;fvv;2010-12-15 00:00:00;;0;2,8;naturgas;naturgas;;0;1;;;0;;;;;;
2025;237;246;246-5;Billund Varmeværk A.m.b.a.;7190;Billund;530;Decentralt værk;119;Billund Fjernvarme;Kedel 3;Kedel;fvv;2005-05-01 00:00:00;;0;7,1;naturgas;naturgas;;0;1;;;0;;;;;;
2025;237;246;246-6;Billund Varmeværk A.m.b.a.;7190;Billund;530;Decentralt værk;119;Billund Fjernvarme;Kedel 4;Kedel;fvv;2008-11-01 00:00:00;;0;7;skovflis;fast biomasse;;0;;;;1;;;;;;
2025;237;2195;2195-1;Billund Varmeværk A.m.b.a.;7190;Billund;530;Fjernvarmeværk;119;Billund Fjernvarme;Kedel 1;Kedel;fvv;2014-11-01 00:00:00;;0;10;naturgas;naturgas;;0;1;;;0;;;;;;
2025;237;2195;2195-2;Billund Varmeværk A.m.b.a.;7190;Billund;530;Fjernvarmeværk;119;Billund Fjernvarme;Kedel 2;Kedel;fvv;2014-12-15 00:00:00;;0;12;halm;fast biomasse;;0;;;;1;;;;;;
2025;237;2195;2195-3;Billund Varmeværk A.m.b.a.;7190;Billund;530;Fjernvarmeværk;119;Billund Fjernvarme;Elkedel;Elpatron;fvv;2020-10-01 00:00:00;;0;15;elektricitet;elektricitet;;0;;;;0;;;;;1;
2025;237;2195;2195-4;Billund Varmeværk A.m.b.a.;7190;Billund;530;Fjernvarmeværk;119;Billund Fjernvarme;30 MW elkedel;Elpatron;fvv;2025-12-04 00:00:00;;0;30;elektricitet;elektricitet;;0;;;;0;;;;;1;
2025;237;2195;2195-5;Billund Varmeværk A.m.b.a.;7190;Billund;530;Fjernvarmeværk;119;Billund Fjernvarme;Varmepumpe luft 16 mw;Varmepumpe Luft;fvv;2025-10-24 00:00:00;;0;16;omgivelsesvarme;omgivelsesvarme;;0;;;;0;;;;;0,317220294;0,682779706
2025;238;247;247-9;Brande Fjernvarme A.m.b.a.;7330;Brande;756;Decentralt værk;161;Brande Fjernvarme;Kedel 6 (4);Kedel;fvv;2010-09-30 00:00:00;;0;10;Ej i drift i 2025;Ej i drift i 2025;;;;;;;;;;;;
2025;238;2132;2132-1;Brande Fjernvarme A.m.b.a.;7330;Brande;756;Fjernvarmeværk;161;Brande Fjernvarme;Fliskedel;Kedel;fvv;2011-11-08 00:00:00;;0;2,78;skovflis;fast biomasse;;0;;;;1;;;;;;
2025;238;2132;2132-2;Brande Fjernvarme A.m.b.a.;7330;Brande;756;Fjernvarmeværk;161;Brande Fjernvarme;Varmepumpe;Varmepumpe Kombi;fvv;2018-12-19 00:00:00;;0;5;omgivelsesvarme;omgivelsesvarme;;0;;;;0;;;;;0,339031339;0,660968661
2025;238;2132;2132-3;Brande Fjernvarme A.m.b.a.;7330;Brande;756;Fjernvarmeværk;161;Brande Fjernvarme;Elkedel;Elpatron;fvv;2022-12-07 00:00:00;;0;14,7;elektricitet;elektricitet;;0;;;;0;;;;;1;
2025;239;945;945-1;BRÆDSTRUP TOTALENERGIANLÆG A/S;8740;Brædstrup;615;Decentralt værk;140;Brædstrup Fjernvarme;Kedel 1;Kedel;fvv;1987-01-01 00:00:00;;0;13;naturgas;naturgas;;0;1;;;0;;;;;;
2025;239;945;945-11;BRÆDSTRUP TOTALENERGIANLÆG A/S;8740;Brædstrup;615;Decentralt værk;140;Brædstrup Fjernvarme;Elkedel;Elpatron;fvv;2012-06-01 00:00:00;;0;10;elektricitet;elektricitet;;0;;;;0;;;;;1;
2025;239;945;945-12;BRÆDSTRUP TOTALENERGIANLÆG A/S;8740;Brædstrup;615;Decentralt værk;140;Brædstrup Fjernvarme;Varmepumpe udeluft;Varmepumpe Luft;fvv;2020-12-01 00:00:00;;0;5,556;omgivelsesvarme;omgivelsesvarme;;0;;;;0;;;;;0,299776674;0,700223326
2025;239;945;945-4;BRÆDSTRUP TOTALENERGIANLÆG A/S;8740;Brædstrup;615;Decentralt værk;140;Brædstrup Fjernvarme;Motor 1;Forbrændingsmotor;kvt;2005-08-01 00:00:00;;3,64;4,09;naturgas;naturgas;;0;1;;;0;;;;;;
2025;239;945;945-5;BRÆDSTRUP TOTALENERGIANLÆG A/S;8740;Brædstrup;615;Decentralt værk;140;Brædstrup Fjernvarme;Motor 2;Forbrændingsmotor;kvt;2005-09-26 00:00:00;;3,64;4,09;naturgas;naturgas;;0;1;;;0;;;;;;
2025;239;945;945-6;BRÆDSTRUP TOTALENERGIANLÆG A/S;8740;Brædstrup;615;Decentralt værk;140;Brædstrup Fjernvarme;Solvarmeanlæg - 8012 m2 (ikke kvoteomfat;Solvarme;fvv;2007-08-14 00:00:00;;0;6;solenergi;solenergi;;0;;;;0;;;1;;;
2025;239;945;945-7;BRÆDSTRUP TOTALENERGIANLÆG A/S;8740;Brædstrup;615;Decentralt værk;140;Brædstrup Fjernvarme;Kedel 2;Kedel;fvv;2006-11-01 00:00:00;;0;9,4;Ej i drift i 2025;Ej i drift i 2025;;;;;;;;;;;;
2025;239;945;945-8;BRÆDSTRUP TOTALENERGIANLÆG A/S;8740;Brædstrup;615;Decentralt værk;140;Brædstrup Fjernvarme;Varmepumpe energilager;Varmepumpe Anden;fvv;2012-09-01 00:00:00;;0;0,72;omgivelsesvarme;omgivelsesvarme;;0;;;;0;;;;;0,333527633;0,666472367
2025;239;945;945-9;BRÆDSTRUP TOTALENERGIANLÆG A/S;8740;Brædstrup;615;Decentralt værk;140;Brædstrup Fjernvarme;Solvarmeanlæg - 10600 m2 (ikke kvote);Solvarme;fvv;2012-06-01 00:00:00;;0;8;solenergi;solenergi;;0;;;;0;;;1;;;
2025;240;249;249-2;BRØRUP FJERNVARME A M B A;6650;Brørup;575;Decentralt værk;125;Brørup Fjernvarme;Motor 1;Forbrændingsmotor;kvt;1994-01-01 00:00:00;;3,84;5,2;naturgas;naturgas;;0;1;;;0;;;;;;
2025;240;249;249-3;BRØRUP FJERNVARME A M B A;6650;Brørup;575;Decentralt værk;125;Brørup Fjernvarme;Ecokedel;Kedel;fvv;1984-01-01 00:00:00;;0;3,15;naturgas;naturgas;;0;1;;;0;;;;;;
2025;240;249;249-6;BRØRUP FJERNVARME A M B A;6650;Brørup;575;Decentralt værk;125;Brørup Fjernvarme;Jydekedel;Kedel;fvv;1984-01-01 00:00:00;;0;7,3;Ej i drift i 2025;Ej i drift i 2025;;;;;;;;;;;;
2025;240;249;249-7;BRØRUP FJERNVARME A M B A;6650;Brørup;575;Decentralt værk;125;Brørup Fjernvarme;Fliskedel;Kedel;fvv;2011-05-15 00:00:00;;0;2,75;skovflis;fast biomasse;;0;;;;1;;;;;;
2025;240;249;249-8;BRØRUP FJERNVARME A M B A;6650;Brørup;575;Decentralt værk;125;Brørup Fjernvarme;Elpatron;Elpatron;fvv;2012-04-01 00:00:00;;0;10;elektricitet;elektricitet;;0;;;;0;;;;;1;
2025;240;2447;2447-1;BRØRUP FJERNVARME A M B A;6650;Brørup;575;Fjernvarmeværk;125;Brørup Fjernvarme;Varmepumpe;Varmepumpe;fvv;2023-04-01 00:00:00;;0;4,5;omgivelsesvarme;omgivelsesvarme;;0;;;;0;;;;;0,349379271;0,650620729
2025;241;250;250-2;I/S AffaldPlus;4700;Næstved;370;Decentralt værk;54;Næstved Fjernvarme;Dampkedel;Kombianlæg;kvt;1995-01-01 00:00:00;;12,89;23,8;affald;affald;;0;0;0,990238028;;0,009761972;;;;;;
2025;241;1440;1440-2;I/S AffaldPlus;4700;Næstved;370;Erhvervsværk;54;Næstved Fjernvarme;Ovnlinje 2;Kedel;pvp;1996-01-01 00:00:00;;0;10;Ej i drift i 2025;Ej i drift i 2025;;;;;;;;;;;;
2025;241;1440;1440-3;I/S AffaldPlus;4700;Næstved;370;Erhvervsværk;54;Næstved Fjernvarme;Ovnlinje 3;Kedel;pvp;1995-07-01 00:00:00;;0;13;Ej i drift i 2025;Ej i drift i 2025;;;;;;;;;;;;
2025;241;1440;1440-4;I/S AffaldPlus;4700;Næstved;370;Erhvervsværk;54;Næstved Fjernvarme;Ovnlinje 4;Kedel;pvp;2005-07-01 00:00:00;;0;26;Ej i drift i 2025;Ej i drift i 2025;;;;;;;;;;;;
2025;241;1475;1475-1;I/S AffaldPlus;4241;Vemmelev;330;Lokalt værk;;;Gasmotor - deponigas;Forbrændingsmotor;pel;1998-09-08 00:00:00;;0,31;0;Ej i drift i 2025;Ej i drift i 2025;;;;;;;;;;;;
2025;241;2128;2128-1;I/S AffaldPlus;4640;Fakse;320;Erhvervsværk;;;Gasmotor - deponigas;Forbrændingsmotor;pel;2011-12-01 00:00:00;;0,13;0;biogas;biogas;;0,112199011;;;0,887800989;0;;;;;;
2025;244;254;254-1;HELSINGE FJERNVARME;3200;Helsinge;270;Decentralt værk;16;Helsinge Fjernvarme;Kedel 1;Kedel;fvv;1995-01-01 00:00:00;;0;6;naturgas;naturgas;;0;1;;;0;;;;;;
2025;244;254;254-2;HELSINGE FJERNVARME;3200;Helsinge;270;Decentralt værk;16;Helsinge Fjernvarme;Kedel 2;Kedel;fvv;1995-01-01 00:00:00;;0;6;naturgas;naturgas;;0;1;;;0;;;;;;
2025;244;254;254-3;HELSINGE FJERNVARME;3200;Helsinge;270;Decentralt værk;16;Helsinge Fjernvarme;Motor 1 ;Forbrændingsmotor;kvt;1995-01-01 00:00:00;;3;3,7;naturgas;naturgas;;0;1;;;0;;;;;;
2025;244;254;254-4;HELSINGE FJERNVARME;3200;Helsinge;270;Decentralt værk;16;Helsinge Fjernvarme;Motor 2;Forbrændingsmotor;kvt;1995-01-01 00:00:00;;2,8;3,5;naturgas;naturgas;;0;1;;;0;;;;;;
2025;244;254;254-5;HELSINGE FJERNVARME;3200;Helsinge;270;Decentralt værk;16;Helsinge Fjernvarme;Gasmotor-Rolls-Royce;Forbrændingsmotor;kvt;2007-01-29 00:00:00;;8,5;9,4;naturgas;naturgas;;0;1;;;0;;;;;;
2025;244;254;254-6;HELSINGE FJERNVARME;3200;Helsinge;270;Decentralt værk;16;Helsinge Fjernvarme;Elkedel;Elpatron;fvv;2010-11-22 00:00:00;;0;10;elektricitet;elektricitet;;0;;;;0;;;;;1;
2025;244;254;254-7;HELSINGE FJERNVARME;3200;Helsinge;270;Decentralt værk;16;Helsinge Fjernvarme;Solvarme etape 1 - 4733m2 (ikke kvoteomfattet);Solvarme;fvv;2012-06-01 00:00:00;;0;3,3;solenergi;solenergi;;0;;;;0;;;1;;;
2025;244;254;254-8;HELSINGE FJERNVARME;3200;Helsinge;270;Decentralt værk;16;Helsinge Fjernvarme;Solvarme etape 2 - 18.098 m2 (ikke kvoteomfattet);Solvarme;fvv;2015-03-01 00:00:00;;0;10,7;solenergi;solenergi;;0;;;;0;;;1;;;
2025;245;255;255-2;ARGO I/S;4000;Roskilde;265;Erhvervsværk;2;Storkøbenhavns Fjernvarme;Anlæg 5;Dampturbine;pev;1999-01-01 00:00:00;;13,7;45;affald;affald;;0;0,009073102;0,988251165;;0,002675732;;;;;;
2025;245;255;255-3;ARGO I/S;4000;Roskilde;265;Erhvervsværk;2;Storkøbenhavns Fjernvarme;Anlæg 6 (Energitårnet);Dampturbine;pev;2013-08-28 00:00:00;;19,4;56,8;affald;affald;;0,002347636;;0,993476275;;0,004176089;;;;;;
2025;247;89;89-1;Middelfart Fjernvarme a.m.b.a.;5592;Ejby;410;Decentralt værk;83;Nørre-Aaby Fjernvarme (Inkl. Ejby FV);Kedel 1;Kedel;fvv;1961-01-01 00:00:00;;0;3,2;naturgas;naturgas;;0;1;;;0;;;;;;
2025;247;89;89-3;Middelfart Fjernvarme a.m.b.a.;5592;Ejby;410;Decentralt værk;83;Nørre-Aaby Fjernvarme (Inkl. Ejby FV);Kedel 2;Kedel;fvv;1960-01-01 00:00:00;;0;2,94;naturgas;naturgas;;0;1;;;0;;;;;;
2025;247;89;89-5;Middelfart Fjernvarme a.m.b.a.;5592;Ejby;410;Decentralt værk;83;Nørre-Aaby Fjernvarme (Inkl. Ejby FV);Jenbacher gasmotor;Forbrændingsmotor;kvt;2021-04-14 00:00:00;;3,35;4,25;naturgas;naturgas;;0;1;;;0;;;;;;
2025;247;381;381-1;Middelfart Fjernvarme a.m.b.a.;5580;Nørre Aaby;410;Decentralt værk;83;Nørre-Aaby Fjernvarme (Inkl. Ejby FV);Naturgaskedel 2;Kedel;fvv;1983-01-01 00:00:00;;0;5,722;Ej i drift i 2025;Ej i drift i 2025;;;;;;;;;;;;
2025;247;381;381-2;Middelfart Fjernvarme a.m.b.a.;5580;Nørre Aaby;410;Decentralt værk;83;Nørre-Aaby Fjernvarme (Inkl. Ejby FV);K/V - anlæg;Forbrændingsmotor;kvt;1994-06-15 00:00:00;;2,87;3,6;naturgas;naturgas;;0;1;;;0;;;;;;
2025;247;381;381-4;Middelfart Fjernvarme a.m.b.a.;5580;Nørre Aaby;410;Decentralt værk;83;Nørre-Aaby Fjernvarme (Inkl. Ejby FV);Naturgaskedel 1;Kedel;fvv;1983-01-01 00:00:00;;0;5,63;naturgas;naturgas;;0;1;;;0;;;;;;
2025;247;1847;1847-1;Middelfart Fjernvarme a.m.b.a.;5500;Middelfart;410;Fjernvarmeværk;81;TVIS;Danstoker 1;Kedel;fvv;1984-01-01 00:00:00;;0;7,3;naturgas;naturgas;;0;1;;;0;;;;;;
2025;247;1847;1847-2;Middelfart Fjernvarme a.m.b.a.;5500;Middelfart;410;Fjernvarmeværk;81;TVIS;Danstoker 2;Kedel;fvv;1984-01-01 00:00:00;;0;7,3;naturgas;naturgas;;0;1;;;0;;;;;;
2025;247;1847;1847-3;Middelfart Fjernvarme a.m.b.a.;5500;Middelfart;410;Fjernvarmeværk;81;TVIS;Danstoker 3;Kedel;fvv;1984-01-01 00:00:00;;0;4,7;naturgas;naturgas;;0;1;;;0;;;;;;
2025;247;1847;1847-4;Middelfart Fjernvarme a.m.b.a.;5500;Middelfart;410;Fjernvarmeværk;81;TVIS;Danstoker 4;Kedel;fvv;1984-01-01 00:00:00;;0;4,7;naturgas;naturgas;;0;1;;;0;;;;;;
2025;247;1847;1847-5;Middelfart Fjernvarme a.m.b.a.;5500;Middelfart;410;Fjernvarmeværk;81;TVIS;Danstoker 5;Kedel;fvv;2008-01-01 00:00:00;;0;5;gasolie;olie;;1;;;;0;;;;;;
2025;247;1847;1847-6;Middelfart Fjernvarme a.m.b.a.;5500;Middelfart;410;Fjernvarmeværk;81;TVIS;Danstoker 6;Kedel;fvv;2008-01-01 00:00:00;;0;5;gasolie;olie;;1;;;;0;;;;;;
2025;247;1848;1848-1;Middelfart Fjernvarme a.m.b.a.;5500;Middelfart;410;Fjernvarmeværk;81;TVIS;Danstoker 1;Kedel;fvv;2012-01-01 00:00:00;;0;4,7;gasolie;olie;;1;;;;0;;;;;;
2025;247;1848;1848-2;Middelfart Fjernvarme a.m.b.a.;5500;Middelfart;410;Fjernvarmeværk;81;TVIS;Danstoker 2;Kedel;fvv;2012-01-01 00:00:00;;0;4,7;gasolie;olie;;1;;;;0;;;;;;
2025;247;1848;1848-3;Middelfart Fjernvarme a.m.b.a.;5500;Middelfart;410;Fjernvarmeværk;81;TVIS;kedel 3;Kedel;fvv;2012-01-01 00:00:00;;0;5;gasolie;olie;;1;;;;0;;;;;;
2025;247;1918;1918-1;Middelfart Fjernvarme a.m.b.a.;5580;Nørre Aaby;410;Fjernvarmeværk;83;Nørre-Aaby Fjernvarme (Inkl. Ejby FV);Smuldkedel;Kedel;fvv;2006-12-01 00:00:00;;0;2;traepiller;fast biomasse;;0;;;;1;;;;;;
2025;247;1918;1918-2;Middelfart Fjernvarme a.m.b.a.;5580;Nørre Aaby;410;Fjernvarmeværk;83;Nørre-Aaby Fjernvarme (Inkl. Ejby FV);Fliskedel;Kedel;fvv;2014-10-01 00:00:00;;0;5;skovflis;fast biomasse;;0;;;;1;;;;;;
2025;247;2464;2464-1;Middelfart Fjernvarme a.m.b.a.;5500;Middelfart;410;Fjernvarmeværk;81;TVIS;kedel 1;Kedel;fvv;2024-01-25 00:00:00;;0;9,5;naturgas;naturgas;;0;1;;;0;;;;;;
2025;247;2464;2464-2;Middelfart Fjernvarme a.m.b.a.;5500;Middelfart;410;Fjernvarmeværk;81;TVIS;Kedel 2;Kedel;fvv;2024-01-25 00:00:00;;0;9,5;naturgas;naturgas;;0;1;;;0;;;;;;
2025;249;164;164-1;I/S Norfors;2850;Nærum;230;Fjernvarmeværk;5;DTU-Holte-Nærum Fjernvarme (inkl. Øverød, Teknikerbyen, Skodsborg);DSV;Kedel;fvv;1966-06-01 00:00:00;;0;11,6;naturgas;naturgas;;0;1;;;0;;;;;;
2025;249;165;165-1;I/S Norfors;2840;Holte;230;Fjernvarmeværk;5;DTU-Holte-Nærum Fjernvarme (inkl. Øverød, Teknikerbyen, Skodsborg);DSV;Kedel;fvv;1970-01-01 00:00:00;;0;13,5;naturgas;naturgas;;0;1;;;0;;;;;;
2025;249;260;260-1;I/S Norfors;2970;Hørsholm;223;Fjernvarmeværk;17;Nordøstsjællands Fjernvarme;Opnæsgård;Kedel;fvv;2012-01-01 00:00:00;;0;10;naturgas;naturgas;;0;1;;;0;;;;;;
2025;249;261;261-3;I/S Norfors;2970;Hørsholm;223;Erhvervsværk;17;Nordøstsjællands Fjernvarme;Ovn 4;Dampturbine;pev;1999-11-23 00:00:00;;7,4;22,1;affald;affald;;0;0,021756382;0,539713106;;0,438530512;;;;;;
2025;249;261;261-7;I/S Norfors;2970;Hørsholm;223;Erhvervsværk;17;Nordøstsjællands Fjernvarme;Ovnlinje 5;Dampturbine;pev;2016-10-01 00:00:00;;8;31;affald;affald;;0;0,014331418;0,543809915;;0,441858667;;;;;;
2025;249;261;261-8;I/S Norfors;2970;Hørsholm;223;Erhvervsværk;17;Nordøstsjællands Fjernvarme;Spids/reservelast kedel 4;Kedel;pvp;2014-01-01 00:00:00;;0;5,5;naturgas;naturgas;;0;1;;;0;;;;;;
2025;249;261;261-9;I/S Norfors;2970;Hørsholm;223;Erhvervsværk;17;Nordøstsjællands Fjernvarme;Spids/reservelast kedel 5;Kedel;pvp;2014-01-01 00:00:00;;0;11;naturgas;naturgas;;0;1;;;0;;;;;;
2025;249;524;524-1;I/S Norfors;2830;Virum;230;Fjernvarmeværk;5;DTU-Holte-Nærum Fjernvarme (inkl. Øverød, Teknikerbyen, Skodsborg);Teknikerbyens;Kedel;fvv;1970-01-01 00:00:00;;0;4,5;naturgas;naturgas;;0;1;;;0;;;;;;
2025;249;1015;1015-1;I/S Norfors;2970;Hørsholm;230;Fjernvarmeværk;17;Nordøstsjællands Fjernvarme;Motor;Forbrændingsmotor;kvt;1994-01-01 00:00:00;;0,97;1,6;naturgas;naturgas;;0;1;;;0;;;;;;
2025;249;1015;1015-2;I/S Norfors;2970;Hørsholm;230;Fjernvarmeværk;17;Nordøstsjællands Fjernvarme;2 kedler (2+2,5 MW;Kedel;fvv;2012-01-01 00:00:00;;0;4,5;naturgas;naturgas;;0;1;;;0;;;;;;
2025;249;1321;1321-1;I/S Norfors;3460;Birkerød;230;Fjernvarmeværk;17;Nordøstsjællands Fjernvarme;motor;Forbrændingsmotor;kvt;1997-10-01 00:00:00;;1,05;1,5;naturgas;naturgas;;0;1;;;0;;;;;;
2025;249;1321;1321-2;I/S Norfors;3460;Birkerød;230;Fjernvarmeværk;17;Nordøstsjællands Fjernvarme;2x2,45 MW kedel;Kedel;fvv;2012-01-01 00:00:00;;0;4;naturgas;naturgas;;0;1;;;0;;;;;;
2025;249;1446;1446-1;I/S Norfors;2990;Nivå;210;Fjernvarmeværk;17;Nordøstsjællands Fjernvarme;Nivå Fjernvarme 1;Kedel;fvv;1998-01-01 00:00:00;;0;3,15;naturgas;naturgas;;0;1;;;0;;;;;;
2025;249;1446;1446-2;I/S Norfors;2990;Nivå;210;Fjernvarmeværk;17;Nordøstsjællands Fjernvarme;Nivå Fjernvarme 2;Kedel;fvv;1998-01-01 00:00:00;;0;6,3;naturgas;naturgas;;0;1;;;0;;;;;;
2025;249;2001;2001-1;I/S Norfors;2942;Skodsborg;230;Fjernvarmeværk;5;DTU-Holte-Nærum Fjernvarme (inkl. Øverød, Teknikerbyen, Skodsborg);DSV;Kedel;fvv;1989-06-01 00:00:00;;0;3,2;Ej i drift i 2025;Ej i drift i 2025;;;;;;;;;;;;
2025;249;2200;2200-1;I/S Norfors;2840;Holte;230;Fjernvarmeværk;5;DTU-Holte-Nærum Fjernvarme (inkl. Øverød, Teknikerbyen, Skodsborg);Vejlesøparken, kedel;Kedel;fvv;2014-12-01 00:00:00;;0;4,7;naturgas;naturgas;;0;1;;;0;;;;;;
2025;249;2202;2202-1;I/S Norfors;3460;Birkerød;230;Fjernvarmeværk;17;Nordøstsjællands Fjernvarme;Kedel 1;Kedel;fvv;2014-01-01 00:00:00;;0;4;naturgas;naturgas;;0;1;;;0;;;;;;
2025;249;2202;2202-2;I/S Norfors;3460;Birkerød;230;Fjernvarmeværk;17;Nordøstsjællands Fjernvarme;Kedel 2;Kedel;fvv;2014-01-01 00:00:00;;0;4;naturgas;naturgas;;0;1;;;0;;;;;;
2025;251;265;265-10;JETSMARK ENERGIVÆRK AMBA;9490;Pandrup;849;Decentralt værk;309;Jetsmark Fjernvarme;Genset M6;Forbrændingsmotor;kvt;2025-07-04 00:00:00;2025-10-15 00:00:00;2,6;3,2;Ej i drift i 2025;Ej i drift i 2025;;;;;;;;;;;;
2025;251;265;265-11;JETSMARK ENERGIVÆRK AMBA;9490;Pandrup;849;Decentralt værk;309;Jetsmark Fjernvarme;Genset M6;Forbrændingsmotor;kvt;2025-08-01 00:00:00;;2,7;3,2;naturgas;naturgas;;0;1;;;0;;;;;;
2025;251;265;265-3;JETSMARK ENERGIVÆRK AMBA;9490;Pandrup;849;Decentralt værk;309;Jetsmark Fjernvarme;Kedel 1+2;Kedel;fvv;1991-11-01 00:00:00;;0;9;naturgas;naturgas;;0,003355415;0,996644585;;;0;;;;;;
2025;251;265;265-4;JETSMARK ENERGIVÆRK AMBA;9490;Pandrup;849;Decentralt værk;309;Jetsmark Fjernvarme;Genset 3;Forbrændingsmotor;kvt;2003-02-15 00:00:00;2025-05-05 00:00:00;2,7;3,5;Ej i drift i 2025;Ej i drift i 2025;;;;;;;;;;;;
2025;251;265;265-5;JETSMARK ENERGIVÆRK AMBA;9490;Pandrup;849;Decentralt værk;309;Jetsmark Fjernvarme;Genset 4;Forbrændingsmotor;kvt;2004-10-06 00:00:00;;2,7;3,5;naturgas;naturgas;;0;1;;;0;;;;;;
2025;251;265;265-6;JETSMARK ENERGIVÆRK AMBA;9490;Pandrup;849;Decentralt værk;309;Jetsmark Fjernvarme;Genset 5;Forbrændingsmotor;kvt;2007-09-30 00:00:00;;3,04;4;naturgas;naturgas;;0;1;;;0;;;;;;
2025;251;265;265-8;JETSMARK ENERGIVÆRK AMBA;9490;Pandrup;849;Decentralt værk;309;Jetsmark Fjernvarme;Solfangeranlæg;Solvarme;fvv;2015-07-01 00:00:00;;0;10,6;solenergi;solenergi;;0;;;;0;;;1;;;
2025;251;265;265-9;JETSMARK ENERGIVÆRK AMBA;9490;Pandrup;849;Decentralt værk;309;Jetsmark Fjernvarme;El-kedel;Elpatron;fvv;2019-10-01 00:00:00;;0;10;elektricitet;elektricitet;;0;;;;0;;;;;1;
2025;253;267;267-2;I/S REFA;4800;Nykøbing F;376;Erhvervsværk;51;Nykøbing Falster Fjernvarme;Ovnlinie 2;Kedel;pvp;1983-03-01 00:00:00;;0;8,5;affald;affald;;0,009888069;;0,989571194;;0,000540737;;;;;;
2025;253;267;267-3;I/S REFA;4800;Nykøbing F;376;Erhvervsværk;51;Nykøbing Falster Fjernvarme;Ovnlinie 3;Dampturbine;pev;2000-01-11 00:00:00;;6,7;26;affald;affald;;0,008089662;;0,989322016;;0,002588322;;;;;;
2025;253;2040;2040-1;I/S REFA;4800;Nykøbing F;376;Fjernvarmeværk;51;Nykøbing Falster Fjernvarme;Flisværk;Kedel;fvv;2008-01-01 00:00:00;;0;10,6;skovflis;fast biomasse;;0;;;;1;;;;;;
2025;258;284;284-2;Troldhede Kraftvarmeværk A.m.b.a.;6920;Videbæk;760;Decentralt værk;192;Troldhede Fjernvarme;Kedel;Kedel;fvv;1997-01-01 00:00:00;;0;0,75;naturgas;naturgas;;0;1;;;0;;;;;;
2025;258;284;284-3;Troldhede Kraftvarmeværk A.m.b.a.;6920;Videbæk;760;Decentralt værk;192;Troldhede Fjernvarme;Varmepumpe;Varmepumpe Luft;fvv;2020-01-01 00:00:00;;0;0,811;omgivelsesvarme;omgivelsesvarme;;0;;;;0;;;;;0,286053502;0,713946498
2025;259;102;102-1;I/S VESTFORBRÆNDING;3520;Farum;190;Fjernvarmeværk;18;Hillerød-Farum-Værløse;Kedel 2;Kedel;fvv;1973-11-09 00:00:00;;0;8,9;naturgas;naturgas;;0;1;;;0;;;;;;
2025;259;102;102-2;I/S VESTFORBRÆNDING;3520;Farum;190;Fjernvarmeværk;18;Hillerød-Farum-Værløse;Kedel 3;Kedel;fvv;1971-01-01 00:00:00;;0;6,8;Ej i drift i 2025;Ej i drift i 2025;;;;;;;;;;;;
2025;259;102;102-3;I/S VESTFORBRÆNDING;3520;Farum;190;Fjernvarmeværk;18;Hillerød-Farum-Værløse;Kedel 4;Kedel;fvv;1971-01-01 00:00:00;;0;8,9;Ej i drift i 2025;Ej i drift i 2025;;;;;;;;;;;;
2025;259;103;103-1;I/S VESTFORBRÆNDING;3520;Farum;190;Fjernvarmeværk;18;Hillerød-Farum-Værløse;Kedel 1;Kedel;fvv;1977-01-01 00:00:00;;0;9,3;naturgas;naturgas;;0;1;;;0;;;;;;
2025;259;103;103-2;I/S VESTFORBRÆNDING;3520;Farum;190;Fjernvarmeværk;18;Hillerød-Farum-Værløse;Kedel 2;Kedel;fvv;1980-01-01 00:00:00;;0;9,3;Ej i drift i 2025;Ej i drift i 2025;;;;;;;;;;;;
2025;259;103;103-3;I/S VESTFORBRÆNDING;3520;Farum;190;Fjernvarmeværk;18;Hillerød-Farum-Værløse;Kedel 3;Kedel;fvv;1980-01-01 00:00:00;;0;11,6;Ej i drift i 2025;Ej i drift i 2025;;;;;;;;;;;;
2025;259;285;285-10;I/S VESTFORBRÆNDING;2600;Glostrup;161;Erhvervsværk;2;Storkøbenhavns Fjernvarme;Anlæg 5 - dampturbine;Dampturbine;pev;1998-12-07 00:00:00;;17;69;affald;affald;;0,010652425;;0,989347575;;0;;;;;;
2025;259;285;285-11;I/S VESTFORBRÆNDING;2600;Glostrup;161;Erhvervsværk;2;Storkøbenhavns Fjernvarme;Anlæg 6 - dampturbine;Dampturbine;pev;2004-10-01 00:00:00;;22;73;affald;affald;;0;0,011814887;0,988185113;;0;;;;;;
2025;259;1731;1731-1;I/S VESTFORBRÆNDING;2800;Kongens Lyngby;173;Fjernvarmeværk;5;DTU-Holte-Nærum Fjernvarme (inkl. Øverød, Teknikerbyen, Skodsborg);Gaskedel 1;Kedel;fvv;2012-01-01 00:00:00;;0;10,487;naturgas;naturgas;;0;1;;;0;;;;;;
2025;259;1731;1731-2;I/S VESTFORBRÆNDING;2800;Kongens Lyngby;173;Fjernvarmeværk;5;DTU-Holte-Nærum Fjernvarme (inkl. Øverød, Teknikerbyen, Skodsborg);Gaskedel 2;Kedel;fvv;2012-01-01 00:00:00;;0;10,171;naturgas;naturgas;;0;1;;;0;;;;;;
2025;259;1731;1731-3;I/S VESTFORBRÆNDING;2800;Kongens Lyngby;173;Fjernvarmeværk;5;DTU-Holte-Nærum Fjernvarme (inkl. Øverød, Teknikerbyen, Skodsborg);Gaskedel 3;Kedel;fvv;2012-01-01 00:00:00;;0;10,319;naturgas;naturgas;;0;1;;;0;;;;;;
2025;259;1857;1857-8;I/S VESTFORBRÆNDING;2750;Ballerup;151;Fjernvarmeværk;2;Storkøbenhavns Fjernvarme;8  Hedegården 1;Kedel;fvv;1985-01-01 00:00:00;;0;23,26;naturgas;naturgas;;0;1;;;0;;;;;;
2025;259;1857;1857-9;I/S VESTFORBRÆNDING;2750;Ballerup;151;Fjernvarmeværk;2;Storkøbenhavns Fjernvarme;9 Hedegården 2;Kedel;fvv;1987-01-01 00:00:00;;0;23,26;naturgas;naturgas;;0;1;;;0;;;;;;
2025;259;2223;2223-1;I/S VESTFORBRÆNDING;2760;Måløv;151;Fjernvarmeværk;2;Storkøbenhavns Fjernvarme;Kedel 1;Kedel;fvv;2016-01-02 00:00:00;;0;14,1;naturgas;naturgas;;0;1;;;0;;;;;;
2025;259;2223;2223-2;I/S VESTFORBRÆNDING;2760;Måløv;151;Fjernvarmeværk;2;Storkøbenhavns Fjernvarme;Kedel 2;Kedel;fvv;2016-01-02 00:00:00;;0;14,1;naturgas;naturgas;;0;1;;;0;;;;;;
2025;259;2366;2366-1;I/S VESTFORBRÆNDING;2860;Søborg;159;Erhvervsværk;2;Storkøbenhavns Fjernvarme;Overskudsvarme fra Novo Nordisk;Overskudsvarme;pvp;2018-01-01 00:00:00;;0;0,9;braendselsfrit;braendselsfrit;;0;;;;0;;1;;;;
2025;259;2367;2367-1;I/S VESTFORBRÆNDING;2750;Ballerup;151;Erhvervsværk;2;Storkøbenhavns Fjernvarme;Overskudsvarme fra Ballerup Krematorium;Overskudsvarme;pvp;2018-01-01 00:00:00;;0;0,2;Ej i drift i 2025;Ej i drift i 2025;;;;;;;;;;;;
2025;259;2465;2465-1;I/S VESTFORBRÆNDING;3540;Lynge;201;Fjernvarmeværk;18;Hillerød-Farum-Værløse;Varmepumpe;Varmepumpe Luft;fvv;2021-01-01 00:00:00;;0;16;omgivelsesvarme;omgivelsesvarme;;0;;;;0;;;;;0,39987715;0,60012285
2025;259;2466;2466-1;I/S VESTFORBRÆNDING;3520;Farum;190;Fjernvarmeværk;18;Hillerød-Farum-Værløse;Kedel 1;Kedel;fvv;2008-01-01 00:00:00;;0;2;gasolie;olie;;1;;;;0;;;;;;
2025;259;2466;2466-2;I/S VESTFORBRÆNDING;3520;Farum;190;Fjernvarmeværk;18;Hillerød-Farum-Værløse;Kedel 2;Kedel;fvv;2008-01-01 00:00:00;;0;2;Ej i drift i 2025;Ej i drift i 2025;;;;;;;;;;;;
2025;259;2487;2487-1;I/S VESTFORBRÆNDING;2600;Glostrup;161;Fjernvarmeværk;2;Storkøbenhavns Fjernvarme;Spidslastkedel 1 (før 285-5);Kedel;pvp;1972-01-01 00:00:00;;0;20,35;naturgas;naturgas;;0,002878697;0,997121303;;;0;;;;;;
2025;259;2487;2487-2;I/S VESTFORBRÆNDING;2600;Glostrup;161;Fjernvarmeværk;2;Storkøbenhavns Fjernvarme;Spidslastkedel 2 (før 285-6);Kedel;pvp;1972-01-01 00:00:00;;0;20,35;naturgas;naturgas;;0,00467173;0,99532827;;;0;;;;;;
2025;259;2487;2487-3;I/S VESTFORBRÆNDING;2600;Glostrup;161;Fjernvarmeværk;2;Storkøbenhavns Fjernvarme;Spidslastkedel 3 (før 285-7);Kedel;pvp;1981-01-01 00:00:00;;0;20,35;naturgas;naturgas;;0,002727456;0,997272544;;;0;;;;;;
2025;265;297;297-2;INGSTRUP FJERNVARME ANDELSSELSKAB;9480;Løkken;849;Decentralt værk;305;Løkken Fjernvarme;Gaskedel 1250 kw;Kedel;fvv;1983-10-01 00:00:00;;0;1,25;naturgas;naturgas;;0;1;;;0;;;;;;
2025;268;299;299-1;JELLING VARMEVÆRK;7300;Jelling;630;Fjernvarmeværk;81;TVIS;Grønnegade 3, kedel 2;Kedel;fvv;1985-01-01 00:00:00;;0;6,5;naturgas;naturgas;;0;1;;;0;;;;;;
2025;268;299;299-3;JELLING VARMEVÆRK;7300;Jelling;630;Fjernvarmeværk;81;TVIS;Grønnegade 3, kedel 1;Kedel;fvv;1985-01-01 00:00:00;;0;4;naturgas;naturgas;;0;1;;;0;;;;;;
2025;268;299;299-4;JELLING VARMEVÆRK;7300;Jelling;630;Fjernvarmeværk;81;TVIS;Grønnegade 3, kedel 3;Kedel;fvv;1961-01-01 00:00:00;;0;4,7;naturgas;naturgas;;0;1;;;0;;;;;;
2025;268;1286;1286-3;JELLING VARMEVÆRK;7300;Jelling;630;Decentralt værk;81;TVIS;Solvarme Etape 1;Solvarme;fvv;2016-05-25 00:00:00;;0;11;solenergi;solenergi;;0;;;;0;;;1;;;
2025;268;1286;1286-4;JELLING VARMEVÆRK;7300;Jelling;630;Decentralt værk;81;TVIS;Solvarme Etape 2 (4.835 m2);Solvarme;fvv;2019-04-01 00:00:00;;0;3,5;solenergi;solenergi;;0;;;;0;;;1;;;
2025;269;300;300-2;JERSLEV VARMEVÆRK;9740;Jerslev J;810;Decentralt værk;278;Jerslev Fjernvarme;Gaskedel;Kedel;fvv;1959-10-01 00:00:00;;0;3,5;naturgas;naturgas;;0;1;;;0;;;;;;
2025;269;300;300-3;JERSLEV VARMEVÆRK;9740;Jerslev J;810;Decentralt værk;278;Jerslev Fjernvarme;Elkedel (400V);Elpatron;fvv;2012-07-12 00:00:00;;0;2,4;elektricitet;elektricitet;;0;;;;0;;;;;1;
2025;269;300;300-4;JERSLEV VARMEVÆRK;9740;Jerslev J;810;Decentralt værk;278;Jerslev Fjernvarme;Solvarmeanlæg - 5582m2;Solvarme;fvv;2015-10-15 00:00:00;;0;3,8;solenergi;solenergi;;0;;;;0;;;1;;;
2025;269;300;300-5;JERSLEV VARMEVÆRK;9740;Jerslev J;810;Decentralt værk;278;Jerslev Fjernvarme;Varmepumpe;Varmepumpe Luft;fvv;2022-11-01 00:00:00;;0;1,867;omgivelsesvarme;omgivelsesvarme;;0;;;;0;;;;;0,349056604;0,650943396
2025;269;300;300-6;JERSLEV VARMEVÆRK;9740;Jerslev J;810;Decentralt værk;278;Jerslev Fjernvarme;Gasmotor A (fra oprindelig samlet enhed);Forbrændingsmotor;kvt;1993-10-01 00:00:00;;0,74;1,07;naturgas;naturgas;;0;1;;;0;;;;;;
2025;269;300;300-7;JERSLEV VARMEVÆRK;9740;Jerslev J;810;Decentralt værk;278;Jerslev Fjernvarme;Gasmotor B (fra oprindelig samlet enhed);Forbrændingsmotor;kvt;1993-10-01 00:00:00;;0,74;1,07;naturgas;naturgas;;0;1;;;0;;;;;;
2025;277;307;307-1;KARUP VARMEVÆRK;7470;Karup J;791;Decentralt værk;241;Karup Fjernvarme;Kedler;Kedel;fvv;2012-01-01 00:00:00;;0;12,2;naturgas;naturgas;;0;1;;;0;;;;;;
2025;277;307;307-2;KARUP VARMEVÆRK;7470;Karup J;791;Decentralt værk;241;Karup Fjernvarme;Motor;Forbrændingsmotor;kvt;1994-01-01 00:00:00;;3,1;4;naturgas;naturgas;;0;1;;;0;;;;;;
2025;277;334;334-2;KARUP VARMEVÆRK;7470;Karup J;791;Decentralt værk;241;Karup Fjernvarme;kedel 1;Kedel;fvv;1993-01-01 00:00:00;;0;1,5;naturgas;naturgas;;0;1;;;0;;;;;;
2025;277;334;334-4;KARUP VARMEVÆRK;7470;Karup J;791;Decentralt værk;241;Karup Fjernvarme;Forbrændningsmotorer;Forbrændingsmotor;kvt;2005-10-06 00:00:00;;1,4;1,8;naturgas;naturgas;;0;1;;;0;;;;;;
2025;277;2385;2385-1;KARUP VARMEVÆRK;7470;Karup J;791;Fjernvarmeværk;241;Karup Fjernvarme;Solvarme, etape 1 (8000 m2);Solvarme;fvv;2013-07-01 00:00:00;;0;6;solenergi;solenergi;;0;;;;0;;;0,941082803;;0,058917197;
2025;277;2385;2385-2;KARUP VARMEVÆRK;7470;Karup J;791;Fjernvarmeværk;241;Karup Fjernvarme;Solvarme, etape 2 (8000 m2);Solvarme;fvv;2019-05-15 00:00:00;;0;6;solenergi;solenergi;;0;;;;0;;;0,933552828;;0,066447172;
2025;277;2385;2385-3;KARUP VARMEVÆRK;7470;Karup J;791;Fjernvarmeværk;241;Karup Fjernvarme;Varmepumpe;Varmepumpe Anden;fvv;2020-04-01 00:00:00;;0;4;omgivelsesvarme;omgivelsesvarme;;0;;;;0;;;;;0,352735497;0,647264503
2025;280;310;310-1;Kibæk Varmeværk A.m.b.a.;6933;Kibæk;657;Fjernvarmeværk;196;Kibæk Fjernvarme;Kul/træpillekedel;Kedel;fvv;1982-01-01 00:00:00;;0;2,5;Ej i drift i 2025;Ej i drift i 2025;;;;;;;;;;;;
2025;280;310;310-3;Kibæk Varmeværk A.m.b.a.;6933;Kibæk;657;Fjernvarmeværk;196;Kibæk Fjernvarme;Kombikedel/Flis;Kedel;fvv;2006-09-01 00:00:00;;0;10;skovflis;fast biomasse;;0;;;;1;;;;;;
2025;280;310;310-4;Kibæk Varmeværk A.m.b.a.;6933;Kibæk;657;Fjernvarmeværk;196;Kibæk Fjernvarme;Justsen Kedel 5 MWh;Kedel;fvv;2018-06-18 00:00:00;;0;5;skovflis;fast biomasse;;0;;;;1;;;;;;
2025;281;311;311-2;KLEJTRUP VARMEVÆRK;9500;Hobro;791;Decentralt værk;250;Klejtrup Fjernvarme;Kedelcentral;Kedel;fvv;1988-01-01 00:00:00;;0;2,5;naturgas;naturgas;;0;0,575504887;;0,424495113;0;;;;;;
2025;281;311;311-3;KLEJTRUP VARMEVÆRK;9500;Hobro;791;Decentralt værk;250;Klejtrup Fjernvarme;Kraftvarmeværk;Forbrændingsmotor;kvt;2009-09-23 00:00:00;;1,13;1,19;biogas;biogas;;0;;;1;0;;;;;;
2025;288;324;324-1;NG Nordic Denmark A/S;5800;Nyborg;450;Erhvervsværk;82;Nyborg Fjernvarme;Forbrændingsanlæg 4;Kombianlæg;pev;1989-01-01 00:00:00;;5;17;affald;affald;;0,070858904;;0,929141096;;0;;;;;;
2025;288;324;324-2;NG Nordic Denmark A/S;5800;Nyborg;450;Erhvervsværk;82;Nyborg Fjernvarme;Forbrændingsanlæg 3;Kombianlæg;pev;1983-01-01 00:00:00;;5;17;affald;affald;;0,078489998;;0,921510002;;0;;;;;;
2025;288;324;324-3;NG Nordic Denmark A/S;5800;Nyborg;450;Erhvervsværk;82;Nyborg Fjernvarme;Forbrændingsanlæg 1;Kombianlæg;pev;2002-10-01 00:00:00;;7;20;affald;affald;;0,075291406;;0,924708594;;0;;;;;;
2025;289;325;325-1;KONGERSLEV FJERNVARMEVÆRK AMBA;9293;Kongerslev;851;Decentralt værk;313;Kongerslev Fjernvarme;Gasmotor 1;Forbrændingsmotor;kvt;1989-01-01 00:00:00;;0,71;1,35;naturgas;naturgas;;0;1;;;0;;;;;;
2025;289;325;325-2;KONGERSLEV FJERNVARMEVÆRK AMBA;9293;Kongerslev;851;Decentralt værk;313;Kongerslev Fjernvarme;Gasmotor 2;Forbrændingsmotor;kvt;1997-01-01 00:00:00;;0,7;1,35;naturgas;naturgas;;0;1;;;0;;;;;;
2025;289;325;325-3;KONGERSLEV FJERNVARMEVÆRK AMBA;9293;Kongerslev;851;Decentralt værk;313;Kongerslev Fjernvarme;Gasmotor 3;Forbrændingsmotor;kvt;1994-01-01 00:00:00;;0,53;0,8;naturgas;naturgas;;0;1;;;0;;;;;;
2025;289;325;325-4;KONGERSLEV FJERNVARMEVÆRK AMBA;9293;Kongerslev;851;Decentralt værk;313;Kongerslev Fjernvarme;Kedel;Kedel;fvv;1994-01-01 00:00:00;;0;2;naturgas;naturgas;;0;1;;;0;;;;;;
2025;289;1972;1972-1;KONGERSLEV FJERNVARMEVÆRK AMBA;9293;Kongerslev;851;Fjernvarmeværk;313;Kongerslev Fjernvarme;Satelitcentral;Kedel;fvv;2007-01-01 00:00:00;;0;2,5;skovflis;fast biomasse;;0;;;;1;;;;;;
2025;289;1972;1972-2;KONGERSLEV FJERNVARMEVÆRK AMBA;9293;Kongerslev;851;Fjernvarmeværk;313;Kongerslev Fjernvarme;Varmepumpe luft/vand;Varmepumpe Luft;fvv;2020-11-13 00:00:00;;0;1,458;omgivelsesvarme;omgivelsesvarme;;0;;;;0;;;;;0,349311215;0,650688785
2025;292;329;329-1;Kværndrup Fjernvarme;5772;Kværndrup;430;Fjernvarmeværk;86;Kværndrup Fjernvarme;Halmanlæg;Kedel;fvv;2005-12-01 00:00:00;;0;5;halm;fast biomasse;;0;;;;1;;;;;;
2025;292;329;329-4;Kværndrup Fjernvarme;5772;Kværndrup;430;Fjernvarmeværk;86;Kværndrup Fjernvarme;Oliekedel;Kedel;fvv;2012-09-01 00:00:00;;0;6;Ej i drift i 2025;Ej i drift i 2025;;;;;;;;;;;;
2025;292;329;329-5;Kværndrup Fjernvarme;5772;Kværndrup;430;Fjernvarmeværk;86;Kværndrup Fjernvarme;Solvarme - 6400m2;Solvarme;fvv;2015-07-01 00:00:00;;0;3;solenergi;solenergi;;0;;;;0;;;1;;;
2025;297;1826;1826-1;Lystrup Fjernvarme A.m.b.A.;8520;Lystrup;751;Fjernvarmeværk;206;Århus Fjernvarme;Kedel 1;Kedel;fvv;1996-01-01 00:00:00;;0;12;gasolie;olie;;1;;;;0;;;;;;
2025;297;1826;1826-2;Lystrup Fjernvarme A.m.b.A.;8520;Lystrup;751;Fjernvarmeværk;206;Århus Fjernvarme;Kedel 2;Kedel;fvv;1972-01-01 00:00:00;;0;7,3;gasolie;olie;;1;;;;0;;;;;;
2025;297;1826;1826-3;Lystrup Fjernvarme A.m.b.A.;8520;Lystrup;751;Fjernvarmeværk;206;Århus Fjernvarme;Kedel 4;Kedel;fvv;1975-01-01 00:00:00;;0;6,3;gasolie;olie;;1;;;;0;;;;;;
2025;300;337;337-3;LANGAA VARMEVÆRK AMBA;8870;Langå;730;Decentralt værk;207;Langå Fjernvarme;"Gaskedel 1&#43;2";Kedel;fvv;2005-12-01 00:00:00;;0;8,4;naturgas;naturgas;;0;1;;;0;;;;;;
2025;300;337;337-4;LANGAA VARMEVÆRK AMBA;8870;Langå;730;Decentralt værk;207;Langå Fjernvarme;Motor;Forbrændingsmotor;kvt;1991-06-01 00:00:00;;2,95;3,85;naturgas;naturgas;;0;1;;;0;;;;;;
2025;300;337;337-5;LANGAA VARMEVÆRK AMBA;8870;Langå;730;Decentralt værk;207;Langå Fjernvarme;Kedel;Kedel;fvv;2016-03-21 00:00:00;;0;1;Ej i drift i 2025;Ej i drift i 2025;;;;;;;;;;;;
2025;300;2302;2302-1;LANGAA VARMEVÆRK AMBA;8870;Langå;730;Fjernvarmeværk;207;Langå Fjernvarme;Solvarmeanlæg - 9000m2;Solvarme;fvv;2016-05-27 00:00:00;;0;6,5;solenergi;solenergi;;0;;;;0;;;1;;;
2025;300;2302;2302-2;LANGAA VARMEVÆRK AMBA;8870;Langå;730;Fjernvarmeværk;207;Langå Fjernvarme;Gaskedel;Kedel;fvv;2021-01-01 00:00:00;;0;1;naturgas;naturgas;;0;1;;;0;;;;;;
2025;300;2302;2302-3;LANGAA VARMEVÆRK AMBA;8870;Langå;730;Fjernvarmeværk;207;Langå Fjernvarme;Varmepumpe Luft;Varmepumpe Luft;fvv;2021-01-01 00:00:00;;0;3,2;omgivelsesvarme;omgivelsesvarme;;0;;;;0;;;;;0,326651172;0,673348828
2025;301;338;338-1;LEM VARMEVÆRK;6940;Lem St;760;Decentralt værk;181;Lem Fjernvarme (Ringkøbing);Gasmotor;Forbrændingsmotor;kvt;1993-05-01 00:00:00;;3,84;4,8;naturgas;naturgas;;0;1;;;0;;;;;;
2025;301;338;338-2;LEM VARMEVÆRK;6940;Lem St;760;Decentralt værk;181;Lem Fjernvarme (Ringkøbing);Fliskedel;Kedel;fvv;2007-10-01 00:00:00;;0;5;skovflis;fast biomasse;;0;;;;1;;;;;;
2025;301;338;338-3;LEM VARMEVÆRK;6940;Lem St;760;Decentralt værk;181;Lem Fjernvarme (Ringkøbing);Gaskedel;Kedel;fvv;1993-10-01 00:00:00;;0;5;Ej i drift i 2025;Ej i drift i 2025;;;;;;;;;;;;
2025;301;338;338-4;LEM VARMEVÆRK;6940;Lem St;760;Decentralt værk;181;Lem Fjernvarme (Ringkøbing);Gaskedel;Kedel;fvv;1996-01-01 00:00:00;;0;12;naturgas;naturgas;;0;1;;;0;;;;;;
2025;301;338;338-5;LEM VARMEVÆRK;6940;Lem St;760;Decentralt værk;181;Lem Fjernvarme (Ringkøbing);Kombikedel;Kedel;fvv;1993-10-01 00:00:00;;0;5;Ej i drift i 2025;Ej i drift i 2025;;;;;;;;;;;;
2025;301;2332;2332-1;LEM VARMEVÆRK;6940;Lem St;760;Fjernvarmeværk;181;Lem Fjernvarme (Ringkøbing);Solvarme - 8140 m2;Solvarme;fvv;2018-05-01 00:00:00;;0;6;solenergi;solenergi;;0;;;;0;;;1;;;
2025;301;2332;2332-2;LEM VARMEVÆRK;6940;Lem St;760;Fjernvarmeværk;181;Lem Fjernvarme (Ringkøbing);El-varmepumpe (sol og luft);Varmepumpe Solvarme;fvv;2020-12-01 00:00:00;;0;4,2;solenergi;solenergi;;0;;;;0;;;0,640873487;;0,359126513;
2025;302;339;339-1;LEMVIG VARMEVÆRK A M B A;7620;Lemvig;665;Decentralt værk;176;Lemvig Fjernvarme;Biogaskedel 2;Kedel;fvv;1992-01-01 00:00:00;;0;3,7;Ej i drift i 2025;Ej i drift i 2025;;;;;;;;;;;;
2025;302;339;339-2;LEMVIG VARMEVÆRK A M B A;7620;Lemvig;665;Decentralt værk;176;Lemvig Fjernvarme;Biogaskedel 1;Kedel;fvv;1992-01-01 00:00:00;;0;0,8;Ej i drift i 2025;Ej i drift i 2025;;;;;;;;;;;;
2025;302;339;339-4;LEMVIG VARMEVÆRK A M B A;7620;Lemvig;665;Decentralt værk;176;Lemvig Fjernvarme;Flisfyret kedel 7;Kedel;fvv;2004-06-01 00:00:00;;0;7,5;skovflis;fast biomasse;;0;;;;1;;;;;;
2025;302;339;339-5;LEMVIG VARMEVÆRK A M B A;7620;Lemvig;665;Decentralt værk;176;Lemvig Fjernvarme;Biogasmotor RR;Forbrændingsmotor;kvt;1993-06-01 00:00:00;;2;2,5;biogas;biogas;;0;;;1;0;;;;;;
2025;302;339;339-6;LEMVIG VARMEVÆRK A M B A;7620;Lemvig;665;Decentralt værk;176;Lemvig Fjernvarme;Olie fyret kedel 5;Kedel;fvv;1992-01-01 00:00:00;;0;8,2;bio-olie;bio-olie;;0;;;;0;1;;;;;
2025;302;339;339-7;LEMVIG VARMEVÆRK A M B A;7620;Lemvig;665;Decentralt værk;176;Lemvig Fjernvarme;Olie fyret kedel 6;Kedel;fvv;1991-01-01 00:00:00;;0;10,4;bio-olie;bio-olie;;0;;;;0;1;;;;;
2025;302;339;339-9;LEMVIG VARMEVÆRK A M B A;7620;Lemvig;665;Decentralt værk;176;Lemvig Fjernvarme;Flis fyret kedel 8;Kedel;fvv;2004-06-01 00:00:00;;0;7,5;skovflis;fast biomasse;;0;;;;1;;;;;;
2025;302;676;676-1;LEMVIG VARMEVÆRK A M B A;7620;Lemvig;665;Decentralt værk;176;Lemvig Fjernvarme;Naturgaskedel;Kedel;fvv;1993-01-01 00:00:00;;0;5;naturgas;naturgas;;0;1;;;0;;;;;;
2025;302;676;676-2;LEMVIG VARMEVÆRK A M B A;7620;Lemvig;665;Decentralt værk;176;Lemvig Fjernvarme;Naturgasmotor RR;Forbrændingsmotor;kvt;1993-01-01 00:00:00;;2,71;3,2;naturgas;naturgas;;0;1;;;0;;;;;;
2025;302;1366;1366-3;LEMVIG VARMEVÆRK A M B A;7620;Lemvig;665;Decentralt værk;176;Lemvig Fjernvarme;Biogasmotor;Forbrændingsmotor;kvt;2011-11-07 00:00:00;;0,89;1,09;biogas;biogas;;0;;;1;0;;;;;;
2025;302;1366;1366-4;LEMVIG VARMEVÆRK A M B A;7620;Lemvig;665;Decentralt værk;176;Lemvig Fjernvarme;Gaskedel;Kedel;fvv;1997-12-21 00:00:00;;0;2;naturgas;naturgas;;0;1;;;0;;;;;;
2025;302;2339;2339-1;LEMVIG VARMEVÆRK A M B A;7620;Lemvig;665;Decentralt værk;176;Lemvig Fjernvarme;Biogasmotor1 med absorptionsvarmepumpe;Forbrændingsmotor;kvt;2016-04-01 00:00:00;;3,1;4,5;biogas;biogas;;0;;;1;0;;;;;;
2025;302;2339;2339-2;LEMVIG VARMEVÆRK A M B A;7620;Lemvig;665;Decentralt værk;176;Lemvig Fjernvarme;Flisfyret kedel 1;Kedel;fvv;2016-11-01 00:00:00;;0;10,4;skovflis;fast biomasse;;0;;;;1;;;;;;
2025;302;2339;2339-3;LEMVIG VARMEVÆRK A M B A;7620;Lemvig;665;Decentralt værk;176;Lemvig Fjernvarme;Biogasmotor 2;Forbrændingsmotor;kvt;2016-11-01 00:00:00;;3;3,9;biogas;biogas;;0;;;1;0;;;;;;
2025;302;2339;2339-4;LEMVIG VARMEVÆRK A M B A;7620;Lemvig;665;Decentralt værk;176;Lemvig Fjernvarme;El-kedel;Elpatron;fvv;2021-09-01 00:00:00;;0;15;elektricitet;elektricitet;;0;;;;0;;;;;1;
2025;308;344;344-2;LØGSTRUP VARMEVÆRK A M B A;8831;Løgstrup;791;Decentralt værk;269;Løgstrup Fjernvarme;Motor, Jenbacher, motor 3;Forbrændingsmotor;kvt;1997-10-10 00:00:00;;0,92;1,3;Ej i drift i 2025;Ej i drift i 2025;;;;;;;;;;;;
2025;308;344;344-4;LØGSTRUP VARMEVÆRK A M B A;8831;Løgstrup;791;Decentralt værk;269;Løgstrup Fjernvarme;Motor, Jenbacher, motor 4;Forbrændingsmotor;kvt;2006-10-17 00:00:00;;2,42;3;naturgas;naturgas;;0;1;;;0;;;;;;
2025;308;344;344-5;LØGSTRUP VARMEVÆRK A M B A;8831;Løgstrup;791;Decentralt værk;269;Løgstrup Fjernvarme;Gaskedel;Kedel;fvv;2016-09-01 00:00:00;;0;6,2;naturgas;naturgas;;0;1;;;0;;;;;;
2025;308;2258;2258-1;LØGSTRUP VARMEVÆRK A M B A;8831;Løgstrup;791;Fjernvarmeværk;269;Løgstrup Fjernvarme;Solvarmeanlæg - 7031m2;Solvarme;fvv;2016-08-15 00:00:00;;0;5;solenergi;solenergi;;0;;;;0;;;1;;;
2025;308;2258;2258-2;LØGSTRUP VARMEVÆRK A M B A;8831;Løgstrup;791;Fjernvarmeværk;269;Løgstrup Fjernvarme;Varmepumpe;Varmepumpe Luft;fvv;2021-10-15 00:00:00;;0;3,5;omgivelsesvarme;omgivelsesvarme;;0;;;;0;;;;;0,356403793;0,643596207
2025;309;346;346-3;LØGSTØR FJERNVARMEVÆRK AMBA;9670;Løgstør;820;Decentralt værk;301;Løgstør-Ranum-Vindblæs Fjernvarmenet;Gaskedel 10;Kedel;fvv;1988-01-01 00:00:00;;0;10;naturgas;naturgas;;0;1;;;0;;;;;;
2025;309;346;346-4;LØGSTØR FJERNVARMEVÆRK AMBA;9670;Løgstør;820;Decentralt værk;301;Løgstør-Ranum-Vindblæs Fjernvarmenet;Gasmotor 1;Forbrændingsmotor;kvt;1995-10-01 00:00:00;;3,86;4,5;naturgas;naturgas;;0;1;;;0;;;;;;
2025;309;346;346-5;LØGSTØR FJERNVARMEVÆRK AMBA;9670;Løgstør;820;Decentralt værk;301;Løgstør-Ranum-Vindblæs Fjernvarmenet;Gasmotor 2;Forbrændingsmotor;kvt;1997-09-01 00:00:00;;3,86;4,5;naturgas;naturgas;;0;1;;;0;;;;;;
2025;309;346;346-7;LØGSTØR FJERNVARMEVÆRK AMBA;9670;Løgstør;820;Decentralt værk;301;Løgstør-Ranum-Vindblæs Fjernvarmenet;Halmkedel;Kedel;fvv;2008-10-01 00:00:00;;0;6,3;halm;fast biomasse;;0;;;;1;;;;;;
2025;309;346;346-8;LØGSTØR FJERNVARMEVÆRK AMBA;9670;Løgstør;820;Decentralt værk;301;Løgstør-Ranum-Vindblæs Fjernvarmenet;Træpillekedel;Kedel;fvv;2009-04-01 00:00:00;;0;6,3;traepiller;fast biomasse;;0;;;;1;;;;;;
2025;309;418;418-2;LØGSTØR FJERNVARMEVÆRK AMBA;9681;Ranum;820;Decentralt værk;301;Løgstør-Ranum-Vindblæs Fjernvarmenet;Kraftvarmeanlæg;Forbrændingsmotor;kvt;1996-01-01 00:00:00;;1,14;1,58;naturgas;naturgas;;0;1;;;0;;;;;;
2025;309;418;418-3;LØGSTØR FJERNVARMEVÆRK AMBA;9681;Ranum;820;Decentralt værk;301;Løgstør-Ranum-Vindblæs Fjernvarmenet;Gaskedel I;Kedel;fvv;1975-01-01 00:00:00;;0;1,45;Ej i drift i 2025;Ej i drift i 2025;;;;;;;;;;;;
2025;309;418;418-4;LØGSTØR FJERNVARMEVÆRK AMBA;9681;Ranum;820;Decentralt værk;301;Løgstør-Ranum-Vindblæs Fjernvarmenet;Gaskedel II;Kedel;fvv;1988-01-01 00:00:00;;0;2,9;naturgas;naturgas;;0;1;;;0;;;;;;
2025;309;2211;2211-1;LØGSTØR FJERNVARMEVÆRK AMBA;9670;Løgstør;820;Decentralt værk;301;Løgstør-Ranum-Vindblæs Fjernvarmenet;Kedel;Kedel;fvv;1998-01-01 00:00:00;;0;1,15;naturgas;naturgas;;0;1;;;0;;;;;;
2025;309;2211;2211-2;LØGSTØR FJERNVARMEVÆRK AMBA;9670;Løgstør;820;Decentralt værk;301;Løgstør-Ranum-Vindblæs Fjernvarmenet;Kraftvarmeanlæg;Forbrændingsmotor;kvt;1998-10-15 00:00:00;;0,47;0,63;Ej i drift i 2025;Ej i drift i 2025;;;;;;;;;;;;
2025;309;2211;2211-3;LØGSTØR FJERNVARMEVÆRK AMBA;9670;Løgstør;820;Decentralt værk;301;Løgstør-Ranum-Vindblæs Fjernvarmenet;Solvarmeanlæg - 15200m2 (Arcon);Solvarme;fvv;2014-05-01 00:00:00;;0;10,6;solenergi;solenergi;;0;;;;0;;;1;;;
2025;310;518;518-1;LØGUMKLOSTER FJERNVARME;6240;Løgumkloster;550;Decentralt værk;104;Løgumkloster Fjernvarme;QLK;Kombianlæg;kvt;1992-01-01 00:00:00;;6;7,5;naturgas;naturgas;;0;1;;;0;;;;;;
2025;310;2231;2231-1;LØGUMKLOSTER FJERNVARME;6240;Løgumkloster;550;Fjernvarmeværk;104;Løgumkloster Fjernvarme;Træpillekedel;Kedel;fvv;2014-11-10 00:00:00;;0;2;traepiller;fast biomasse;;0;;;;1;;;;;;
2025;310;2231;2231-2;LØGUMKLOSTER FJERNVARME;6240;Løgumkloster;550;Fjernvarmeværk;104;Løgumkloster Fjernvarme;Naturgaskedel;Kedel;fvv;2014-11-10 00:00:00;;0;10;naturgas;naturgas;;0;1;;;0;;;;;;
2025;310;2231;2231-3;LØGUMKLOSTER FJERNVARME;6240;Løgumkloster;550;Fjernvarmeværk;104;Løgumkloster Fjernvarme;Solvarmeanlæg - 15000m2;Solvarme;fvv;2015-07-01 00:00:00;;0;10;solenergi;solenergi;;0;;;;0;;;1;;0;
2025;310;2231;2231-4;LØGUMKLOSTER FJERNVARME;6240;Løgumkloster;550;Fjernvarmeværk;104;Løgumkloster Fjernvarme;Varmepumpe (vand-vand, 17-23Csolvarme - røggas);Varmepumpe Anden;fvv;2015-10-01 00:00:00;;0;1,3;omgivelsesvarme;omgivelsesvarme;;0;;;;0;;;;;0,252050301;0,747949699
2025;310;2231;2231-5;LØGUMKLOSTER FJERNVARME;6240;Løgumkloster;550;Fjernvarmeværk;104;Løgumkloster Fjernvarme;LT Varmepumpe;Varmepumpe Luft;fvv;2020-12-01 00:00:00;;0;3,1;omgivelsesvarme;omgivelsesvarme;;0;;;;0;;;;;0,195008381;0,804991619
2025;313;349;349-1;Løsning Fjernvarme A m b a;8723;Løsning;766;Fjernvarmeværk;147;Løsning Fjernvarme;Fjernvarmeværk;Kedel;fvv;1992-01-01 00:00:00;;0;12;naturgas;naturgas;;0;1;;;0;;;;;;
2025;313;349;349-2;Løsning Fjernvarme A m b a;8723;Løsning;766;Fjernvarmeværk;147;Løsning Fjernvarme;Flisværk;Kedel;fvv;2016-10-18 00:00:00;;0;3,3;skovflis;fast biomasse;;0;;;;1;;;;;;
2025;313;349;349-3;Løsning Fjernvarme A m b a;8723;Løsning;766;Fjernvarmeværk;147;Løsning Fjernvarme;Produktion syd VP;Varmepumpe Luft;fvv;2024-07-01 00:00:00;;0;6,45;omgivelsesvarme;omgivelsesvarme;;0;;;;0;;;;;0,365540829;0,634459171
2025;313;349;349-4;Løsning Fjernvarme A m b a;8723;Løsning;766;Fjernvarmeværk;147;Løsning Fjernvarme;Produktion syd elkedel;Elpatron;fvv;2025-03-24 00:00:00;;0;14,25;elektricitet;elektricitet;;0;;;;0;;;;;1;
2025;314;350;350-1;MARSTAL FJERNVARME A M B A;5960;Marstal;492;Fjernvarmeværk;80;Marstal Fjernvarme;Marstal Fjernvarme;Kedel;fvv;1997-01-01 00:00:00;;0;10,67;bio-olie;bio-olie;;0;;;;0;1;;;;;
2025;314;1400;1400-1;MARSTAL FJERNVARME A M B A;5960;Marstal;492;Fjernvarmeværk;80;Marstal Fjernvarme;Sunstore 1 - Solvarmeanlæg 9000 m2;Solvarme;fvv;1996-01-01 00:00:00;;0;5,9;solenergi;solenergi;;0;;;;0;;;1;;;
2025;314;1400;1400-2;MARSTAL FJERNVARME A M B A;5960;Marstal;492;Fjernvarmeværk;80;Marstal Fjernvarme;Sunstore 2 - Solvarmeanlæg 9000 m2;Solvarme;fvv;2002-06-01 00:00:00;;0;5,9;solenergi;solenergi;;0;;;;0;;;1;;;
2025;314;2144;2144-1;MARSTAL FJERNVARME A M B A;5960;Marstal;492;Decentralt værk;80;Marstal Fjernvarme;Fliskedel med Organic-Rankine turbine;Dampturbine;kvt;2012-10-01 00:00:00;;0,75;4;skovflis;fast biomasse;;0;;;;1;;;;;;
2025;314;2144;2144-2;MARSTAL FJERNVARME A M B A;5960;Marstal;492;Decentralt værk;80;Marstal Fjernvarme;Varmepumpeanlæg;Varmepumpe Solvarme;fvv;2012-09-01 00:00:00;;0;1,5;solenergi;solenergi;;0;;;;0;;;0,826989915;;0,173010085;
2025;314;2144;2144-3;MARSTAL FJERNVARME A M B A;5960;Marstal;492;Decentralt værk;80;Marstal Fjernvarme;Solvarmeanlæg 15000 m2;Solvarme;fvv;2012-07-01 00:00:00;;0;10,6;solenergi;solenergi;;0;;;;0;;;1;;;
2025;315;351;351-1;MALLING VARMEVÆRK AMBA;8340;Malling;751;Fjernvarmeværk;206;Århus Fjernvarme;Malling Varmeværk;Kedel;fvv;1964-01-01 00:00:00;;0;12,1;Ej i drift i 2025;Ej i drift i 2025;;;;;;;;;;;;
2025;316;352;352-1;MARIAGER FJERNVARME A M B A;9550;Mariager;846;Fjernvarmeværk;210;Mariager Fjernvarme;Halmkedel;Kedel;fvv;1996-10-01 00:00:00;;0;6,3;trae- og biomasseaffald;fast biomasse;;0;;;;1;;;;;;
2025;316;352;352-2;MARIAGER FJERNVARME A M B A;9550;Mariager;846;Fjernvarmeværk;210;Mariager Fjernvarme;Oliekedel 1;Kedel;fvv;1987-11-01 00:00:00;;0;3,15;gasolie;olie;;1;;;;0;;;;;;
2025;316;352;352-3;MARIAGER FJERNVARME A M B A;9550;Mariager;846;Fjernvarmeværk;210;Mariager Fjernvarme;Oliekedel 2;Kedel;fvv;1987-11-01 00:00:00;;0;2,5;gasolie;olie;;1;;;;0;;;;;;
2025;316;352;352-4;MARIAGER FJERNVARME A M B A;9550;Mariager;846;Fjernvarmeværk;210;Mariager Fjernvarme;Stokerkedel;Kedel;fvv;2003-12-08 00:00:00;;0;5;trae- og biomasseaffald;fast biomasse;;0;;;;1;;;;;;
2025;319;354;354-1;MOU KRAFTVARME AMBA;9280;Storvorde;851;Decentralt værk;314;Mou Fjernvarme;motor 1 3RC00267;Forbrændingsmotor;kvt;1991-01-01 00:00:00;;1;1,7;naturgas;naturgas;;0;1;;;0;;;;;;
2025;319;354;354-2;MOU KRAFTVARME AMBA;9280;Storvorde;851;Decentralt værk;314;Mou Fjernvarme;motor 2 3RC00266;Forbrændingsmotor;kvt;1991-01-01 00:00:00;;1;1,7;naturgas;naturgas;;0;1;;;0;;;;;;
2025;319;354;354-3;MOU KRAFTVARME AMBA;9280;Storvorde;851;Decentralt værk;314;Mou Fjernvarme;kedel;Kedel;fvv;2012-01-01 00:00:00;;0;1,7;naturgas;naturgas;;0;1;;;0;;;;;;
2025;319;354;354-4;MOU KRAFTVARME AMBA;9280;Storvorde;851;Decentralt værk;314;Mou Fjernvarme;Solvarmeanlæg;Solvarme;fvv;2013-08-01 00:00:00;;0;3,85;solenergi;solenergi;;0;;;;0;;;1;;;
2025;319;354;354-5;MOU KRAFTVARME AMBA;9280;Storvorde;851;Decentralt værk;314;Mou Fjernvarme;El kedel;Anden;fvv;2025-04-01 00:00:00;2025-04-01 00:00:00;0;2;Ej i drift i 2025;Ej i drift i 2025;;;;;;;;;;;;
2025;319;354;354-6;MOU KRAFTVARME AMBA;9280;Storvorde;851;Decentralt værk;314;Mou Fjernvarme;El kedel;Elpatron;fvv;2025-04-01 00:00:00;;0;2;elektricitet;elektricitet;;0;;;;0;;;;;1;
2025;321;356;356-1;Møldrup Varmeværk;9632;Møldrup;791;Decentralt værk;247;Møldrup Fjernvarme;Kedel;Kedel;fvv;1987-01-01 00:00:00;;0;7;naturgas;naturgas;;0;1;;;0;;;;;;
2025;321;356;356-2;Møldrup Varmeværk;9632;Møldrup;791;Decentralt værk;247;Møldrup Fjernvarme;"Motor 1 &#43; Motor 2";Forbrændingsmotor;kvt;1996-12-01 00:00:00;;1,8;2,7;naturgas;naturgas;;0;1;;;0;;;;;;
2025;321;2395;2395-1;Møldrup Varmeværk;9632;Møldrup;791;Fjernvarmeværk;247;Møldrup Fjernvarme;Varmepumpe;Varmepumpe Luft;fvv;2020-05-01 00:00:00;;0;2;omgivelsesvarme;omgivelsesvarme;;0;;;;0;;;;;0,319002441;0,680997559
2025;322;357;357-1;ANDELSSELSKABET MØLHOLM VARMEVÆRK;7100;Vejle;630;Fjernvarmeværk;81;TVIS;Kedel 3;Kedel;fvv;1980-01-01 00:00:00;;0;3,65;Ej i drift i 2025;Ej i drift i 2025;;;;;;;;;;;;
2025;322;357;357-2;ANDELSSELSKABET MØLHOLM VARMEVÆRK;7100;Vejle;630;Fjernvarmeværk;81;TVIS;Kedel 4;Kedel;fvv;1983-01-01 00:00:00;;0;4,65;gasolie;olie;;1;;;;0;;;;;;
2025;322;357;357-3;ANDELSSELSKABET MØLHOLM VARMEVÆRK;7100;Vejle;630;Fjernvarmeværk;81;TVIS;Kedel 5;Kedel;fvv;1974-01-01 00:00:00;;0;5,8;naturgas;naturgas;;0;1;;;0;;;;;;
2025;322;357;357-4;ANDELSSELSKABET MØLHOLM VARMEVÆRK;7100;Vejle;630;Fjernvarmeværk;81;TVIS;Kedel 6;Kedel;fvv;1976-01-01 00:00:00;;0;7,3;naturgas;naturgas;;0;1;;;0;;;;;;
2025;323;2358;2358-1;MØRKE FJERNVARMESELSKAB A M B A;8544;Mørke;706;Fjernvarmeværk;218;Mørke Fjernvarme;Fabriksvej 20;Kedel;fvv;2019-01-01 00:00:00;;0;4,5;halm;fast biomasse;;0;;;;1;;;;;;
2025;324;359;359-2;MØRKØV VARMEVÆRK AMBA;4440;Mørkøv;316;Decentralt værk;40;Mørkøv Fjernvarme;gasmotor;Forbrændingsmotor;kvt;1995-01-01 00:00:00;;2,05;2,6;naturgas;naturgas;;0;1;;;0;;;;;;
2025;324;359;359-3;MØRKØV VARMEVÆRK AMBA;4440;Mørkøv;316;Decentralt værk;40;Mørkøv Fjernvarme;Biobrændselselanlæg;Kedel;fvv;2016-06-02 00:00:00;;0;1;traepiller;fast biomasse;;0;;;;1;;;;;;
2025;324;359;359-4;MØRKØV VARMEVÆRK AMBA;4440;Mørkøv;316;Decentralt værk;40;Mørkøv Fjernvarme;Varmepumpe;Varmepumpe Luft;fvv;2020-10-20 00:00:00;;0;1;omgivelsesvarme;omgivelsesvarme;;0;;;;0;;;;;0,323513498;0,676486502
2025;324;359;359-5;MØRKØV VARMEVÆRK AMBA;4440;Mørkøv;316;Decentralt værk;40;Mørkøv Fjernvarme;Gaskedel 1;Kedel;fvv;1988-12-28 00:00:00;;0;1,25;naturgas;naturgas;;0;1;;;0;;;;;;
2025;324;359;359-6;MØRKØV VARMEVÆRK AMBA;4440;Mørkøv;316;Decentralt værk;40;Mørkøv Fjernvarme;Gaskedel 2;Kedel;fvv;1988-12-20 00:00:00;;0;2;naturgas;naturgas;;0;1;;;0;;;;;;
2025;333;262;262-10;NIBE VARMEVÆRK A M B A;9240;Nibe;851;Decentralt værk;306;Nibe Fjernvarme;Motor 2 (Jenbacher);Forbrændingsmotor;kvt;2011-10-07 00:00:00;;1,06;1,55;naturgas;naturgas;;0;1;;;0;;;;;;
2025;333;262;262-12;NIBE VARMEVÆRK A M B A;9240;Nibe;851;Decentralt værk;306;Nibe Fjernvarme;motor 3 Jenbacher 416;Forbrændingsmotor;kvt;2016-06-20 00:00:00;;1,202;1,5;naturgas;naturgas;;0;1;;;0;;;;;;
2025;333;262;262-13;NIBE VARMEVÆRK A M B A;9240;Nibe;851;Decentralt værk;306;Nibe Fjernvarme;motor 5;Forbrændingsmotor;kvt;2017-06-20 00:00:00;;1,2;1,6;naturgas;naturgas;;0;1;;;0;;;;;;
2025;333;262;262-14;NIBE VARMEVÆRK A M B A;9240;Nibe;851;Decentralt værk;306;Nibe Fjernvarme;Varme pumpe_røggas;Varmepumpe røggas;fvv;2019-10-01 00:00:00;;0;2;elektricitet;elektricitet;;0;;;;0;;;;;1;
2025;333;262;262-15;NIBE VARMEVÆRK A M B A;9240;Nibe;851;Decentralt værk;306;Nibe Fjernvarme;Elkedel;Elpatron;fvv;2021-12-01 00:00:00;;0;7;elektricitet;elektricitet;;0;;;;0;;;;;1;
2025;333;262;262-16;NIBE VARMEVÆRK A M B A;9240;Nibe;851;Decentralt værk;306;Nibe Fjernvarme;Motor 4 Jenbacher;Forbrændingsmotor;kvt;2025-10-01 00:00:00;;1,063;1,55;naturgas;naturgas;;0;1;;;0;;;;;;
2025;333;262;262-4;NIBE VARMEVÆRK A M B A;9240;Nibe;851;Decentralt værk;306;Nibe Fjernvarme;Kedel 2;Kedel;fvv;2003-11-01 00:00:00;;0;11,5;naturgas;naturgas;;0;1;;;0;;;;;;
2025;333;262;262-7;NIBE VARMEVÆRK A M B A;9240;Nibe;851;Decentralt værk;306;Nibe Fjernvarme;Motor 4 Caterpillar;Forbrændingsmotor;kvt;2013-12-19 00:00:00;2025-10-01 00:00:00;1,161;1,54;Ej i drift i 2025;Ej i drift i 2025;;;;;;;;;;;;
2025;333;262;262-9;NIBE VARMEVÆRK A M B A;9240;Nibe;851;Decentralt værk;306;Nibe Fjernvarme;Motor 1 (Jenbacher);Forbrændingsmotor;kvt;2010-07-27 00:00:00;;1,06;1,55;naturgas;naturgas;;0;1;;;0;;;;;;
2025;337;365;365-2;NYBORG FORSYNING OG SERVICE A/S;5800;Nyborg;450;Fjernvarmeværk;82;Nyborg Fjernvarme;Kedel 1;Kedel;fvv;1969-01-01 00:00:00;;0;3,7;bio-olie;bio-olie;;0;;;;0;1;;;;;
2025;337;365;365-3;NYBORG FORSYNING OG SERVICE A/S;5800;Nyborg;450;Fjernvarmeværk;82;Nyborg Fjernvarme;Kedel 2;Kedel;fvv;1990-01-01 00:00:00;;0;7,3;bio-olie;bio-olie;;0;;;;0;1;;;;;
2025;337;365;365-4;NYBORG FORSYNING OG SERVICE A/S;5800;Nyborg;450;Fjernvarmeværk;82;Nyborg Fjernvarme;Kedel 3;Kedel;fvv;1966-01-01 00:00:00;;0;7,3;bio-olie;bio-olie;;0;;;;0;1;;;;;
2025;337;365;365-5;NYBORG FORSYNING OG SERVICE A/S;5800;Nyborg;450;Fjernvarmeværk;82;Nyborg Fjernvarme;Kedel 4;Kedel;fvv;1967-01-01 00:00:00;;0;7,3;bio-olie;bio-olie;;0;;;;0;1;;;;;
2025;337;366;366-1;NYBORG FORSYNING OG SERVICE A/S;5800;Nyborg;450;Fjernvarmeværk;82;Nyborg Fjernvarme;Central Fladet;Kedel;fvv;1975-05-01 00:00:00;;0;13;bio-olie;bio-olie;;0;0;;;0;1;;;;;
2025;337;367;367-1;NYBORG FORSYNING OG SERVICE A/S;5800;Nyborg;450;Fjernvarmeværk;82;Nyborg Fjernvarme;Central Skovparken;Kedel;fvv;1973-10-01 00:00:00;;0;18;bio-olie;bio-olie;;0;;;;0;1;;;;;
2025;337;368;368-1;NYBORG FORSYNING OG SERVICE A/S;5800;Nyborg;450;Fjernvarmeværk;82;Nyborg Fjernvarme;Central Halvej;Kedel;fvv;1965-10-01 00:00:00;;0;19;bio-olie;bio-olie;;0;;;;0;1;;;;;
2025;337;694;694-3;NYBORG FORSYNING OG SERVICE A/S;5540;Ullerslev;450;Fjernvarmeværk;82;Nyborg Fjernvarme;Gaskedel 2;Kedel;fvv;1983-04-01 00:00:00;;0;2,5;naturgas;naturgas;;0;1;;;0;;;;;;
2025;337;694;694-4;NYBORG FORSYNING OG SERVICE A/S;5540;Ullerslev;450;Fjernvarmeværk;82;Nyborg Fjernvarme;Gaskedel 1;Kedel;fvv;2017-10-01 00:00:00;;0;7;naturgas;naturgas;;0;1;;;0;;;;;;
2025;337;694;694-5;NYBORG FORSYNING OG SERVICE A/S;5540;Ullerslev;450;Fjernvarmeværk;82;Nyborg Fjernvarme;Kedel 3;Kedel;fvv;2023-03-10 00:00:00;;0;7;naturgas;naturgas;;0;1;;;0;;;;;;
2025;337;952;952-1;NYBORG FORSYNING OG SERVICE A/S;5800;Nyborg;450;Fjernvarmeværk;82;Nyborg Fjernvarme;Varmecentral Langelandsvej - Kedel 1 og 2;Kedel;fvv;1970-03-01 00:00:00;;0;11;naturgas;naturgas;;0;1;;;0;;;;;;
2025;337;952;952-2;NYBORG FORSYNING OG SERVICE A/S;5800;Nyborg;450;Fjernvarmeværk;82;Nyborg Fjernvarme;Kedel 3;Kedel;fvv;2021-03-18 00:00:00;;0;7;naturgas;naturgas;;0;1;;;0;;;;;;
2025;337;1195;1195-3;NYBORG FORSYNING OG SERVICE A/S;5800;Nyborg;450;Erhvervsværk;82;Nyborg Fjernvarme;Viessmann kedel;Kedel;pvp;2021-02-18 00:00:00;;0;0,48;biogas;biogas;;0;;;1;0;;;;;;
2025;337;2480;2480-1;NYBORG FORSYNING OG SERVICE A/S;5800;Nyborg;450;Fjernvarmeværk;82;Nyborg Fjernvarme;Kedel 1;Kedel;fvv;2025-11-01 00:00:00;;0;5;bio-olie;bio-olie;;0;;;;0;1;;;;;
2025;337;2480;2480-3;NYBORG FORSYNING OG SERVICE A/S;5800;Nyborg;450;Fjernvarmeværk;82;Nyborg Fjernvarme;Kedel 2;Kedel;fvv;2025-11-01 00:00:00;;0;5;naturgas;naturgas;;0;1;;;0;;;;;;
2025;340;372;372-10;NYKØBING M FJERNVARMEVÆRK A M B A;7900;Nykøbing M;773;Decentralt værk;245;Nykøbing Mors Fjernvarme;Jenbacher JMS 616;Forbrændingsmotor;kvt;2021-02-15 00:00:00;;2,678;3,341;Ej i drift i 2025;Ej i drift i 2025;;;;;;;;;;;;
2025;340;372;372-2;NYKØBING M FJERNVARMEVÆRK A M B A;7900;Nykøbing M;773;Decentralt værk;245;Nykøbing Mors Fjernvarme;Kedelanlæg;Kedel;fvv;1987-01-01 00:00:00;;0;16,9;naturgas;naturgas;;0;1;;;0;;;;;;
2025;340;372;372-4;NYKØBING M FJERNVARMEVÆRK A M B A;7900;Nykøbing M;773;Decentralt værk;245;Nykøbing Mors Fjernvarme;Pilestræde Kedel;Kedel;fvv;1995-01-01 00:00:00;;0;12;Ej i drift i 2025;Ej i drift i 2025;;;;;;;;;;;;
2025;340;372;372-8;NYKØBING M FJERNVARMEVÆRK A M B A;7900;Nykøbing M;773;Decentralt værk;245;Nykøbing Mors Fjernvarme;Kraftvarmeanlæg nr.2 -motor 2 (Jenbacher;Forbrændingsmotor;kvt;2009-11-01 00:00:00;;3,35;3,71;naturgas;naturgas;;0;1;;;0;;;;;;
2025;340;372;372-9;NYKØBING M FJERNVARMEVÆRK A M B A;7900;Nykøbing M;773;Decentralt værk;245;Nykøbing Mors Fjernvarme;Elkedel (ikke kvoteomfattet);Elpatron;fvv;2011-01-20 00:00:00;;0;6;elektricitet;elektricitet;;0;;;;0;;;;;1;
2025;340;2301;2301-1;NYKØBING M FJERNVARMEVÆRK A M B A;7900;Nykøbing M;773;Fjernvarmeværk;245;Nykøbing Mors Fjernvarme;Solvarmeanlæg - 16708m2;Solvarme;fvv;2016-11-07 00:00:00;;0;12;solenergi;solenergi;;0;;;;0;;;1;;;
2025;341;373;373-1;Næstved Fjernvarme A.M.B.A.;4700;Næstved;370;Fjernvarmeværk;54;Næstved Fjernvarme;Danstoker kedel  VK 100;Kedel;fvv;2012-01-01 00:00:00;;0;7,3;naturgas;naturgas;;0;1;;;0;;;;;;
2025;341;373;373-2;Næstved Fjernvarme A.M.B.A.;4700;Næstved;370;Fjernvarmeværk;54;Næstved Fjernvarme;Danstoker kedel  VK 200;Kedel;fvv;2012-01-01 00:00:00;;0;7,3;naturgas;naturgas;;0;1;;;0;;;;;;
2025;341;373;373-3;Næstved Fjernvarme A.M.B.A.;4700;Næstved;370;Fjernvarmeværk;54;Næstved Fjernvarme;Danstoker kedel  VK 300;Kedel;fvv;2012-01-01 00:00:00;;0;9,3;naturgas;naturgas;;0;1;;;0;;;;;;
2025;341;373;373-4;Næstved Fjernvarme A.M.B.A.;4700;Næstved;370;Fjernvarmeværk;54;Næstved Fjernvarme;Danstoker kedel  VK 400;Kedel;fvv;2012-01-01 00:00:00;;0;9,3;naturgas;naturgas;;0;1;;;0;;;;;;
2025;341;374;374-1;Næstved Fjernvarme A.M.B.A.;4700;Næstved;370;Fjernvarmeværk;54;Næstved Fjernvarme;ECO BOLILER KEDEL 1 VK 100;Kedel;fvv;2012-01-01 00:00:00;;0;7,3;naturgas;naturgas;;0;1;;;0;;;;;;
2025;341;374;374-2;Næstved Fjernvarme A.M.B.A.;4700;Næstved;370;Fjernvarmeværk;54;Næstved Fjernvarme;Danstoker kedel vk 200;Kedel;fvv;2012-01-01 00:00:00;;0;5,3;naturgas;naturgas;;0;1;;;0;;;;;;
2025;341;375;375-1;Næstved Fjernvarme A.M.B.A.;4700;Næstved;370;Fjernvarmeværk;54;Næstved Fjernvarme;Danstoker kedel VK 100;Kedel;fvv;2012-01-01 00:00:00;;0;4,6;naturgas;naturgas;;0;1;;;0;;;;;;
2025;341;375;375-2;Næstved Fjernvarme A.M.B.A.;4700;Næstved;370;Fjernvarmeværk;54;Næstved Fjernvarme;Danstoker kedel  VK 300;Kedel;fvv;2012-01-01 00:00:00;;0;9;naturgas;naturgas;;0;1;;;0;;;;;;
2025;341;376;376-1;Næstved Fjernvarme A.M.B.A.;4700;Næstved;370;Fjernvarmeværk;54;Næstved Fjernvarme;Danstoker kedel  VK 100;Kedel;fvv;2012-01-01 00:00:00;;0;11,6;naturgas;naturgas;;0;1;;;0;;;;;;
2025;341;376;376-2;Næstved Fjernvarme A.M.B.A.;4700;Næstved;370;Fjernvarmeværk;54;Næstved Fjernvarme;Danstoker kedel  VK 200;Kedel;fvv;2012-01-01 00:00:00;;0;11,6;naturgas;naturgas;;0;1;;;0;;;;;;
2025;341;376;376-3;Næstved Fjernvarme A.M.B.A.;4700;Næstved;370;Fjernvarmeværk;54;Næstved Fjernvarme;Danstoker kedel  VK 300;Kedel;fvv;2012-01-01 00:00:00;;0;16;naturgas;naturgas;;0;1;;;0;;;;;;
2025;341;377;377-1;Næstved Fjernvarme A.M.B.A.;4700;Næstved;370;Fjernvarmeværk;54;Næstved Fjernvarme;Danstoker kedel VK 100;Kedel;fvv;2012-01-01 00:00:00;;0;8;naturgas;naturgas;;0;1;;;0;;;;;;
2025;341;377;377-2;Næstved Fjernvarme A.M.B.A.;4700;Næstved;370;Fjernvarmeværk;54;Næstved Fjernvarme;Wiessmann Vitomax LW - VK200;Kedel;fvv;2023-09-01 00:00:00;;0;8;naturgas;naturgas;;0;1;;;0;;;;;;
2025;341;2133;2133-1;Næstved Fjernvarme A.M.B.A.;4700;Næstved;370;Fjernvarmeværk;54;Næstved Fjernvarme;VK 100;Kedel;fvv;2012-01-01 00:00:00;;0;4,3;naturgas;naturgas;;0;1;;;0;;;;;;
2025;342;378;378-1;Aalestrup-Nørager Energi A.M.B.A;9610;Nørager;840;Decentralt værk;270;Aalestrup Fjernvarme (inkl. Hvam fra 2019);kedel 1;Kedel;fvv;2012-01-01 00:00:00;;0;3,15;naturgas;naturgas;;0;1;;;0;;;;;;
2025;342;378;378-2;Aalestrup-Nørager Energi A.M.B.A;9610;Nørager;840;Decentralt værk;270;Aalestrup Fjernvarme (inkl. Hvam fra 2019);motor RC 00459;Forbrændingsmotor;kvt;1988-01-01 00:00:00;;1;1,7;naturgas;naturgas;;0;1;;;0;;;;;;
2025;342;378;378-3;Aalestrup-Nørager Energi A.M.B.A;9610;Nørager;840;Decentralt værk;270;Aalestrup Fjernvarme (inkl. Hvam fra 2019);gasmotor 4EK 02489;Forbrændingsmotor;kvt;2000-01-01 00:00:00;;1;1,5;naturgas;naturgas;;0;1;;;0;;;;;;
2025;342;589;589-3;Aalestrup-Nørager Energi A.M.B.A;9620;Aalestrup;820;Fjernvarmeværk;270;Aalestrup Fjernvarme (inkl. Hvam fra 2019);Savsmuldsanlæg;Kedel;fvv;2012-01-01 00:00:00;;0;4;trae- og biomasseaffald;fast biomasse;;0;;;;1;;;;;;
2025;342;589;589-4;Aalestrup-Nørager Energi A.M.B.A;9620;Aalestrup;820;Fjernvarmeværk;270;Aalestrup Fjernvarme (inkl. Hvam fra 2019);Barkanlæg (nyt);Kedel;fvv;2007-11-01 00:00:00;;0;10;trae- og biomasseaffald;fast biomasse;;0;;;;1;;;;;;
2025;342;1079;1079-2;Aalestrup-Nørager Energi A.M.B.A;9620;Aalestrup;791;Decentralt værk;270;Aalestrup Fjernvarme (inkl. Hvam fra 2019);Kedel;Kedel;fvv;1995-01-01 00:00:00;;0;3,25;naturgas;naturgas;;0;1;;;0;;;;;;
2025;342;1079;1079-3;Aalestrup-Nørager Energi A.M.B.A;9620;Aalestrup;791;Decentralt værk;270;Aalestrup Fjernvarme (inkl. Hvam fra 2019);JMS 416 GS-N.L;Forbrændingsmotor;kvt;2013-10-03 00:00:00;;1,131;1,353;naturgas;naturgas;;0;1;;;0;;;;;;
2025;342;1968;1968-1;Aalestrup-Nørager Energi A.M.B.A;9620;Aalestrup;820;Fjernvarmeværk;270;Aalestrup Fjernvarme (inkl. Hvam fra 2019);Olieanlæg;Kedel;fvv;2012-01-01 00:00:00;;0;11;gasolie;olie;;1;;;;0;;;;;;
2025;342;2317;2317-2;Aalestrup-Nørager Energi A.M.B.A;9620;Aalestrup;820;Fjernvarmeværk;270;Aalestrup Fjernvarme (inkl. Hvam fra 2019);Solvarme - 24129m2;Solvarme;fvv;2017-12-27 00:00:00;;0;20;solenergi;solenergi;;0;;;;0;;;1;;;
2025;343;1065;1065-1;Nørre-Snede Varmeværk A.m.b.a;8766;Nørre Snede;756;Decentralt værk;152;Nørre Snede Fjernvarme;Kraftvarme;Forbrændingsmotor;kvt;2004-09-01 00:00:00;;3,64;4,6;naturgas;naturgas;;0;1;;;0;;;;;;
2025;343;1065;1065-2;Nørre-Snede Varmeværk A.m.b.a;8766;Nørre Snede;756;Decentralt værk;152;Nørre Snede Fjernvarme;Elkedel;Elpatron;fvv;2010-11-01 00:00:00;;0;4,5;elektricitet;elektricitet;;0;;;;0;;;;;1;
2025;343;1065;1065-3;Nørre-Snede Varmeværk A.m.b.a;8766;Nørre Snede;756;Decentralt værk;152;Nørre Snede Fjernvarme;Værk I;Kedel;fvv;1986-06-01 00:00:00;;0;7,5;naturgas;naturgas;;0;1;;;0;;;;;;
2025;343;2394;2394-1;Nørre-Snede Varmeværk A.m.b.a;8766;Nørre Snede;756;Fjernvarmeværk;152;Nørre Snede Fjernvarme;Varmepumpe;Varmepumpe Luft;fvv;2020-06-23 00:00:00;;0;2,5;omgivelsesvarme;omgivelsesvarme;;0;;;;0;;;;;0,33787681;0,66212319
2025;345;382;382-1;Nørre Alslev Fjernvarmeværk A M B A;4840;Nørre Alslev;376;Fjernvarmeværk;55;Nørre Alslev Fjernvarme;Hovedcentral/halm;Kedel;fvv;2006-10-01 00:00:00;;0;6,5;halm;fast biomasse;;0;;;;1;;;;;;
2025;345;996;996-2;Nørre Alslev Fjernvarmeværk A M B A;4840;Nørre Alslev;376;Fjernvarmeværk;55;Nørre Alslev Fjernvarme;Spidslastcentral/træpille;Kedel;fvv;2003-10-01 00:00:00;;0;2;traepiller;fast biomasse;;0;;;;1;;;;;;
2025;345;996;996-3;Nørre Alslev Fjernvarmeværk A M B A;4840;Nørre Alslev;376;Fjernvarmeværk;55;Nørre Alslev Fjernvarme;Nødlastcentral/olie;Kedel;fvv;2013-12-15 00:00:00;;0;8;Ej i drift i 2025;Ej i drift i 2025;;;;;;;;;;;;
2025;347;384;384-1;NØRRE NEBEL FJERNVARME;6830;Nørre Nebel;573;Decentralt værk;120;Nørre-Nebel Fjernvarme;Olie og Biogaskedel;Kedel;fvv;1960-01-01 00:00:00;;0;4,65;gasolie;olie;;1;;;0;0;;;;;;
2025;347;384;384-2;NØRRE NEBEL FJERNVARME;6830;Nørre Nebel;573;Decentralt værk;120;Nørre-Nebel Fjernvarme;Træ- of fiberkedel;Kedel;fvv;1996-01-01 00:00:00;;0;1,9;skovflis;fast biomasse;;0;;;;1;;;;;;
2025;347;384;384-3;NØRRE NEBEL FJERNVARME;6830;Nørre Nebel;573;Decentralt værk;120;Nørre-Nebel Fjernvarme;Biogasmotor 2;Forbrændingsmotor;kvt;1996-04-20 00:00:00;;1,48;1,89;biogas;biogas;;0;;;1;0;;;;;;
2025;347;384;384-4;NØRRE NEBEL FJERNVARME;6830;Nørre Nebel;573;Decentralt værk;120;Nørre-Nebel Fjernvarme;Biogasmotor 3;Forbrændingsmotor;kvt;2012-03-01 00:00:00;;1,49;1,8;biogas;biogas;;0;;;1;0;;;;;;
2025;347;384;384-5;NØRRE NEBEL FJERNVARME;6830;Nørre Nebel;573;Decentralt værk;120;Nørre-Nebel Fjernvarme;Biogasmotor 1;Forbrændingsmotor;kvt;2019-08-24 00:00:00;;0,889;1,2;biogas;biogas;;0;;;1;0;;;;;;
2025;349;386;386-1;ODDER VARMEVÆRK A M B A;8300;Odder;727;Fjernvarmeværk;206;Århus Fjernvarme;Kedel 1;Kedel;fvv;1989-01-01 00:00:00;;0;10;gasolie;olie;;1;;;;0;;;;;;
2025;349;386;386-2;ODDER VARMEVÆRK A M B A;8300;Odder;727;Fjernvarmeværk;206;Århus Fjernvarme;Kedel 2;Kedel;fvv;1993-01-01 00:00:00;;0;3,15;gasolie;olie;;1;;;;0;;;;;;
2025;349;386;386-3;ODDER VARMEVÆRK A M B A;8300;Odder;727;Fjernvarmeværk;206;Århus Fjernvarme;Kedel 3;Kedel;fvv;1972-01-01 00:00:00;;0;5,8;Ej i drift i 2025;Ej i drift i 2025;;;;;;;;;;;;
2025;349;386;386-4;ODDER VARMEVÆRK A M B A;8300;Odder;727;Fjernvarmeværk;206;Århus Fjernvarme;Kedel 4;Kedel;fvv;2003-01-01 00:00:00;;0;10;gasolie;olie;;1;;;;0;;;;;;
2025;349;387;387-2;ODDER VARMEVÆRK A M B A;8300;Odder;727;Fjernvarmeværk;206;Århus Fjernvarme;Kedel 6 - olie;Kedel;fvv;1968-01-01 00:00:00;;0;5,5;Ej i drift i 2025;Ej i drift i 2025;;;;;;;;;;;;
2025;349;387;387-3;ODDER VARMEVÆRK A M B A;8300;Odder;727;Fjernvarmeværk;206;Århus Fjernvarme;Kedel 7 - olie;Kedel;fvv;1968-01-01 00:00:00;;0;5,5;Ej i drift i 2025;Ej i drift i 2025;;;;;;;;;;;;
2025;349;1173;1173-3;ODDER VARMEVÆRK A M B A;8300;Odder;727;Decentralt værk;412;Gylling-Ørting-Falling Fjernv.;Kedel;Kedel;fvv;1995-09-01 00:00:00;;0;3,7;naturgas;naturgas;;0;1;;;0;;;;;;
2025;349;1173;1173-4;ODDER VARMEVÆRK A M B A;8300;Odder;727;Decentralt værk;412;Gylling-Ørting-Falling Fjernv.;Motor  ;Forbrændingsmotor;kvt;2008-08-31 00:00:00;;3,04;3,71;naturgas;naturgas;;0;1;;;0;;;;;;
2025;349;1173;1173-5;ODDER VARMEVÆRK A M B A;8300;Odder;727;Decentralt værk;412;Gylling-Ørting-Falling Fjernv.;Varmepumpe;Varmepumpe Luft;fvv;2020-11-01 00:00:00;;0;2,5;omgivelsesvarme;omgivelsesvarme;;0;;;;0;;;;;0,366993218;0,633006782
2025;349;1174;1174-2;ODDER VARMEVÆRK A M B A;8350;Hundslund;727;Decentralt værk;413;Hundslund-Oldrup Fjernvarme;Reservekedel;Kedel;fvv;1995-08-01 00:00:00;;0;1,4;naturgas;naturgas;;0;1;;;0;;;;;;
2025;349;1174;1174-3;ODDER VARMEVÆRK A M B A;8350;Hundslund;727;Decentralt værk;413;Hundslund-Oldrup Fjernvarme;Halmanlæg - Faust;Kedel;fvv;2017-08-12 00:00:00;;0;0,93;halm;fast biomasse;;0;;;;1;;;;;;
2025;350;388;388-1;FJERNVARME FYN DISTRIBUTION A/S;5260;Odense S;461;Fjernvarmeværk;79;Fjernvarme Fyn;ECO Boiler;Kedel;fvv;1985-04-03 00:00:00;;0;11,63;gasolie;olie;;1;;;;0;;;;;;
2025;350;388;388-2;FJERNVARME FYN DISTRIBUTION A/S;5260;Odense S;461;Fjernvarmeværk;79;Fjernvarme Fyn;ECO Boiler;Kedel;fvv;1985-04-03 00:00:00;;0;11,63;gasolie;olie;;1;;;;0;;;;;;
2025;350;389;389-1;FJERNVARME FYN DISTRIBUTION A/S;5230;Odense M;461;Fjernvarmeværk;79;Fjernvarme Fyn;Danstoker TVB-19;Kedel;fvv;1997-01-13 00:00:00;;0;19;gasolie;olie;;1;;;;0;;;;;;
2025;350;389;389-2;FJERNVARME FYN DISTRIBUTION A/S;5230;Odense M;461;Fjernvarmeværk;79;Fjernvarme Fyn;Danstoker TVB-19;Kedel;fvv;1997-01-13 00:00:00;;0;19;gasolie;olie;;1;;;;0;;;;;;
2025;350;389;389-3;FJERNVARME FYN DISTRIBUTION A/S;5230;Odense M;461;Fjernvarmeværk;79;Fjernvarme Fyn;Danstoker TVB-19;Kedel;fvv;1997-01-13 00:00:00;;0;19;gasolie;olie;;1;;;;0;;;;;;
2025;350;389;389-4;FJERNVARME FYN DISTRIBUTION A/S;5230;Odense M;461;Fjernvarmeværk;79;Fjernvarme Fyn;Danstoker TVB-19;Kedel;fvv;1999-01-03 00:00:00;;0;19;gasolie;olie;;1;;;;0;;;;;;
2025;350;389;389-5;FJERNVARME FYN DISTRIBUTION A/S;5230;Odense M;461;Fjernvarmeværk;79;Fjernvarme Fyn;Danstoker TVB-19;Kedel;fvv;1999-01-03 00:00:00;;0;19;gasolie;olie;;1;;;;0;;;;;;
2025;350;389;389-6;FJERNVARME FYN DISTRIBUTION A/S;5230;Odense M;461;Fjernvarmeværk;79;Fjernvarme Fyn;Danstoker VHA Iberius;Kedel;fvv;1986-01-03 00:00:00;;0;23,26;naturgas;naturgas;;0;1;;;0;;;;;;
2025;350;390;390-1;FJERNVARME FYN DISTRIBUTION A/S;5200;Odense V;461;Fjernvarmeværk;79;Fjernvarme Fyn;Danstoker;Kedel;fvv;1987-01-01 00:00:00;;0;18,5;gasolie;olie;;1;;;;0;;;;;;
2025;350;390;390-2;FJERNVARME FYN DISTRIBUTION A/S;5200;Odense V;461;Fjernvarmeværk;79;Fjernvarme Fyn;Danstoker;Kedel;fvv;1978-01-01 00:00:00;;0;18,7;gasolie;olie;;1;;;;0;;;;;;
2025;350;391;391-1;FJERNVARME FYN DISTRIBUTION A/S;5320;Agedrup;461;Fjernvarmeværk;79;Fjernvarme Fyn;VC Bullerup;Kedel;fvv;1979-10-16 00:00:00;;0;5,82;gasolie;olie;;1;;;;0;;;;;;
2025;350;391;391-2;FJERNVARME FYN DISTRIBUTION A/S;5320;Agedrup;461;Fjernvarmeværk;79;Fjernvarme Fyn;Kedel 2;Kedel;fvv;1980-01-01 00:00:00;;0;9,3;gasolie;olie;;1;;;;0;;;;;;
2025;350;392;392-1;FJERNVARME FYN DISTRIBUTION A/S;5000;Odense C;461;Fjernvarmeværk;79;Fjernvarme Fyn;Danstoker;Kedel;fvv;1989-06-01 00:00:00;;0;25,1;naturgas;naturgas;;0;1;;;0;;;;;;
2025;350;392;392-2;FJERNVARME FYN DISTRIBUTION A/S;5000;Odense C;461;Fjernvarmeværk;79;Fjernvarme Fyn;Danstoker ;Kedel;fvv;1989-06-01 00:00:00;;0;25,1;naturgas;naturgas;;0;1;;;0;;;;;;
2025;350;392;392-3;FJERNVARME FYN DISTRIBUTION A/S;5000;Odense C;461;Fjernvarmeværk;79;Fjernvarme Fyn;Danstoker ;Kedel;fvv;1989-06-01 00:00:00;;0;25,1;naturgas;naturgas;;0;1;;;0;;;;;;
2025;350;393;393-1;FJERNVARME FYN DISTRIBUTION A/S;5250;Odense SV;461;Fjernvarmeværk;79;Fjernvarme Fyn;Danstoker;Kedel;fvv;1978-12-13 00:00:00;;0;14,5;naturgas;naturgas;;0;1;;;0;;;;;;
2025;350;393;393-2;FJERNVARME FYN DISTRIBUTION A/S;5250;Odense SV;461;Fjernvarmeværk;79;Fjernvarme Fyn;Danstoker;Kedel;fvv;1986-01-01 00:00:00;;0;14,6;gasolie;olie;;1;;;;0;;;;;;
2025;350;395;395-1;FJERNVARME FYN DISTRIBUTION A/S;5260;Odense S;461;Fjernvarmeværk;79;Fjernvarme Fyn;Danstoker;Kedel;fvv;1995-01-01 00:00:00;;0;14;gasolie;olie;;1;;;;0;;;;;;
2025;350;395;395-2;FJERNVARME FYN DISTRIBUTION A/S;5260;Odense S;461;Fjernvarmeværk;79;Fjernvarme Fyn;Danstoker;Kedel;fvv;1995-01-01 00:00:00;;0;14;gasolie;olie;;1;;;;0;;;;;;
2025;350;395;395-3;FJERNVARME FYN DISTRIBUTION A/S;5260;Odense S;461;Fjernvarmeværk;79;Fjernvarme Fyn;Jyden;Kedel;fvv;1988-01-01 00:00:00;;0;16,5;naturgas;naturgas;;0;1;;;0;;;;;;
2025;350;395;395-4;FJERNVARME FYN DISTRIBUTION A/S;5260;Odense S;461;Fjernvarmeværk;79;Fjernvarme Fyn;Jyden;Kedel;fvv;1982-01-01 00:00:00;;0;17;gasolie;olie;;1;;;;0;;;;;;
2025;350;396;396-1;FJERNVARME FYN DISTRIBUTION A/S;5260;Odense S;461;Fjernvarmeværk;79;Fjernvarme Fyn;VC Fangel;Kedel;fvv;1988-04-07 00:00:00;;0;2,25;gasolie;olie;;1;;;;0;;;;;;
2025;350;396;396-2;FJERNVARME FYN DISTRIBUTION A/S;5260;Odense S;461;Fjernvarmeværk;79;Fjernvarme Fyn;VC Fangel;Kedel;fvv;1988-04-07 00:00:00;;0;2,25;gasolie;olie;;1;;;;0;;;;;;
2025;350;397;397-1;FJERNVARME FYN DISTRIBUTION A/S;5260;Odense S;461;Fjernvarmeværk;79;Fjernvarme Fyn;VC Højby;Kedel;fvv;1985-05-23 00:00:00;;0;8;naturgas;naturgas;;0;1;;;0;;;;;;
2025;350;397;397-2;FJERNVARME FYN DISTRIBUTION A/S;5260;Odense S;461;Fjernvarmeværk;79;Fjernvarme Fyn;VC Højby;Kedel;fvv;1985-05-23 00:00:00;;0;8;gasolie;olie;;1;;;;0;;;;;;
2025;350;398;398-1;FJERNVARME FYN DISTRIBUTION A/S;5210;Odense NV;461;Fjernvarmeværk;79;Fjernvarme Fyn;Danstoker;Kedel;fvv;1982-08-24 00:00:00;;0;9,5;naturgas;naturgas;;0;1;;;0;;;;;;
2025;350;398;398-2;FJERNVARME FYN DISTRIBUTION A/S;5210;Odense NV;461;Fjernvarmeværk;79;Fjernvarme Fyn;Danstoker;Kedel;fvv;1982-08-24 00:00:00;;0;9,5;gasolie;olie;;1;;;;0;;;;;;
2025;350;398;398-3;FJERNVARME FYN DISTRIBUTION A/S;5210;Odense NV;461;Fjernvarmeværk;79;Fjernvarme Fyn;Danstoker;Kedel;fvv;1989-01-01 00:00:00;;0;9,5;gasolie;olie;;1;;;;0;;;;;;
2025;350;399;399-1;FJERNVARME FYN DISTRIBUTION A/S;5270;Odense N;461;Fjernvarmeværk;79;Fjernvarme Fyn;VC Lumby;Kedel;fvv;1984-03-01 00:00:00;;0;2,25;gasolie;olie;;1;;;;0;;;;;;
2025;350;399;399-2;FJERNVARME FYN DISTRIBUTION A/S;5270;Odense N;461;Fjernvarmeværk;79;Fjernvarme Fyn;VC Lumby;Kedel;fvv;1984-03-01 00:00:00;;0;2,25;gasolie;olie;;1;;;;0;;;;;;
2025;350;400;400-1;FJERNVARME FYN DISTRIBUTION A/S;5270;Odense N;461;Fjernvarmeværk;79;Fjernvarme Fyn;Danstoker;Kedel;fvv;1987-01-01 00:00:00;;0;11,7;gasolie;olie;;1;;;;0;;;;;;
2025;350;400;400-2;FJERNVARME FYN DISTRIBUTION A/S;5270;Odense N;461;Fjernvarmeværk;79;Fjernvarme Fyn;Danstoker;Kedel;fvv;1992-01-01 00:00:00;;0;11,7;gasolie;olie;;1;;;;0;;;;;;
2025;350;400;400-3;FJERNVARME FYN DISTRIBUTION A/S;5270;Odense N;461;Fjernvarmeværk;79;Fjernvarme Fyn;Danstoker;Kedel;fvv;1991-01-01 00:00:00;;0;14,7;gasolie;olie;;1;;;;0;;;;;;
2025;350;401;401-1;FJERNVARME FYN DISTRIBUTION A/S;5270;Odense N;461;Fjernvarmeværk;79;Fjernvarme Fyn;VC Næsbyhoved Broby;Kedel;fvv;1983-03-16 00:00:00;;0;8,6;gasolie;olie;;1;;;;0;;;;;;
2025;350;401;401-2;FJERNVARME FYN DISTRIBUTION A/S;5270;Odense N;461;Fjernvarmeværk;79;Fjernvarme Fyn;VC Næsbyhoved Broby;Kedel;fvv;1983-03-16 00:00:00;;0;8,6;gasolie;olie;;1;;;;0;;;;;;
2025;350;402;402-1;FJERNVARME FYN DISTRIBUTION A/S;5210;Odense NV;461;Fjernvarmeværk;79;Fjernvarme Fyn;Danstoker;Kedel;fvv;1998-01-01 00:00:00;;0;12;gasolie;olie;;1;;;;0;;;;;;
2025;350;402;402-2;FJERNVARME FYN DISTRIBUTION A/S;5210;Odense NV;461;Fjernvarmeværk;79;Fjernvarme Fyn;Danstoker;Kedel;fvv;1998-01-01 00:00:00;;0;12;gasolie;olie;;1;;;;0;;;;;;
2025;350;402;402-3;FJERNVARME FYN DISTRIBUTION A/S;5210;Odense NV;461;Fjernvarmeværk;79;Fjernvarme Fyn;Jyden;Kedel;fvv;1982-01-01 00:00:00;;0;17;gasolie;olie;;1;;;;0;;;;;;
2025;350;403;403-1;FJERNVARME FYN DISTRIBUTION A/S;5250;Odense SV;461;Fjernvarmeværk;79;Fjernvarme Fyn;Danstoker;Kedel;fvv;1971-01-01 00:00:00;;0;19;gasolie;olie;;1;;;;0;;;;;;
2025;350;403;403-2;FJERNVARME FYN DISTRIBUTION A/S;5250;Odense SV;461;Fjernvarmeværk;79;Fjernvarme Fyn;Danstoker;Kedel;fvv;1982-01-01 00:00:00;;0;24;gasolie;olie;;1;;;;0;;;;;;
2025;350;404;404-1;FJERNVARME FYN DISTRIBUTION A/S;5270;Odense N;461;Fjernvarmeværk;79;Fjernvarme Fyn;VC Stige;Kedel;fvv;1980-01-01 00:00:00;;0;11,63;Ej i drift i 2025;Ej i drift i 2025;;;;;;;;;;;;
2025;350;405;405-1;FJERNVARME FYN DISTRIBUTION A/S;5220;Odense SØ;461;Fjernvarmeværk;79;Fjernvarme Fyn;Danstoker;Kedel;fvv;1978-01-01 00:00:00;;0;19;Ej i drift i 2025;Ej i drift i 2025;;;;;;;;;;;;
2025;350;405;405-2;FJERNVARME FYN DISTRIBUTION A/S;5220;Odense SØ;461;Fjernvarmeværk;79;Fjernvarme Fyn;Danstoker;Kedel;fvv;1982-01-01 00:00:00;;0;19;gasolie;olie;;1;;;;0;;;;;;
2025;350;405;405-3;FJERNVARME FYN DISTRIBUTION A/S;5220;Odense SØ;461;Fjernvarmeværk;79;Fjernvarme Fyn;Danstoker;Kedel;fvv;1994-01-01 00:00:00;;0;18;gasolie;olie;;1;;;;0;;;;;;
2025;350;406;406-1;FJERNVARME FYN DISTRIBUTION A/S;5240;Odense NØ;461;Fjernvarmeværk;79;Fjernvarme Fyn;Danstoker - Kedel 3;Kedel;fvv;1989-01-01 00:00:00;;0;24;naturgas;naturgas;;0;1;;;0;;;;;;
2025;350;406;406-2;FJERNVARME FYN DISTRIBUTION A/S;5240;Odense NØ;461;Fjernvarmeværk;79;Fjernvarme Fyn;Danstoker - Kedel 2;Kedel;fvv;1997-01-01 00:00:00;;0;17;naturgas;naturgas;;0;1;;;0;;;;;;
2025;350;406;406-3;FJERNVARME FYN DISTRIBUTION A/S;5240;Odense NØ;461;Fjernvarmeværk;79;Fjernvarme Fyn;Danstoker - Kedel 1;Kedel;fvv;1999-01-01 00:00:00;;0;17;Ej i drift i 2025;Ej i drift i 2025;;;;;;;;;;;;
2025;350;407;407-2;FJERNVARME FYN DISTRIBUTION A/S;5450;Otterup;480;Fjernvarmeværk;79;Fjernvarme Fyn;Oliekedel (kedel 4);Kedel;fvv;1997-01-01 00:00:00;;0;9,3;gasolie;olie;;1;;;;0;;;;;;
2025;350;407;407-3;FJERNVARME FYN DISTRIBUTION A/S;5450;Otterup;480;Fjernvarmeværk;79;Fjernvarme Fyn;Gaskedel (kedel 5);Kedel;fvv;1985-01-01 00:00:00;;0;5,81;naturgas;naturgas;;0;1;;;0;;;;;;
2025;350;407;407-4;FJERNVARME FYN DISTRIBUTION A/S;5450;Otterup;480;Fjernvarmeværk;79;Fjernvarme Fyn;Gaskedel (kedel 6);Kedel;fvv;1988-01-01 00:00:00;;0;11,63;naturgas;naturgas;;0;1;;;0;;;;;;
2025;350;1239;1239-1;FJERNVARME FYN DISTRIBUTION A/S;5000;Odense C;461;Fjernvarmeværk;79;Fjernvarme Fyn;Transportabel 7;Kedel;fvv;2000-11-08 00:00:00;;0;4,65;gasolie;olie;;1;;;;0;;;;;;
2025;350;1755;1755-1;FJERNVARME FYN DISTRIBUTION A/S;5000;Odense C;461;Erhvervsværk;79;Fjernvarme Fyn;ECO Boiler;Kedel;fvv;1986-01-01 00:00:00;;0;6,9;gasolie;olie;;1;0;;;0;;;;;;
2025;350;1755;1755-2;FJERNVARME FYN DISTRIBUTION A/S;5000;Odense C;461;Erhvervsværk;79;Fjernvarme Fyn;Danstoker;Kedel;fvv;1986-01-01 00:00:00;;0;7,2;naturgas;naturgas;;0;1;;;0;;;;;;
2025;350;1755;1755-3;FJERNVARME FYN DISTRIBUTION A/S;5000;Odense C;461;Erhvervsværk;79;Fjernvarme Fyn;ECO Boiler;Kedel;fvv;1986-01-01 00:00:00;;0;6,8;naturgas;naturgas;;0;1;;;0;;;;;;
2025;350;2452;2452-1;FJERNVARME FYN DISTRIBUTION A/S;5792;Aarslev;430;Fjernvarmeværk;79;Fjernvarme Fyn;Spids- og reservelastcentral;Kedel;fvv;2023-11-22 00:00:00;;0;12;gasolie;olie;;1;;;;0;;;;;;
2025;350;2452;2452-2;FJERNVARME FYN DISTRIBUTION A/S;5792;Aarslev;430;Fjernvarmeværk;79;Fjernvarme Fyn;Gasanlæg - lejet;Kedel;fvv;2023-01-01 00:00:00;;0;0,62;Ej i drift i 2025;Ej i drift i 2025;;;;;;;;;;;;
2025;352;408;408-1;Outrup Varmeværk;6855;Outrup;573;Decentralt værk;121;Outrup Fjernvarme;Gaskedel 1;Kedel;fvv;1986-01-01 00:00:00;;0;1,86;naturgas;naturgas;;0;1;;;0;;;;;;
2025;352;408;408-2;Outrup Varmeværk;6855;Outrup;573;Decentralt værk;121;Outrup Fjernvarme;Gasmotor;Forbrændingsmotor;kvt;1992-01-01 00:00:00;;1;1,7;naturgas;naturgas;;0;1;;;0;;;;;;
2025;352;408;408-3;Outrup Varmeværk;6855;Outrup;573;Decentralt værk;121;Outrup Fjernvarme;Gaskedel 2;Kedel;fvv;1968-01-01 00:00:00;;0;2,9;naturgas;naturgas;;0;1;;;0;;;;;;
2025;352;408;408-4;Outrup Varmeværk;6855;Outrup;573;Decentralt værk;121;Outrup Fjernvarme;Elkedel;Elpatron;fvv;2011-11-01 00:00:00;;0;1,09;elektricitet;elektricitet;;0;;;;0;;;;;1;
2025;352;2374;2374-1;Outrup Varmeværk;6855;Outrup;573;Fjernvarmeværk;121;Outrup Fjernvarme;Varmepumpe (Luft-vand);Varmepumpe Luft;fvv;2019-07-01 00:00:00;;0;1,5;omgivelsesvarme;omgivelsesvarme;;0;;;;0;;;;;0,366345861;0,633654139
2025;360;415;415-1;VERDO PRODUKTION A/S;8930;Randers NØ;730;Centralt værk;217;Randers Fjernvarme;Kraftvarmeanlæg;Dampturbine;cev;1982-01-01 00:00:00;;52;145;skovflis;fast biomasse;0,021805965;0;;;0,001141973;0,977052062;;;;;;
2025;360;415;415-2;VERDO PRODUKTION A/S;8930;Randers NØ;730;Centralt værk;217;Randers Fjernvarme;Oliefyrede Fjernvarmekedler;Kedel;fvv;1982-01-01 00:00:00;;0;69,6;bio-olie;bio-olie;;0,454948871;;;;0;0,545051129;;;;;
2025;360;416;416-1;VERDO PRODUKTION A/S;8920;Randers NV;730;Fjernvarmeværk;217;Randers Fjernvarme;Kedel 1;Kedel;fvv;1975-01-01 00:00:00;;0;5,8;gasolie;olie;;1;;;;0;;;;;;
2025;360;416;416-2;VERDO PRODUKTION A/S;8920;Randers NV;730;Fjernvarmeværk;217;Randers Fjernvarme;Kedel 2;Kedel;fvv;1975-01-01 00:00:00;;0;5,493;gasolie;olie;;1;;;;0;;;;;;
2025;360;416;416-3;VERDO PRODUKTION A/S;8920;Randers NV;730;Fjernvarmeværk;217;Randers Fjernvarme;Kedel 3;Kedel;fvv;1975-01-01 00:00:00;;0;5,46;gasolie;olie;;1;;;;0;;;;;;
2025;360;416;416-4;VERDO PRODUKTION A/S;8920;Randers NV;730;Fjernvarmeværk;217;Randers Fjernvarme;Kedel 4;Kedel;fvv;1981-01-01 00:00:00;;0;11,068;gasolie;olie;;1;;;;0;;;;;;
2025;360;960;960-1;VERDO PRODUKTION A/S;8930;Randers NØ;730;Fjernvarmeværk;217;Randers Fjernvarme;Kedel 1;Kedel;fvv;1997-01-01 00:00:00;;0;8;gasolie;olie;;1;;;;0;;;;;;
2025;360;960;960-2;VERDO PRODUKTION A/S;8930;Randers NØ;730;Fjernvarmeværk;217;Randers Fjernvarme;Kedel 2;Kedel;fvv;1997-01-01 00:00:00;;0;8;gasolie;olie;;1;;;;0;;;;;;
2025;360;960;960-3;VERDO PRODUKTION A/S;8930;Randers NØ;730;Fjernvarmeværk;217;Randers Fjernvarme;Kedel 3;Kedel;fvv;1964-01-01 00:00:00;;0;3,5;gasolie;olie;;1;;;;0;;;;;;
2025;360;1490;1490-1;VERDO PRODUKTION A/S;8940;Randers SV;730;Fjernvarmeværk;217;Randers Fjernvarme;Kedel 1;Kedel;fvv;1998-01-01 00:00:00;;0;11;naturgas;naturgas;;0;1;;;0;;;;;;
2025;360;1490;1490-2;VERDO PRODUKTION A/S;8940;Randers SV;730;Fjernvarmeværk;217;Randers Fjernvarme;Kedel 2;Kedel;fvv;1998-01-01 00:00:00;;0;11;naturgas;naturgas;;0;1;;;0;;;;;;
2025;360;1490;1490-3;VERDO PRODUKTION A/S;8940;Randers SV;730;Fjernvarmeværk;217;Randers Fjernvarme;Elkedel;Elpatron;fvv;2020-07-01 00:00:00;;0;18;elektricitet;elektricitet;;0;;;;0;;;;;1;
2025;366;419;419-1;Ribe Fjernvarme AMBA;6760;Ribe;561;Fjernvarmeværk;133;Ribe Fjernvarme;Kedel 1;Kedel;fvv;1987-09-01 00:00:00;;0;7,3;naturgas;naturgas;;0;1;;;0;;;;;;
2025;366;419;419-2;Ribe Fjernvarme AMBA;6760;Ribe;561;Fjernvarmeværk;133;Ribe Fjernvarme;Kedel 2;Kedel;fvv;1987-09-01 00:00:00;;0;7,3;naturgas;naturgas;;0;1;;;0;;;;;;
2025;366;420;420-1;Ribe Fjernvarme AMBA;6760;Ribe;561;Decentralt værk;133;Ribe Fjernvarme;kedel 1 gas;Kedel;fvv;1996-12-01 00:00:00;;0;4,2;naturgas;naturgas;;0;1;;;0;;;;;;
2025;366;420;420-11;Ribe Fjernvarme AMBA;6760;Ribe;561;Decentralt værk;133;Ribe Fjernvarme;Elkedel;Elpatron;fvv;2012-11-01 00:00:00;;0;10;elektricitet;elektricitet;;0;;;;0;;;;;1;
2025;366;420;420-3;Ribe Fjernvarme AMBA;6760;Ribe;561;Decentralt værk;133;Ribe Fjernvarme;kedel 3 gas;Kedel;fvv;1996-12-01 00:00:00;;0;8,3;naturgas;naturgas;;0;1;;;0;;;;;;
2025;366;420;420-4;Ribe Fjernvarme AMBA;6760;Ribe;561;Decentralt værk;133;Ribe Fjernvarme;motor 1;Forbrændingsmotor;kvt;1997-07-01 00:00:00;;3,03;3,38;naturgas;naturgas;;0;1;;;0;;;;;;
2025;366;420;420-5;Ribe Fjernvarme AMBA;6760;Ribe;561;Decentralt værk;133;Ribe Fjernvarme;motor 2;Forbrændingsmotor;kvt;1997-07-01 00:00:00;;3,03;3,38;naturgas;naturgas;;0;1;;;0;;;;;;
2025;366;420;420-6;Ribe Fjernvarme AMBA;6760;Ribe;561;Decentralt værk;133;Ribe Fjernvarme;motor 3;Forbrændingsmotor;kvt;1997-04-01 00:00:00;;3,03;3,38;naturgas;naturgas;;0;1;;;0;;;;;;
2025;366;420;420-7;Ribe Fjernvarme AMBA;6760;Ribe;561;Decentralt værk;133;Ribe Fjernvarme;motor 4 nat;Forbrændingsmotor;kvt;1997-04-01 00:00:00;;0,92;1,4;naturgas;naturgas;;0;1;;;0;;;;;;
2025;366;420;420-8;Ribe Fjernvarme AMBA;6760;Ribe;561;Decentralt værk;133;Ribe Fjernvarme;motor 5 nat;Forbrændingsmotor;kvt;1997-06-01 00:00:00;;0,92;1,4;naturgas;naturgas;;0;1;;;0;;;;;;
2025;366;420;420-9;Ribe Fjernvarme AMBA;6760;Ribe;561;Decentralt værk;133;Ribe Fjernvarme;Fliskedel Justesen;Kedel;fvv;2012-10-01 00:00:00;;0;5,7;skovflis;fast biomasse;;0;;;;1;;;;;;
2025;368;422;422-1;Midtfyns Fjernvarme A.m.b.A;5750;Ringe;430;Decentralt værk;84;Ringe Fjernvarme;Bakkevej 4, Motor 31;Forbrændingsmotor;kvt;1994-01-01 00:00:00;;2,7;3,5;naturgas;naturgas;;0;1;;;0;;;;;;
2025;368;422;422-2;Midtfyns Fjernvarme A.m.b.A;5750;Ringe;430;Decentralt værk;84;Ringe Fjernvarme;Bakkevej 4, Kedel;Kedel;fvv;1994-01-01 00:00:00;;0;5;naturgas;naturgas;;0;1;;;0;;;;;;
2025;368;423;423-1;Midtfyns Fjernvarme A.m.b.A;5750;Ringe;430;Decentralt værk;84;Ringe Fjernvarme;Nord, Kielbergvej 2, Motor 32;Forbrændingsmotor;kvt;1994-04-15 00:00:00;;2,7;3,5;naturgas;naturgas;;0;1;;;0;;;;;;
2025;368;423;423-2;Midtfyns Fjernvarme A.m.b.A;5750;Ringe;430;Decentralt værk;84;Ringe Fjernvarme;Nord-Fastbrændselskedlen (K2);Kedel;fvv;1985-01-01 00:00:00;;0;4;traepiller;fast biomasse;;0;;;;1;;;;;;
2025;368;423;423-3;Midtfyns Fjernvarme A.m.b.A;5750;Ringe;430;Decentralt værk;84;Ringe Fjernvarme;Træpillekedel (K3);Kedel;fvv;2005-04-10 00:00:00;;0;4,5;traepiller;fast biomasse;;0;;;;1;;;;;;
2025;368;423;423-5;Midtfyns Fjernvarme A.m.b.A;5750;Ringe;430;Decentralt værk;84;Ringe Fjernvarme;Nord, Kielbergvej 2, Motor 33;Forbrændingsmotor;kvt;1994-04-18 00:00:00;;2,7;3,5;naturgas;naturgas;;0;1;;;0;;;;;;
2025;368;423;423-7;Midtfyns Fjernvarme A.m.b.A;5750;Ringe;430;Decentralt værk;84;Ringe Fjernvarme;Nord-Fastbrændselskedlen (K1);Kedel;fvv;1986-12-01 00:00:00;;0;4;traepiller;fast biomasse;;0;;;;1;;;;;;
2025;368;423;423-8;Midtfyns Fjernvarme A.m.b.A;5750;Ringe;430;Decentralt værk;84;Ringe Fjernvarme;Gas kedel;Kedel;fvv;2024-08-08 00:00:00;;0;10;naturgas;naturgas;;0;1;;;0;;;;;;
2025;368;2380;2380-1;Midtfyns Fjernvarme A.m.b.A;5750;Ringe;430;Fjernvarmeværk;84;Ringe Fjernvarme;Solvarme 31000m2;Solvarme;fvv;2019-06-10 00:00:00;;0;22;solenergi;solenergi;;0;;;;0;;;1;;;
2025;368;2420;2420-1;Midtfyns Fjernvarme A.m.b.A;5750;Ringe;430;Fjernvarmeværk;84;Ringe Fjernvarme;Biomassefyret kedel;Kedel;fvv;2021-10-01 00:00:00;;0;5;skovflis;fast biomasse;;0;;;;1;;;;;;
2025;368;2420;2420-2;Midtfyns Fjernvarme A.m.b.A;5750;Ringe;430;Fjernvarmeværk;84;Ringe Fjernvarme;Varmepumpe på røggas;Varmepumpe røggas;fvv;2022-01-01 00:00:00;;0;0,15;elektricitet;elektricitet;;0;;;;0;;;;;1;
2025;368;2484;2484-1;Midtfyns Fjernvarme A.m.b.A;5854;Gislev;430;Fjernvarmeværk;84;Ringe Fjernvarme;Gaskedel;Kedel;fvv;2025-09-10 00:00:00;;0;5;naturgas;naturgas;;0;1;;;0;;;;;;
2025;369;290;290-3;RINGKØBING FJERNVARMEVÆRK A M B A;6950;Ringkøbing;760;Decentralt værk;180;Ringkøbing Fjernvarme;Kedelanlæg 1;Kedel;fvv;1989-01-01 00:00:00;;0;7,3;naturgas;naturgas;;0;1;;;0;;;;;;
2025;369;290;290-4;RINGKØBING FJERNVARMEVÆRK A M B A;6950;Ringkøbing;760;Decentralt værk;180;Ringkøbing Fjernvarme;Kedelanlæg 4;Kedel;fvv;2006-06-15 00:00:00;;0;11,58;naturgas;naturgas;;0;1;;;0;;;;;;
2025;369;290;290-6;RINGKØBING FJERNVARMEVÆRK A M B A;6950;Ringkøbing;760;Decentralt værk;180;Ringkøbing Fjernvarme;El-kedel 2;Elpatron;fvv;2023-02-01 00:00:00;;0;4;elektricitet;elektricitet;;0;;;;0;;;;;1;
2025;369;425;425-11;RINGKØBING FJERNVARMEVÆRK A M B A;6950;Ringkøbing;760;Decentralt værk;180;Ringkøbing Fjernvarme;Rindum Varmepumpe;Varmepumpe Luft;fvv;2020-01-01 00:00:00;;0;3,4;omgivelsesvarme;omgivelsesvarme;;0;;;;0;;;;;0,305714916;0,694285084
2025;369;425;425-12;RINGKØBING FJERNVARMEVÆRK A M B A;6950;Ringkøbing;760;Decentralt værk;180;Ringkøbing Fjernvarme;Fliskedel;Kedel;fvv;2025-10-01 00:00:00;;0;13,095;skovflis;fast biomasse;;0;;;;1;;;;;;
2025;369;425;425-13;RINGKØBING FJERNVARMEVÆRK A M B A;6950;Ringkøbing;760;Decentralt værk;180;Ringkøbing Fjernvarme;Nødstrømsgenerator flisværk;Nødstrømsanlæg;kvt;2025-09-30 00:00:00;;0,264;0;Ej i drift i 2025;Ej i drift i 2025;;;;;;;;;;;;
2025;369;425;425-2;RINGKØBING FJERNVARMEVÆRK A M B A;6950;Ringkøbing;760;Decentralt værk;180;Ringkøbing Fjernvarme;Kedelanlæg 12 - 1;Kedel;fvv;1997-07-01 00:00:00;;0;9,2;naturgas;naturgas;;0;1;;;0;;;;;;
2025;369;425;425-3;RINGKØBING FJERNVARMEVÆRK A M B A;6950;Ringkøbing;760;Decentralt værk;180;Ringkøbing Fjernvarme;Gasmotor;Forbrændingsmotor;kvt;2002-10-26 00:00:00;;8,73;10;naturgas;naturgas;;0;1;;;0;;;;;;
2025;369;425;425-5;RINGKØBING FJERNVARMEVÆRK A M B A;6950;Ringkøbing;760;Decentralt værk;180;Ringkøbing Fjernvarme;Kedelanlæg 13 - 1;Kedel;fvv;1997-07-01 00:00:00;;0;11;naturgas;naturgas;;0;1;;;0;;;;;;
2025;369;425;425-6;RINGKØBING FJERNVARMEVÆRK A M B A;6950;Ringkøbing;760;Decentralt værk;180;Ringkøbing Fjernvarme;Solvarmeanlæg - 15000 m2 (ikke kvoteomfa;Solvarme;fvv;2010-07-01 00:00:00;;0;11;solenergi;solenergi;;0;;;;0;;;1;;;
2025;369;425;425-7;RINGKØBING FJERNVARMEVÆRK A M B A;6950;Ringkøbing;760;Decentralt værk;180;Ringkøbing Fjernvarme;Elkedel (ikke kvoteomfattet);Elpatron;fvv;2011-01-01 00:00:00;;0;12;elektricitet;elektricitet;;0;;;;0;;;;;1;
2025;369;425;425-8;RINGKØBING FJERNVARMEVÆRK A M B A;6950;Ringkøbing;760;Decentralt værk;180;Ringkøbing Fjernvarme;Solvarmeanlæg 2 15.000 m2;Solvarme;fvv;2014-03-01 00:00:00;;0;11;solenergi;solenergi;;0;;;;0;;;1;;;
2025;369;702;702-1;RINGKØBING FJERNVARMEVÆRK A M B A;6950;Ringkøbing;760;Decentralt værk;348;Kloster Fjernvarme;Gasmotor 1 og 2;Forbrændingsmotor;kvt;1994-01-01 00:00:00;;1,32;1,77;naturgas;naturgas;;0;1;;;0;;;;;;
2025;369;702;702-3;RINGKØBING FJERNVARMEVÆRK A M B A;6950;Ringkøbing;760;Decentralt værk;348;Kloster Fjernvarme;Gaskedel;Kedel;fvv;2016-01-01 00:00:00;;0;1,7;naturgas;naturgas;;0;1;;;0;;;;;;
2025;369;702;702-4;RINGKØBING FJERNVARMEVÆRK A M B A;6950;Ringkøbing;760;Decentralt værk;348;Kloster Fjernvarme;Kloster varmepumpe;Varmepumpe Luft;fvv;2020-01-01 00:00:00;;0;1,1;omgivelsesvarme;omgivelsesvarme;;0;;;;0;;;;;0,305789732;0,694210268
2025;374;434;434-1;Roslev Fjernvarmeselskab A.m.b.A.;7870;Roslev;779;Fjernvarmeværk;253;Roslev Fjernvarme;Halmværket/flisværk;Kedel;fvv;1984-01-01 00:00:00;;0;4,9;skovflis;fast biomasse;;0;;;;1;;;;;;
2025;374;434;434-2;Roslev Fjernvarmeselskab A.m.b.A.;7870;Roslev;779;Fjernvarmeværk;253;Roslev Fjernvarme;Olieværket;Kedel;fvv;1992-01-01 00:00:00;;0;5;Ej i drift i 2025;Ej i drift i 2025;;;;;;;;;;;;
2025;374;434;434-3;Roslev Fjernvarmeselskab A.m.b.A.;7870;Roslev;779;Fjernvarmeværk;253;Roslev Fjernvarme;Solvarmeanlæg (8455 m2);Solvarme;fvv;2019-06-17 00:00:00;;0;6;solenergi;solenergi;;0;;;;0;;;1;;;
2025;376;252;252-2;Midtlangeland Fjernvarme A.m.b.a;5900;Rudkøbing;482;Decentralt værk;85;Rudkøbing Fjernvarme;Flisanlæg;Kedel;fvv;2012-09-15 00:00:00;;0;7,5;skovflis;fast biomasse;;0;;;;1;;;;;;
2025;376;252;252-3;Midtlangeland Fjernvarme A.m.b.a;5900;Rudkøbing;482;Decentralt værk;85;Rudkøbing Fjernvarme;Halmanlæg;Kedel;fvv;2019-01-31 00:00:00;;0;8,5;halm;fast biomasse;;0;;;;1;;;;;;
2025;376;252;252-4;Midtlangeland Fjernvarme A.m.b.a;5900;Rudkøbing;482;Decentralt værk;85;Rudkøbing Fjernvarme;Elkedel;Elpatron;fvv;2023-02-01 00:00:00;;0;10;elektricitet;elektricitet;;0;;;;0;;;;;1;
2025;376;435;435-1;Midtlangeland Fjernvarme A.m.b.a;5900;Rudkøbing;482;Fjernvarmeværk;85;Rudkøbing Fjernvarme;Centralen;Kedel;fvv;1961-01-01 00:00:00;;0;15,58;gasolie;olie;;1;;;;0;0;;;;;
2025;376;539;539-2;Midtlangeland Fjernvarme A.m.b.a;5953;Tranekær;482;Fjernvarmeværk;85;Rudkøbing Fjernvarme;Olie;Kedel;fvv;1991-09-01 00:00:00;;0;2,5;Ej i drift i 2025;Ej i drift i 2025;;;;;;;;;;;;
2025;377;1884;1884-1;RUNDHØJ FJERNVARME AMBA;8270;Højbjerg;751;Fjernvarmeværk;206;Århus Fjernvarme;Kedel 1+2;Kedel;fvv;2010-09-01 00:00:00;;0;4,6;gasolie;olie;;1;;;;0;;;;;;
2025;379;437;437-3;Ryomgård Fjernvarmeværk Amba;8550;Ryomgård;706;Fjernvarmeværk;212;Ryomgård Fjernvarme;Lin-Ka Helballekedel;Kedel;fvv;2019-08-01 00:00:00;;0;8;halm;fast biomasse;;0;;;;1;;;;;;
2025;379;437;437-4;Ryomgård Fjernvarmeværk Amba;8550;Ryomgård;706;Fjernvarmeværk;212;Ryomgård Fjernvarme;Oliekedel;Kedel;fvv;2019-08-01 00:00:00;;0;8;fuelolie;olie;;1;;;;0;;;;;;
2025;380;439;439-3;Rødby Varmeværk A M B A;4970;Rødby;360;Fjernvarmeværk;57;Rødby Fjernvarme;Oliekedel;Kedel;fvv;2003-01-01 00:00:00;;0;7,5;Ej i drift i 2025;Ej i drift i 2025;;;;;;;;;;;;
2025;380;439;439-4;Rødby Varmeværk A M B A;4970;Rødby;360;Fjernvarmeværk;57;Rødby Fjernvarme;Træpillekedel;Kedel;fvv;2012-01-01 00:00:00;;0;3;Ej i drift i 2025;Ej i drift i 2025;;;;;;;;;;;;
2025;380;439;439-5;Rødby Varmeværk A M B A;4970;Rødby;360;Fjernvarmeværk;57;Rødby Fjernvarme;Halmkedel;Kedel;fvv;2021-12-02 00:00:00;;0;8;halm;fast biomasse;;0;;;;1;;;;;;
2025;381;440;440-3;RØDBYHAVN FJERNVARME A M B A;4970;Rødby;360;Fjernvarmeværk;58;Rødbyhavn Fjernvarme;Kedel 3;Kedel;fvv;2006-10-01 00:00:00;;0;5,5;halm;fast biomasse;;0;;;;1;;;;;;
2025;381;440;440-4;RØDBYHAVN FJERNVARME A M B A;4970;Rødby;360;Fjernvarmeværk;58;Rødbyhavn Fjernvarme;Kedel 4;Kedel;fvv;2011-11-01 00:00:00;;0;5,5;halm;fast biomasse;;0;;;;1;;;;;;
2025;381;441;441-1;RØDBYHAVN FJERNVARME A M B A;4970;Rødby;360;Fjernvarmeværk;58;Rødbyhavn Fjernvarme;Danstoker;Kedel;fvv;1965-09-01 00:00:00;;0;8,2;Ej i drift i 2025;Ej i drift i 2025;;;;;;;;;;;;
2025;384;444;444-1;RØDKÆRSBRO FJERNVARMEVÆRK;8840;Rødkærsbro;791;Decentralt værk;232;Rødekærsbro Fjernvarme;Kraft-Varmeanlæg;Forbrændingsmotor;kvt;1994-01-01 00:00:00;;2,7;3,5;naturgas;naturgas;;0;1;;;0;;;;;;
2025;384;444;444-2;RØDKÆRSBRO FJERNVARMEVÆRK;8840;Rødkærsbro;791;Decentralt værk;232;Rødekærsbro Fjernvarme;Gasfyr-Kedel 5;Kedel;fvv;1986-01-01 00:00:00;;0;4;naturgas;naturgas;;0;1;;;0;;;;;;
2025;384;444;444-4;RØDKÆRSBRO FJERNVARMEVÆRK;8840;Rødkærsbro;791;Decentralt værk;232;Rødekærsbro Fjernvarme;Varmepumpe;Varmepumpe Spildevand;fvv;2017-02-26 00:00:00;;0;1,5;omgivelsesvarme;omgivelsesvarme;;0;;;;0;;;;;0,260094502;0,739905498
2025;386;445;445-3;RØNDE FJERNVARMEVÆRK;8410;Rønde;706;Fjernvarmeværk;223;Rønde By Fjernvarme;Pillekedel;Kedel;fvv;2017-01-01 00:00:00;;0;5,5;traepiller;fast biomasse;;0;;;;1;;;;;;
2025;386;445;445-4;RØNDE FJERNVARMEVÆRK;8410;Rønde;706;Fjernvarmeværk;223;Rønde By Fjernvarme;Halmkedel;Kedel;fvv;2005-11-01 00:00:00;;0;6,3;halm;fast biomasse;;0;;;;1;;;;;;
2025;386;445;445-5;RØNDE FJERNVARMEVÆRK;8410;Rønde;706;Fjernvarmeværk;223;Rønde By Fjernvarme;Phoenix kedel 0,24 MW (3x80 KW);Kedel;fvv;2023-01-01 00:00:00;;0;0,216;traepiller;fast biomasse;;0;;;;1;;;;;;
2025;386;445;445-6;RØNDE FJERNVARMEVÆRK;8410;Rønde;706;Fjernvarmeværk;223;Rønde By Fjernvarme;Oliekedel 2025;Kedel;fvv;2025-12-01 00:00:00;;0;5;Ej i drift i 2025;Ej i drift i 2025;;;;;;;;;;;;
2025;386;445;445-7;RØNDE FJERNVARMEVÆRK;8410;Rønde;706;Fjernvarmeværk;223;Rønde By Fjernvarme;Oliekedel 1996;Kedel;fvv;1996-01-01 00:00:00;;0;5,3;Ej i drift i 2025;Ej i drift i 2025;;;;;;;;;;;;
2025;389;446;446-1;STEGE FJERNVARME AMBA POSTBOX 76;4780;Stege;390;Fjernvarmeværk;49;Stege Fjernvarme;Olieværk;Kedel;fvv;1964-01-01 00:00:00;;0;12,1;Ej i drift i 2025;Ej i drift i 2025;;;;;;;;;;;;
2025;389;447;447-2;STEGE FJERNVARME AMBA POSTBOX 76;4780;Stege;390;Fjernvarmeværk;49;Stege Fjernvarme;Halmkedel;Kedel;fvv;2004-06-01 00:00:00;;0;16;halm;fast biomasse;;0;;;;1;;;;;;
2025;389;2289;2289-1;STEGE FJERNVARME AMBA POSTBOX 76;4780;Stege;390;Fjernvarmeværk;49;Stege Fjernvarme;Solvarme - 14000;Solvarme;fvv;2016-04-15 00:00:00;;0;9;solenergi;solenergi;;0;;;;0;;;1;;;
2025;390;967;967-1;Sydhavsvarme A.M.B.A.;4990;Sakskøbing;376;Fjernvarmeværk;48;Maribo Fjernvarme;"SAX-3 oliekedler (2,75&#43;5,5&#43;12,3)";Kedel;fvv;2012-01-01 00:00:00;;0;18,7;gasolie;olie;;1;;;;0;;;;;;
2025;391;449;449-1;SALTUM FJERNVARMEVÆRK A M B A;9493;Saltum;849;Decentralt værk;310;Saltum Fjernvarme;Kedelanlæg;Kedel;fvv;1989-10-01 00:00:00;;0;4;naturgas;naturgas;;0;1;;;0;;;;;;
2025;391;449;449-2;SALTUM FJERNVARMEVÆRK A M B A;9493;Saltum;849;Decentralt værk;310;Saltum Fjernvarme;Motoranlæg;Forbrændingsmotor;kvt;1995-01-01 00:00:00;;1,22;1,85;naturgas;naturgas;;0;1;;;0;;;;;;
2025;391;449;449-3;SALTUM FJERNVARMEVÆRK A M B A;9493;Saltum;849;Decentralt værk;310;Saltum Fjernvarme;Solvarmeanlæg - 1200 m2;Solvarme;fvv;1988-09-21 00:00:00;;0;0,8;solenergi;solenergi;;0;;;;0;;;1;;;
2025;391;449;449-4;SALTUM FJERNVARMEVÆRK A M B A;9493;Saltum;849;Decentralt værk;310;Saltum Fjernvarme;Varmepumpe;Varmepumpe Luft;fvv;2021-01-05 00:00:00;;0;1,2;omgivelsesvarme;omgivelsesvarme;;0;;;;0;;;;;0,323963043;0,676036957
2025;392;2140;2140-1;Sdr. Omme Varmeværk Amba;7260;Sønder Omme;530;Fjernvarmeværk;129;Sønder Omme Fjernvarme;Kedel 1 - Flis;Kedel;fvv;2011-06-07 00:00:00;;0;6;skovflis;fast biomasse;;0;;;;1;;;;;;
2025;392;2140;2140-2;Sdr. Omme Varmeværk Amba;7260;Sønder Omme;530;Fjernvarmeværk;129;Sønder Omme Fjernvarme;Kedel 2 - Olie (reserve);Kedel;fvv;2011-06-07 00:00:00;;0;8;Ej i drift i 2025;Ej i drift i 2025;;;;;;;;;;;;
2025;394;451;451-1;SIG VARMEVÆRK;6800;Varde;573;Decentralt værk;134;Sig Fjernvarme;Kedel;Kedel;fvv;1986-10-01 00:00:00;;0;2,5;naturgas;naturgas;;0;1;;;0;;;;;;
2025;394;451;451-2;SIG VARMEVÆRK;6800;Varde;573;Decentralt værk;134;Sig Fjernvarme;Motor;Forbrændingsmotor;kvt;1995-07-01 00:00:00;;1,36;2;naturgas;naturgas;;0;1;;;0;;;;;;
2025;394;451;451-3;SIG VARMEVÆRK;6800;Varde;573;Decentralt værk;134;Sig Fjernvarme;Solvarme;Solvarme;fvv;2013-12-20 00:00:00;;0;2,78;solenergi;solenergi;;0;;;;0;;;1;;;
2025;394;451;451-4;SIG VARMEVÆRK;6800;Varde;573;Decentralt værk;134;Sig Fjernvarme;Varmepumpe;Varmepumpe Luft;fvv;2017-10-02 00:00:00;;0;0,84;omgivelsesvarme;omgivelsesvarme;;0;;;;0;;;;;0,363533835;0,636466165
2025;394;451;451-6;SIG VARMEVÆRK;6800;Varde;573;Decentralt værk;134;Sig Fjernvarme;El kedel;Elpatron;fvv;2022-06-01 00:00:00;;0;1,6;elektricitet;elektricitet;;0;;;;0;;;;;1;
2025;396;457;457-2;SINDAL VARMEFORSYNING A M B A;9870;Sindal;860;Decentralt værk;315;Sindal Fjernvarme (inkl. Bindslev fra 2021);motor #  1;Forbrændingsmotor;kvt;1993-01-01 00:00:00;;2,88;3,4;naturgas;naturgas;;0;1;;;0;;;;;;
2025;396;457;457-3;SINDAL VARMEFORSYNING A M B A;9870;Sindal;860;Decentralt værk;315;Sindal Fjernvarme (inkl. Bindslev fra 2021);Kedel # 1;Kedel;fvv;2010-11-01 00:00:00;;0;8,5;naturgas;naturgas;;0;1;;;0;;;;;;
2025;396;457;457-4;SINDAL VARMEFORSYNING A M B A;9870;Sindal;860;Decentralt værk;315;Sindal Fjernvarme (inkl. Bindslev fra 2021);motor # 2;Forbrændingsmotor;kvt;1993-01-01 00:00:00;;2,88;3,4;naturgas;naturgas;;0;1;;;0;;;;;;
2025;396;457;457-5;SINDAL VARMEFORSYNING A M B A;9870;Sindal;860;Decentralt værk;315;Sindal Fjernvarme (inkl. Bindslev fra 2021);El-kedel;Elpatron;fvv;2023-09-25 00:00:00;;0;10;elektricitet;elektricitet;;0;;;;0;;;;;1;
2025;396;2343;2343-1;SINDAL VARMEFORSYNING A M B A;9870;Sindal;860;Decentralt værk;315;Sindal Fjernvarme (inkl. Bindslev fra 2021);Skovflis motor;Bioforgasn. m. FM;kvt;2018-08-01 00:00:00;;1,018;5;skovflis;fast biomasse;;0;;;;1;;;;;;
2025;398;979;979-1;FREDERIKSHAVN AFFALD A/S;9900;Frederikshavn;813;Erhvervsværk;289;Frederikshavn Fjernvarme;FAV;Dampturbine;pev;1994-01-01 00:00:00;;2,4;9,2;affald;affald;;0,001605671;;0,995012321;;0,003382008;;;;;;
2025;399;459;459-1;SKAGEN VARMEVÆRK AMBA;9990;Skagen;813;Fjernvarmeværk;317;Skagen Fjernvarme;Kedel 1;Kedel;fvv;1988-11-12 00:00:00;;0;6,5;naturgas;naturgas;;0;1;;;0;;;;;;
2025;399;459;459-2;SKAGEN VARMEVÆRK AMBA;9990;Skagen;813;Fjernvarmeværk;317;Skagen Fjernvarme;Kedel 2;Kedel;fvv;1988-11-12 00:00:00;;0;9,9;Ej i drift i 2025;Ej i drift i 2025;;;;;;;;;;;;
2025;399;459;459-3;SKAGEN VARMEVÆRK AMBA;9990;Skagen;813;Fjernvarmeværk;317;Skagen Fjernvarme;Kedel 3;Kedel;fvv;1988-11-12 00:00:00;;0;9,6;Ej i drift i 2025;Ej i drift i 2025;;;;;;;;;;;;
2025;399;459;459-4;SKAGEN VARMEVÆRK AMBA;9990;Skagen;813;Fjernvarmeværk;317;Skagen Fjernvarme;Kedel 4;Kedel;fvv;1988-11-12 00:00:00;;0;10;Ej i drift i 2025;Ej i drift i 2025;;;;;;;;;;;;
2025;399;1449;1449-1;SKAGEN VARMEVÆRK AMBA;9990;Skagen;813;Decentralt værk;317;Skagen Fjernvarme;Wärtsilä 18V28 SG;Forbrændingsmotor;kvt;1998-10-19 00:00:00;;4,7;5,5;naturgas;naturgas;;0;1;;;0;;;;;;
2025;399;1449;1449-2;SKAGEN VARMEVÆRK AMBA;9990;Skagen;813;Decentralt værk;317;Skagen Fjernvarme;Wärtsilä 18V28 SG;Forbrændingsmotor;kvt;1998-10-19 00:00:00;;4,7;5,5;naturgas;naturgas;;0;1;;;0;;;;;;
2025;399;1449;1449-3;SKAGEN VARMEVÆRK AMBA;9990;Skagen;813;Decentralt værk;317;Skagen Fjernvarme;Wärtsilä 18V28 SG;Forbrændingsmotor;kvt;1998-10-19 00:00:00;;4,7;5,5;naturgas;naturgas;;0;1;;;0;;;;;;
2025;399;1449;1449-5;SKAGEN VARMEVÆRK AMBA;9990;Skagen;813;Decentralt værk;317;Skagen Fjernvarme;Elkedel (ikke kvoteomfattet);Elpatron;fvv;2008-10-01 00:00:00;;0;12;elektricitet;elektricitet;;0;;;;0;;;;;1;
2025;399;1449;1449-6;SKAGEN VARMEVÆRK AMBA;9990;Skagen;813;Decentralt værk;317;Skagen Fjernvarme;Varmepumpe Luft/Vand;Varmepumpe Luft;fvv;2020-05-01 00:00:00;;0;12;omgivelsesvarme;omgivelsesvarme;;0;;;;0;;;;;0,359239686;0,640760314
2025;400;460;460-2;SKALS KRAFTVARMEVÆRK A.M.B.A.;8832;Skals;791;Decentralt værk;249;Skals Fjernvarme;Kedel 1;Kedel;fvv;2012-01-01 00:00:00;;0;10;naturgas;naturgas;;0;1;;0;0;;;;;;
2025;400;460;460-3;SKALS KRAFTVARMEVÆRK A.M.B.A.;8832;Skals;791;Decentralt værk;249;Skals Fjernvarme;Jenbacher;Forbrændingsmotor;kvt;2018-09-10 00:00:00;;1,499;2;biogas;biogas;;0;;;1;0;;;;;;
2025;400;460;460-4;SKALS KRAFTVARMEVÆRK A.M.B.A.;8832;Skals;791;Decentralt værk;249;Skals Fjernvarme;Sabroe;Varmepumpe røggas;fvv;2019-02-11 00:00:00;;0;0,5;elektricitet;elektricitet;;0;;;;0;;;;;1;
2025;400;460;460-5;SKALS KRAFTVARMEVÆRK A.M.B.A.;8832;Skals;791;Decentralt værk;249;Skals Fjernvarme;El kedel;Elpatron;fvv;2023-07-06 00:00:00;;0;3;elektricitet;elektricitet;;0;;;;0;;;;;1;
2025;401;241;241-1;Skanderborg-Hørning Fjernvarme A.m.b.a.;8362;Hørning;746;Fjernvarmeværk;206;Århus Fjernvarme;Højgaardsvej, kedel 1;Kedel;fvv;1984-01-01 00:00:00;;0;4;gasolie;olie;;1;;;;0;;;;;;
2025;401;241;241-2;Skanderborg-Hørning Fjernvarme A.m.b.a.;8362;Hørning;746;Fjernvarmeværk;206;Århus Fjernvarme;Højgaardsvej, kedel 2;Kedel;fvv;1984-01-01 00:00:00;;0;4;Ej i drift i 2025;Ej i drift i 2025;;;;;;;;;;;;
2025;401;242;242-1;Skanderborg-Hørning Fjernvarme A.m.b.a.;8362;Hørning;746;Fjernvarmeværk;206;Århus Fjernvarme;Toftevej kedel 1;Kedel;fvv;2000-01-10 00:00:00;2025-03-10 00:00:00;0;7,5;Ej i drift i 2025;Ej i drift i 2025;;;;;;;;;;;;
2025;401;242;242-2;Skanderborg-Hørning Fjernvarme A.m.b.a.;8362;Hørning;746;Fjernvarmeværk;206;Århus Fjernvarme;Toftevej kedel 2;Kedel;fvv;2000-01-10 00:00:00;2025-03-10 00:00:00;0;7,5;Ej i drift i 2025;Ej i drift i 2025;;;;;;;;;;;;
2025;401;461;461-10;Skanderborg-Hørning Fjernvarme A.m.b.a.;8660;Skanderborg;746;Fjernvarmeværk;206;Århus Fjernvarme;Olie kedel 3;Kedel;fvv;2018-09-27 00:00:00;;0;9,36;Ej i drift i 2025;Ej i drift i 2025;;;;;;;;;;;;
2025;401;461;461-11;Skanderborg-Hørning Fjernvarme A.m.b.a.;8660;Skanderborg;746;Fjernvarmeværk;206;Århus Fjernvarme;LTV 2024;Varmepumpe Luft;fvv;2024-05-01 00:00:00;;0;12,5;omgivelsesvarme;omgivelsesvarme;;0;;;;0;;;;;0,296203176;0,703796824
2025;401;461;461-4;Skanderborg-Hørning Fjernvarme A.m.b.a.;8660;Skanderborg;746;Fjernvarmeværk;206;Århus Fjernvarme;Fast Bioanlæg;Kedel;fvv;2005-01-01 00:00:00;;0;11,6;traepiller;fast biomasse;;0;;;;1;;;;;;
2025;401;461;461-5;Skanderborg-Hørning Fjernvarme A.m.b.a.;8660;Skanderborg;746;Fjernvarmeværk;206;Århus Fjernvarme;Fliskedel 1;Kedel;fvv;2010-06-01 00:00:00;;0;10;skovflis;fast biomasse;;0;;;;1;;;;;;
2025;401;461;461-6;Skanderborg-Hørning Fjernvarme A.m.b.a.;8660;Skanderborg;746;Fjernvarmeværk;206;Århus Fjernvarme;Fliskedel 2;Kedel;fvv;2010-06-01 00:00:00;;0;10;skovflis;fast biomasse;;0;;;;1;;;;;;
2025;401;461;461-8;Skanderborg-Hørning Fjernvarme A.m.b.a.;8660;Skanderborg;746;Fjernvarmeværk;206;Århus Fjernvarme;Olie kedel 1;Kedel;fvv;2017-10-01 00:00:00;;0;9,36;gasolie;olie;;1;;;;0;;;;;;
2025;401;461;461-9;Skanderborg-Hørning Fjernvarme A.m.b.a.;8660;Skanderborg;746;Fjernvarmeværk;206;Århus Fjernvarme;Olie kedel 2;Kedel;fvv;2018-09-27 00:00:00;;0;9,36;Ej i drift i 2025;Ej i drift i 2025;;;;;;;;;;;;
2025;401;462;462-1;Skanderborg-Hørning Fjernvarme A.m.b.a.;8660;Skanderborg;746;Fjernvarmeværk;206;Århus Fjernvarme;Møllegade;Kedel;fvv;1958-01-01 00:00:00;;0;14;Ej i drift i 2025;Ej i drift i 2025;;;;;;;;;;;;
2025;401;968;968-1;Skanderborg-Hørning Fjernvarme A.m.b.a.;8660;Skanderborg;746;Fjernvarmeværk;206;Århus Fjernvarme;Virring;Kedel;fvv;2012-01-01 00:00:00;;0;3;Ej i drift i 2025;Ej i drift i 2025;;;;;;;;;;;;
2025;402;463;463-1;Skive Fjernvarme A.m.b.a;7800;Skive;779;Decentralt værk;254;Skive Fjernvarme (inkl. Højslev-Nr. Søby Fjernvarme fra 2022);Kedel 1;Kedel;fvv;1993-01-01 00:00:00;;0;6,5;Ej i drift i 2025;Ej i drift i 2025;;;;;;;;;;;;
2025;402;463;463-10;Skive Fjernvarme A.m.b.a;7800;Skive;779;Decentralt værk;254;Skive Fjernvarme (inkl. Højslev-Nr. Søby Fjernvarme fra 2022);El kedel 1;Elpatron;fvv;2021-11-16 00:00:00;;0;13,9;elektricitet;elektricitet;;0;;;;0;;;;;1;
2025;402;463;463-2;Skive Fjernvarme A.m.b.a;7800;Skive;779;Decentralt værk;254;Skive Fjernvarme (inkl. Højslev-Nr. Søby Fjernvarme fra 2022);Kedel 2;Kedel;fvv;2002-01-01 00:00:00;;0;10,2;gasolie;olie;;1;;;;0;0;;;;;
2025;402;463;463-3;Skive Fjernvarme A.m.b.a;7800;Skive;779;Decentralt værk;254;Skive Fjernvarme (inkl. Højslev-Nr. Søby Fjernvarme fra 2022);Kedel 3;Kedel;fvv;1965-01-01 00:00:00;;0;8,2;gasolie;olie;;1;;;;0;0;;;;;
2025;402;463;463-6;Skive Fjernvarme A.m.b.a;7800;Skive;779;Decentralt værk;254;Skive Fjernvarme (inkl. Højslev-Nr. Søby Fjernvarme fra 2022);Motor 1;Forbrændingsmotor;kvt;1994-11-25 00:00:00;;3,1;3,4;naturgas;naturgas;;0;1;;;0;;;;;;
2025;402;463;463-7;Skive Fjernvarme A.m.b.a;7800;Skive;779;Decentralt værk;254;Skive Fjernvarme (inkl. Højslev-Nr. Søby Fjernvarme fra 2022);Motor 2;Forbrændingsmotor;kvt;1994-11-25 00:00:00;;3,1;3,4;naturgas;naturgas;;0;1;;;0;;;;;;
2025;402;463;463-8;Skive Fjernvarme A.m.b.a;7800;Skive;779;Decentralt værk;254;Skive Fjernvarme (inkl. Højslev-Nr. Søby Fjernvarme fra 2022);Motor 3;Forbrændingsmotor;kvt;1994-11-25 00:00:00;;3,1;3,4;naturgas;naturgas;;0;1;;;0;;;;;;
2025;402;463;463-9;Skive Fjernvarme A.m.b.a;7800;Skive;779;Decentralt værk;254;Skive Fjernvarme (inkl. Højslev-Nr. Søby Fjernvarme fra 2022);Motor 4;Forbrændingsmotor;kvt;1996-11-01 00:00:00;;3,1;3,4;naturgas;naturgas;;0;1;;;0;;;;;;
2025;402;464;464-1;Skive Fjernvarme A.m.b.a;7800;Skive;779;Decentralt værk;254;Skive Fjernvarme (inkl. Højslev-Nr. Søby Fjernvarme fra 2022);Kedler 2 stk.;Kedel;fvv;1984-07-01 00:00:00;;0;17;traepiller;fast biomasse;;0;;;;1;;;;;;
2025;402;464;464-3;Skive Fjernvarme A.m.b.a;7800;Skive;779;Decentralt værk;254;Skive Fjernvarme (inkl. Højslev-Nr. Søby Fjernvarme fra 2022);I/S Skive Fjernvarme, Thorsvej 11;Bioforgasn. m. FM;kvt;2008-04-12 00:00:00;;2;3,7;traepiller;fast biomasse;;0;;;;1;;;;;;
2025;402;464;464-4;Skive Fjernvarme A.m.b.a;7800;Skive;779;Decentralt værk;254;Skive Fjernvarme (inkl. Højslev-Nr. Søby Fjernvarme fra 2022);I/S Skive Fjernvarme, Thorsvej 11;Bioforgasn. m. FM;kvt;2009-01-20 00:00:00;;2;3,7;traepiller;fast biomasse;;0;;;;1;;;;;;
2025;402;464;464-5;Skive Fjernvarme A.m.b.a;7800;Skive;779;Decentralt værk;254;Skive Fjernvarme (inkl. Højslev-Nr. Søby Fjernvarme fra 2022);I/S Skive Fjernvarme, Thorsvej 11;Bioforgasn. m. FM;kvt;2009-05-05 00:00:00;;2;3,7;traepiller;fast biomasse;;0;;;;1;;;;;;
2025;402;464;464-7;Skive Fjernvarme A.m.b.a;7800;Skive;779;Decentralt værk;254;Skive Fjernvarme (inkl. Højslev-Nr. Søby Fjernvarme fra 2022);El kedel;Elpatron;fvv;2023-11-20 00:00:00;;0;13,9;elektricitet;elektricitet;;0;;;;0;;;;;1;
2025;402;465;465-1;Skive Fjernvarme A.m.b.a;7800;Skive;779;Fjernvarmeværk;254;Skive Fjernvarme (inkl. Højslev-Nr. Søby Fjernvarme fra 2022);Højlundsvej;Kedel;fvv;1977-07-01 00:00:00;;0;9,3;naturgas;naturgas;;0;1;;;0;;;;;;
2025;402;2449;2449-1;Skive Fjernvarme A.m.b.a;7800;Skive;779;Decentralt værk;254;Skive Fjernvarme (inkl. Højslev-Nr. Søby Fjernvarme fra 2022);Elkedel;Elpatron;fvv;2024-05-07 00:00:00;;0;13,9;elektricitet;elektricitet;;0;;;;0;;;;;1;
2025;402;2449;2449-2;Skive Fjernvarme A.m.b.a;7800;Skive;779;Decentralt værk;254;Skive Fjernvarme (inkl. Højslev-Nr. Søby Fjernvarme fra 2022);Flisanlæg;Kedel;fvv;2024-01-08 00:00:00;;0;10;skovflis;fast biomasse;;0;;;;1;;;;;;
2025;403;291;291-1;Skjern Fjernvarme;6900;Skjern;760;Decentralt værk;183;Skjern Fjernvarme;Kraftvarmeanlæg - gasmotor;Kombianlæg;kvt;2012-07-01 00:00:00;;3;3,6;naturgas;naturgas;;0;1;;;0;;;;;;
2025;403;291;291-10;Skjern Fjernvarme;6900;Skjern;760;Decentralt værk;183;Skjern Fjernvarme;elkedel 1;Elpatron;fvv;2025-09-15 00:00:00;;0;10;elektricitet;elektricitet;;0;;;;0;;;;;1;
2025;403;291;291-4;Skjern Fjernvarme;6900;Skjern;760;Decentralt værk;183;Skjern Fjernvarme;kedel 4;Kedel;fvv;2009-10-01 00:00:00;;0;11,6;naturgas;naturgas;;0;1;;;0;;;;;;
2025;403;291;291-6;Skjern Fjernvarme;6900;Skjern;760;Decentralt værk;183;Skjern Fjernvarme;Biomassekedel 1;Kedel;fvv;2015-09-01 00:00:00;;0;4,83;skovflis;fast biomasse;;0;;;;1;;;;;;
2025;403;291;291-9;Skjern Fjernvarme;6900;Skjern;760;Decentralt værk;183;Skjern Fjernvarme;Kedel 1;Kedel;fvv;2016-11-15 00:00:00;;0;5;naturgas;naturgas;;0;1;;;0;;;;;;
2025;403;1997;1997-1;Skjern Fjernvarme;6900;Skjern;760;Fjernvarmeværk;183;Skjern Fjernvarme;Kedel 1;Kedel;fvv;2006-08-01 00:00:00;;0;5;naturgas;naturgas;;0,000334486;0,999665514;;;0;;;;;;
2025;403;1997;1997-2;Skjern Fjernvarme;6900;Skjern;760;Fjernvarmeværk;183;Skjern Fjernvarme;Kedel 2;Kedel;fvv;2016-11-01 00:00:00;;0;5;naturgas;naturgas;;0;1;;;0;;;;;;
2025;404;1383;1383-1;SKOVLUND VARMEVÆRK;6823;Ansager;573;Decentralt værk;138;Skovlund Fjernvarme;Motor Jenbacher;Forbrændingsmotor;kvt;1997-10-05 00:00:00;;1,84;2,64;naturgas;naturgas;;0;1;;;0;;;;;;
2025;404;1383;1383-2;SKOVLUND VARMEVÆRK;6823;Ansager;573;Decentralt værk;138;Skovlund Fjernvarme;Gas/Oliekedel;Kedel;fvv;1997-10-05 00:00:00;;0;3,25;naturgas;naturgas;;0;1;;;0;;;;;;
2025;404;1383;1383-3;SKOVLUND VARMEVÆRK;6823;Ansager;573;Decentralt værk;138;Skovlund Fjernvarme;Solvarmeanlæg - 2850 m2 (Arcon);Solvarme;fvv;2011-10-27 00:00:00;;0;2,14;solenergi;solenergi;;0;;;;0;;;1;;;
2025;404;1383;1383-4;SKOVLUND VARMEVÆRK;6823;Ansager;573;Decentralt værk;138;Skovlund Fjernvarme;Biomasse kedel;Kedel;fvv;2016-04-01 00:00:00;;0;0,93;trae- og biomasseaffald;fast biomasse;;0;;;;1;;;;;;
2025;404;1383;1383-5;SKOVLUND VARMEVÆRK;6823;Ansager;573;Decentralt værk;138;Skovlund Fjernvarme;Elkedel;Elpatron;fvv;2024-12-20 00:00:00;;0;2,4;elektricitet;elektricitet;;0;;;;0;;;;;1;
2025;406;470;470-1;SKOVSGAARD VARMEVÆRK;9460;Brovst;849;Fjernvarmeværk;274;Skovsgård Fjernvarme;Olie kedel;Kedel;fvv;1997-01-01 00:00:00;;0;2;gasolie;olie;;1;;;;0;;;;;;
2025;406;470;470-2;SKOVSGAARD VARMEVÆRK;9460;Brovst;849;Fjernvarmeværk;274;Skovsgård Fjernvarme;Fliskedel;Kedel;fvv;1997-11-01 00:00:00;;0;2;skovflis;fast biomasse;;0;;;;1;;;;;;
2025;406;470;470-3;SKOVSGAARD VARMEVÆRK;9460;Brovst;849;Fjernvarmeværk;274;Skovsgård Fjernvarme;Solvarme;Solvarme;fvv;2018-08-01 00:00:00;;0;3,1;solenergi;solenergi;;0;;;;0;;;1;;;
2025;407;471;471-1;SKÅRUP FJERNVARME A.m.b.a.;5881;Skårup Fyn;479;Decentralt værk;88;Skårup Fjernvarme;Gaskedel 1;Kedel;fvv;1985-06-01 00:00:00;;0;4,3;naturgas;naturgas;;0;1;;;0;;;;;;
2025;407;471;471-3;SKÅRUP FJERNVARME A.m.b.a.;5881;Skårup Fyn;479;Decentralt værk;88;Skårup Fjernvarme;Gasmotorer;Forbrændingsmotor;kvt;1996-02-01 00:00:00;;1,4;2;naturgas;naturgas;;0;1;;;0;;;;;;
2025;407;471;471-4;SKÅRUP FJERNVARME A.m.b.a.;5881;Skårup Fyn;479;Decentralt værk;88;Skårup Fjernvarme;Gaskedel 2;Kedel;fvv;2014-08-01 00:00:00;;0;6;naturgas;naturgas;;0;1;;;0;;;;;;
2025;407;471;471-5;SKÅRUP FJERNVARME A.m.b.a.;5881;Skårup Fyn;479;Decentralt værk;88;Skårup Fjernvarme;Varmepumpe 1;Varmepumpe røggas;fvv;2014-08-01 00:00:00;;0;0,3;Ej i drift i 2025;Ej i drift i 2025;;;;;;;;;;;;
2025;407;471;471-6;SKÅRUP FJERNVARME A.m.b.a.;5881;Skårup Fyn;479;Decentralt værk;88;Skårup Fjernvarme;Varmepumpe 2;Varmepumpe Luft;fvv;2020-12-01 00:00:00;;0;1,6;omgivelsesvarme;omgivelsesvarme;;0;;;;0;;;;;0,325940141;0,674059859
2025;407;2292;2292-1;SKÅRUP FJERNVARME A.m.b.a.;5881;Skårup Fyn;479;Fjernvarmeværk;88;Skårup Fjernvarme;Solvarmeanlæg - 5500m2;Solvarme;fvv;2016-10-01 00:00:00;;0;3,5;solenergi;solenergi;;0;;;;0;;;1;;;
2025;408;472;472-1;SKÆRBÆK FJERNVARME A.M.B.A.;6780;Skærbæk;550;Fjernvarmeværk;113;Skærbæk Fjernvarme;Naturgaskedel;Kedel;fvv;1988-01-11 00:00:00;;0;5;Ej i drift i 2025;Ej i drift i 2025;;;;;;;;;;;;
2025;408;473;473-1;SKÆRBÆK FJERNVARME A.M.B.A.;6780;Skærbæk;550;Decentralt værk;113;Skærbæk Fjernvarme;Gasmotor nr 1;Forbrændingsmotor;kvt;1991-01-01 00:00:00;;1;1,6;naturgas;naturgas;;0;1;;;0;;;;;;
2025;408;473;473-2;SKÆRBÆK FJERNVARME A.M.B.A.;6780;Skærbæk;550;Decentralt værk;113;Skærbæk Fjernvarme;Gasmotor nr 2;Forbrændingsmotor;kvt;1991-01-01 00:00:00;;1;1,6;naturgas;naturgas;;0;1;;;0;;;;;;
2025;408;473;473-3;SKÆRBÆK FJERNVARME A.M.B.A.;6780;Skærbæk;550;Decentralt værk;113;Skærbæk Fjernvarme;Gasmotor nr 3;Forbrændingsmotor;kvt;1991-01-01 00:00:00;;1;1,6;naturgas;naturgas;;0;1;;;0;;;;;;
2025;408;473;473-4;SKÆRBÆK FJERNVARME A.M.B.A.;6780;Skærbæk;550;Decentralt værk;113;Skærbæk Fjernvarme;Gasmotor nr 4;Forbrændingsmotor;kvt;1995-01-01 00:00:00;;1,05;1,55;naturgas;naturgas;;0;1;;;0;;;;;;
2025;408;473;473-5;SKÆRBÆK FJERNVARME A.M.B.A.;6780;Skærbæk;550;Decentralt værk;113;Skærbæk Fjernvarme;Fliskedel;Kedel;fvv;2012-12-05 00:00:00;;0;5,82;skovflis;fast biomasse;;0;;;;1;;;;;;
2025;408;473;473-6;SKÆRBÆK FJERNVARME A.M.B.A.;6780;Skærbæk;550;Decentralt værk;113;Skærbæk Fjernvarme;El - Patron;Elpatron;fvv;2021-05-15 00:00:00;;0;4;elektricitet;elektricitet;;0;;;;0;;;;;1;
2025;408;473;473-7;SKÆRBÆK FJERNVARME A.M.B.A.;6780;Skærbæk;550;Decentralt værk;113;Skærbæk Fjernvarme;Varmepumpe luft;Varmepumpe Luft;fvv;2021-08-15 00:00:00;;0;1,7;omgivelsesvarme;omgivelsesvarme;;0;;;;0;;;;;0,332166302;0,667833698
2025;411;279;279-1;SK VARME A/S;4200;Slagelse;330;Decentralt værk;35;Slagelse Fjernvarme;SLV;Dampturbine;kvt;1990-01-01 00:00:00;;10,9;28,1;halm;fast biomasse;;0;;0;;1;;;;;;
2025;411;279;279-2;SK VARME A/S;4200;Slagelse;330;Decentralt værk;35;Slagelse Fjernvarme;FKV Varmepumpe;Varmepumpe Luft;fvv;2025-12-23 00:00:00;;0;10;omgivelsesvarme;omgivelsesvarme;;0;;;;0;;;;;0,266075883;0,733924117
2025;411;326;326-10;SK VARME A/S;4220;Korsør;330;Decentralt værk;32;Korsør Fjernvarme;SK-Varme A/S - Norbrinken;Forbrændingsmotor;kvt;1993-01-01 00:00:00;;1,05;1,6;naturgas;naturgas;;0;1;;;0;;;;;;
2025;411;326;326-11;SK VARME A/S;4220;Korsør;330;Decentralt værk;32;Korsør Fjernvarme;SK-Varme A/S - Norbrinken;Forbrændingsmotor;kvt;1993-01-01 00:00:00;;1,05;1,6;naturgas;naturgas;;0;1;;;0;;;;;;
2025;411;326;326-13;SK VARME A/S;4220;Korsør;330;Decentralt værk;32;Korsør Fjernvarme;Norbrinken - Kedel 2;Kedel;fvv;1970-01-01 00:00:00;;0;4,1;naturgas;naturgas;;0;1;;;0;;;;;;
2025;411;326;326-14;SK VARME A/S;4220;Korsør;330;Decentralt værk;32;Korsør Fjernvarme;Norbrinken - Kedel 3;Kedel;fvv;1971-01-01 00:00:00;;0;4,8;naturgas;naturgas;;0;1;;;0;;;;;;
2025;411;326;326-15;SK VARME A/S;4220;Korsør;330;Decentralt værk;32;Korsør Fjernvarme;Norbrinken - Kedel 4;Kedel;fvv;1975-01-01 00:00:00;;0;7,5;naturgas;naturgas;;0;1;;;0;;;;;;
2025;411;326;326-16;SK VARME A/S;4220;Korsør;330;Decentralt værk;32;Korsør Fjernvarme;solvarme;Solvarme;fvv;2025-01-30 00:00:00;;0;9;Ej i drift i 2025;Ej i drift i 2025;;;;;;;;;;;;
2025;411;326;326-3;SK VARME A/S;4220;Korsør;330;Decentralt værk;32;Korsør Fjernvarme;Norbrinken - Kedel 1;Kedel;fvv;1971-01-01 00:00:00;;0;2,4;naturgas;naturgas;;0;1;;;0;;;;;;
2025;411;326;326-4;SK VARME A/S;4220;Korsør;330;Decentralt værk;32;Korsør Fjernvarme;Fliskedel;Kedel;fvv;2008-12-03 00:00:00;;0;2,5;skovflis;fast biomasse;;0;;;;1;;;;;;
2025;411;326;326-6;SK VARME A/S;4220;Korsør;330;Decentralt værk;32;Korsør Fjernvarme;SK-Varme A/S - Norbrinken;Forbrændingsmotor;kvt;1993-01-01 00:00:00;;1,05;1,6;naturgas;naturgas;;0;1;;;0;;;;;;
2025;411;326;326-7;SK VARME A/S;4220;Korsør;330;Decentralt værk;32;Korsør Fjernvarme;SK-Varme A/S - Norbrinken;Forbrændingsmotor;kvt;1993-01-01 00:00:00;;1,05;1,6;naturgas;naturgas;;0;1;;;0;;;;;;
2025;411;326;326-8;SK VARME A/S;4220;Korsør;330;Decentralt værk;32;Korsør Fjernvarme;SK-Varme A/S - Norbrinken;Forbrændingsmotor;kvt;1993-01-01 00:00:00;;1,05;1,6;naturgas;naturgas;;0;1;;;0;;;;;;
2025;411;326;326-9;SK VARME A/S;4220;Korsør;330;Decentralt værk;32;Korsør Fjernvarme;SK-Varme A/S - Norbrinken;Forbrændingsmotor;kvt;1993-01-01 00:00:00;;1,05;1,6;naturgas;naturgas;;0;1;;;0;;;;;;
2025;411;327;327-2;SK VARME A/S;4220;Korsør;330;Fjernvarmeværk;32;Korsør Fjernvarme;Kedel 1;Kedel;fvv;1980-01-01 00:00:00;;0;5,8;Ej i drift i 2025;Ej i drift i 2025;;;;;;;;;;;;
2025;411;327;327-3;SK VARME A/S;4220;Korsør;330;Fjernvarmeværk;32;Korsør Fjernvarme;Kedel 2;Kedel;fvv;1980-01-01 00:00:00;;0;5,8;naturgas;naturgas;;0;1;;;0;;;;;;
2025;411;475;475-2;SK VARME A/S;4200;Slagelse;330;Fjernvarmeværk;35;Slagelse Fjernvarme;Central Syd - Kedel 1;Kedel;fvv;1977-01-01 00:00:00;;0;2,3;naturgas;naturgas;;0;1;;;0;;;;;;
2025;411;475;475-3;SK VARME A/S;4200;Slagelse;330;Fjernvarmeværk;35;Slagelse Fjernvarme;Central Syd - Kedel 2;Kedel;fvv;1978-01-01 00:00:00;;0;4,6;naturgas;naturgas;;0;1;;;0;;;;;;
2025;411;475;475-4;SK VARME A/S;4200;Slagelse;330;Fjernvarmeværk;35;Slagelse Fjernvarme;Central Syd - Kedel 3;Kedel;fvv;1987-01-01 00:00:00;;0;7,3;Ej i drift i 2025;Ej i drift i 2025;;;;;;;;;;;;
2025;411;475;475-5;SK VARME A/S;4200;Slagelse;330;Fjernvarmeværk;35;Slagelse Fjernvarme;Central Syd - Kedel 4;Kedel;fvv;1987-01-01 00:00:00;;0;8;naturgas;naturgas;;0;1;;;0;;;;;;
2025;411;476;476-2;SK VARME A/S;4200;Slagelse;330;Fjernvarmeværk;35;Slagelse Fjernvarme;Central Øst - Kedel 1;Kedel;fvv;1972-01-01 00:00:00;;0;2,3;Ej i drift i 2025;Ej i drift i 2025;;;;;;;;;;;;
2025;411;476;476-3;SK VARME A/S;4200;Slagelse;330;Fjernvarmeværk;35;Slagelse Fjernvarme;Central Øst - Kedel 2;Kedel;fvv;1967-01-01 00:00:00;;0;3,6;naturgas;naturgas;;0;1;;;0;;;;;;
2025;411;476;476-4;SK VARME A/S;4200;Slagelse;330;Fjernvarmeværk;35;Slagelse Fjernvarme;Central Øst - Kedel 3;Kedel;fvv;1985-01-01 00:00:00;;0;4,6;naturgas;naturgas;;0;1;;;0;;;;;;
2025;411;477;477-2;SK VARME A/S;4200;Slagelse;330;Fjernvarmeværk;35;Slagelse Fjernvarme;Centrral Nord - kedel 1;Kedel;fvv;1963-01-01 00:00:00;;0;5,3;naturgas;naturgas;;0;1;;;0;;;;;;
2025;411;477;477-3;SK VARME A/S;4200;Slagelse;330;Fjernvarmeværk;35;Slagelse Fjernvarme;Central Nord - Kedel 2;Kedel;fvv;1963-01-01 00:00:00;;0;7,3;naturgas;naturgas;;0;1;;;0;;;;;;
2025;411;478;478-1;SK VARME A/S;4200;Slagelse;330;Fjernvarmeværk;35;Slagelse Fjernvarme;Kedel 4;Kedel;fvv;1979-01-01 00:00:00;;0;6,9;Ej i drift i 2025;Ej i drift i 2025;;;;;;;;;;;;
2025;411;478;478-3;SK VARME A/S;4200;Slagelse;330;Fjernvarmeværk;35;Slagelse Fjernvarme;kedel 6;Kedel;fvv;1968-01-01 00:00:00;;0;8,8;Ej i drift i 2025;Ej i drift i 2025;;;;;;;;;;;;
2025;411;478;478-4;SK VARME A/S;4200;Slagelse;330;Fjernvarmeværk;35;Slagelse Fjernvarme;kedel 7;Kedel;fvv;1987-01-01 00:00:00;;0;15,2;naturgas;naturgas;;0;1;;;0;;;;;;
2025;411;478;478-5;SK VARME A/S;4200;Slagelse;330;Fjernvarmeværk;35;Slagelse Fjernvarme;kedel 8;Kedel;fvv;1987-01-01 00:00:00;;0;15,2;naturgas;naturgas;;0;1;;;0;;;;;;
2025;411;2204;2204-1;SK VARME A/S;4200;Slagelse;330;Fjernvarmeværk;35;Slagelse Fjernvarme;Fliskedel 1;Kedel;fvv;2015-01-01 00:00:00;;0;14;skovflis;fast biomasse;;0;;;;1;;;;;;
2025;411;2204;2204-3;SK VARME A/S;4200;Slagelse;330;Fjernvarmeværk;35;Slagelse Fjernvarme;Halmkedel;Kedel;fvv;2020-10-01 00:00:00;;0;12,5;halm;fast biomasse;;0;;;;1;;;;;;
2025;411;2359;2359-1;SK VARME A/S;4220;Korsør;330;Fjernvarmeværk;32;Korsør Fjernvarme;Halmkedel;Kedel;fvv;2018-10-22 00:00:00;;0;11,5;halm;fast biomasse;;0;;;;1;;;;;;
2025;411;2359;2359-2;SK VARME A/S;4220;Korsør;330;Fjernvarmeværk;32;Korsør Fjernvarme;Solvarme (11.733 m2);Solvarme;fvv;2019-07-19 00:00:00;;0;8;solenergi;solenergi;;0;;;;0;;;1;;;
2025;411;2359;2359-3;SK VARME A/S;4220;Korsør;330;Fjernvarmeværk;32;Korsør Fjernvarme;FHA Varmepumpe;Varmepumpe Luft;fvv;2025-12-23 00:00:00;;0;10;omgivelsesvarme;omgivelsesvarme;;0;;;;0;;;;;0,396060974;0,603939026
2025;413;1068;1068-1;SMØRUM KRAFTVARME AMBA;2765;Smørum;240;Decentralt værk;4;Smørumnedre Fjernvarme;Motor 1;Forbrændingsmotor;kvt;1995-10-06 00:00:00;;2,8;3,4;naturgas;naturgas;;0;1;;;0;;;;;;
2025;413;1068;1068-4;SMØRUM KRAFTVARME AMBA;2765;Smørum;240;Decentralt værk;4;Smørumnedre Fjernvarme;Motor 2;Forbrændingsmotor;kvt;2000-02-03 00:00:00;;3,1;3,8;naturgas;naturgas;;0;1;;;0;;;;;;
2025;413;1068;1068-5;SMØRUM KRAFTVARME AMBA;2765;Smørum;240;Decentralt værk;4;Smørumnedre Fjernvarme;Motor 3;Forbrændingsmotor;kvt;2000-07-01 00:00:00;;5,5;6,5;naturgas;naturgas;;0;1;;;0;;;;;;
2025;413;1068;1068-7;SMØRUM KRAFTVARME AMBA;2765;Smørum;240;Decentralt værk;4;Smørumnedre Fjernvarme;Kedel 2;Kedel;fvv;2010-01-01 00:00:00;;0;8,5;naturgas;naturgas;;0;1;;;0;;;;;;
2025;413;1068;1068-8;SMØRUM KRAFTVARME AMBA;2765;Smørum;240;Decentralt værk;4;Smørumnedre Fjernvarme;Kedel 1;Kedel;fvv;2013-05-31 00:00:00;;0;9,3;naturgas;naturgas;;0;1;;;0;;;;;;
2025;413;1068;1068-9;SMØRUM KRAFTVARME AMBA;2765;Smørum;240;Decentralt værk;4;Smørumnedre Fjernvarme;Elkedel (Ikke kvoteomfattet);Elpatron;fvv;2012-03-01 00:00:00;;0;10;elektricitet;elektricitet;;0;;;;0;;;;;1;
2025;413;2360;2360-1;SMØRUM KRAFTVARME AMBA;2765;Smørum;240;Fjernvarmeværk;4;Smørumnedre Fjernvarme;Solvarmeanlæg - 11312m2;Solvarme;fvv;2018-03-01 00:00:00;;0;7,9;solenergi;solenergi;;0;;;;0;;;1;;;
2025;413;2360;2360-2;SMØRUM KRAFTVARME AMBA;2765;Smørum;240;Fjernvarmeværk;4;Smørumnedre Fjernvarme;Varmepumpe - luft-vand;Varmepumpe Luft;fvv;2020-12-17 00:00:00;;0;5;omgivelsesvarme;omgivelsesvarme;;0;;;;0;;;;;0,340905808;0,659094192
2025;414;480;480-2;SNEDSTED VARMEVÆRK;7752;Snedsted;787;Decentralt værk;262;Snedsted Fjernvarme;Kedelanlæg;Kedel;fvv;1988-12-01 00:00:00;;0;4,1;naturgas;naturgas;;0;1;;;0;;;;;;
2025;414;480;480-3;SNEDSTED VARMEVÆRK;7752;Snedsted;787;Decentralt værk;262;Snedsted Fjernvarme;Oliefyret-kedel;Kedel;fvv;2012-01-01 00:00:00;;0;4;Ej i drift i 2025;Ej i drift i 2025;;;;;;;;;;;;
2025;414;480;480-4;SNEDSTED VARMEVÆRK;7752;Snedsted;787;Decentralt værk;262;Snedsted Fjernvarme;Caterpillar 3516;Forbrændingsmotor;kvt;1996-01-01 00:00:00;;1,03;1,5;Ej i drift i 2025;Ej i drift i 2025;;;;;;;;;;;;
2025;414;480;480-5;SNEDSTED VARMEVÆRK;7752;Snedsted;787;Decentralt værk;262;Snedsted Fjernvarme;Jenbacher 620;Forbrændingsmotor;kvt;2007-04-15 00:00:00;;3,03;4;naturgas;naturgas;;0;1;;;0;;;;;;
2025;414;480;480-6;SNEDSTED VARMEVÆRK;7752;Snedsted;787;Decentralt værk;262;Snedsted Fjernvarme;Elkedel;Elpatron;fvv;2011-04-01 00:00:00;;0;6;elektricitet;elektricitet;;0;;;;0;;;;;1;
2025;414;480;480-7;SNEDSTED VARMEVÆRK;7752;Snedsted;787;Decentralt værk;262;Snedsted Fjernvarme;Solvarmeanlæg;Solvarme;fvv;2015-07-01 00:00:00;;0;6;solenergi;solenergi;;0;;;;0;;;1;;;
2025;415;481;481-1;Solrød Fjernvarme a m b a;4622;Havdrup;269;Decentralt værk;339;Havdrup Fjernvarme;Loos Varmtvandskedel;Kedel;fvv;1991-02-01 00:00:00;;0;1;Ej i drift i 2025;Ej i drift i 2025;;;;;;;;;;;;
2025;415;481;481-3;Solrød Fjernvarme a m b a;4622;Havdrup;269;Decentralt værk;339;Havdrup Fjernvarme;Viessmann varmtvandskedel;Kedel;fvv;2018-11-01 00:00:00;;0;2;naturgas;naturgas;;0;1;;;0;;;;;;
2025;415;481;481-4;Solrød Fjernvarme a m b a;4622;Havdrup;269;Decentralt værk;339;Havdrup Fjernvarme;JMS 312 GS-B.L Biogasmotor;Forbrændingsmotor;kvt;2019-12-20 00:00:00;;0,527;0,671;biogas;biogas;;0;;;1;0;;;;;;
2025;415;2324;2324-1;Solrød Fjernvarme a m b a;4622;Havdrup;269;Fjernvarmeværk;339;Havdrup Fjernvarme;Solvarmeanlæg - 2569 m2;Solvarme;fvv;2016-12-31 00:00:00;;0;1,9;solenergi;solenergi;;0;;;;0;;;1;;;
2025;415;2324;2324-2;Solrød Fjernvarme a m b a;4622;Havdrup;269;Fjernvarmeværk;339;Havdrup Fjernvarme;Luft vandvarmepumpe;Varmepumpe Luft;fvv;2025-01-14 00:00:00;;0;1,2;omgivelsesvarme;omgivelsesvarme;;0;;;;0;;;;;0,429026651;0,570973349
2025;415;2429;2429-1;Solrød Fjernvarme a m b a;4622;Havdrup;269;Fjernvarmeværk;339;Havdrup Fjernvarme;Ørnesædet;Kedel;fvv;2020-09-01 00:00:00;;0;0,9;naturgas;naturgas;;0;1;;;0;;;;;;
2025;415;2481;2481-1;Solrød Fjernvarme a m b a;4623;Lille Skensved;269;Fjernvarmeværk;339;Havdrup Fjernvarme;Biogaskedel;Kedel;fvv;2025-06-02 00:00:00;;0;0,9;biogas;biogas;;0;;;1;0;;;;;;
2025;415;2482;2482-1;Solrød Fjernvarme a m b a;2680;Solrød Strand;269;Fjernvarmeværk;339;Havdrup Fjernvarme;Naturgaskedel;Kedel;fvv;2025-01-02 00:00:00;;0;0,85;naturgas;naturgas;;0;1;;;0;;;;;;
2025;418;487;487-2;SPJALD FJERNVARME- OG VANDVÆRK;6971;Spjald;760;Decentralt værk;191;Spjald Fjernvarme;Kedelanlæg;Kedel;fvv;1988-10-01 00:00:00;;0;7,15;naturgas;naturgas;;0;1;;;0;;;;;;
2025;418;487;487-3;SPJALD FJERNVARME- OG VANDVÆRK;6971;Spjald;760;Decentralt værk;191;Spjald Fjernvarme;Biogasmotor;Forbrændingsmotor;kvt;2016-04-15 00:00:00;;1,18;1,7;biogas;biogas;;0;;;1;0;;;;;;
2025;418;487;487-4;SPJALD FJERNVARME- OG VANDVÆRK;6971;Spjald;760;Decentralt værk;191;Spjald Fjernvarme;Varmepumpe;Varmepumpe røggas;fvv;2016-04-15 00:00:00;;0;0,5;elektricitet;elektricitet;;0;;;;0;;;;;1;
2025;418;487;487-5;SPJALD FJERNVARME- OG VANDVÆRK;6971;Spjald;760;Decentralt værk;191;Spjald Fjernvarme;Biogas kedel;Kedel;fvv;2018-11-01 00:00:00;;0;2,1;biogas;biogas;;0;;;1;0;;;;;;
2025;418;487;487-6;SPJALD FJERNVARME- OG VANDVÆRK;6971;Spjald;760;Decentralt værk;191;Spjald Fjernvarme;Elkedel;Elpatron;fvv;2022-02-01 00:00:00;;0;3;elektricitet;elektricitet;;0;;;;0;;;;;1;
2025;420;489;489-1;STENSTRUP FJERNVARME AMBA;5771;Stenstrup;479;Decentralt værk;74;Stenstrup Fjernvarme;Forbrændingsmotor;Forbrændingsmotor;kvt;1994-09-01 00:00:00;;1;1,9;naturgas;naturgas;;0;1;;;0;;;;;;
2025;420;489;489-2;STENSTRUP FJERNVARME AMBA;5771;Stenstrup;479;Decentralt værk;74;Stenstrup Fjernvarme;-;Kedel;fvv;2003-01-01 00:00:00;;0;4,3;naturgas;naturgas;;0;1;;;0;;;;;;
2025;420;1964;1964-1;STENSTRUP FJERNVARME AMBA;5771;Stenstrup;479;Fjernvarmeværk;74;Stenstrup Fjernvarme;Halmkedel;Kedel;fvv;2007-07-01 00:00:00;;0;2;halm;fast biomasse;;0;;;;1;;;;;;
2025;421;490;490-2;Stoholm Fjernvarmeværk;7850;Stoholm Jyll;791;Fjernvarmeværk;233;Stoholm Fjernvarme;Kedel 1;Kedel;fvv;2012-01-01 00:00:00;;0;4;naturgas;naturgas;;0;1;;;0;;;;;;
2025;421;490;490-3;Stoholm Fjernvarmeværk;7850;Stoholm Jyll;791;Fjernvarmeværk;233;Stoholm Fjernvarme;kedel 2;Kedel;fvv;2012-01-01 00:00:00;;0;2,15;naturgas;naturgas;;0;1;;;0;;;;;;
2025;421;1871;1871-1;Stoholm Fjernvarmeværk;7850;Stoholm Jyll;791;Decentralt værk;233;Stoholm Fjernvarme;Jenbacher 620;Forbrændingsmotor;kvt;2004-11-08 00:00:00;;3,05;3,64;naturgas;naturgas;;0;1;;;0;;;;;;
2025;421;1871;1871-2;Stoholm Fjernvarmeværk;7850;Stoholm Jyll;791;Decentralt værk;233;Stoholm Fjernvarme;Jenbacher 612;Forbrændingsmotor;kvt;2007-01-12 00:00:00;;1,82;2,25;naturgas;naturgas;;0;1;;;0;;;;;;
2025;421;1871;1871-3;Stoholm Fjernvarmeværk;7850;Stoholm Jyll;791;Decentralt værk;233;Stoholm Fjernvarme;Faust træpillekedel;Kedel;fvv;2016-01-01 00:00:00;;0;4;traepiller;fast biomasse;;0;;;;1;;;;;;
2025;421;2404;2404-1;Stoholm Fjernvarmeværk;7850;Stoholm Jyll;791;Fjernvarmeværk;233;Stoholm Fjernvarme;Varmepumpe;Varmepumpe Luft;fvv;2020-07-01 00:00:00;;0;2,7;omgivelsesvarme;omgivelsesvarme;;0;;;;0;;;;;0,306857143;0,693142857
2025;422;997;997-1;STRANDBY VARMEVÆRK AMBA;9970;Strandby;813;Decentralt værk;290;Strandby Fjernvarme;Kraftvarmeværket;Forbrændingsmotor;kvt;2003-01-01 00:00:00;;3,66;4,2;naturgas;naturgas;;0;1;;;0;;;;;;
2025;422;997;997-2;STRANDBY VARMEVÆRK AMBA;9970;Strandby;813;Decentralt værk;290;Strandby Fjernvarme;Solvarmeanlæg - 8019 m2;Solvarme;fvv;2009-02-01 00:00:00;;0;6;solenergi;solenergi;;0;;;;0;;;1;;;
2025;422;997;997-3;STRANDBY VARMEVÆRK AMBA;9970;Strandby;813;Decentralt værk;290;Strandby Fjernvarme;Elkedel;Elpatron;fvv;2012-10-01 00:00:00;;0;10;elektricitet;elektricitet;;0;;;;0;;;;;1;
2025;422;997;997-4;STRANDBY VARMEVÆRK AMBA;9970;Strandby;813;Decentralt værk;290;Strandby Fjernvarme;Gaskedelanlæg;Kedel;fvv;2000-01-01 00:00:00;;0;11;naturgas;naturgas;;0;1;;;0;;;;;;
2025;422;997;997-5;STRANDBY VARMEVÆRK AMBA;9970;Strandby;813;Decentralt værk;290;Strandby Fjernvarme;Eldrevet varmepumpe;Varmepumpe Luft;fvv;2019-12-17 00:00:00;;0;3,7;omgivelsesvarme;omgivelsesvarme;;0;;;;0;;;;;0,358656186;0,641343814
2025;423;231;231-1;STRUER ENERGI FJERNVARME A/S;7600;Struer;671;Decentralt værk;172;Holstebro-Struer Fjernvarme;Humlum Fjernvarme;Kedel;fvv;1964-01-01 00:00:00;;0;2,9;naturgas;naturgas;;0;1;;;0;;;;;;
2025;423;493;493-1;STRUER ENERGI FJERNVARME A/S;7600;Struer;671;Fjernvarmeværk;172;Holstebro-Struer Fjernvarme;Varmecentral Gimsing;Kedel;fvv;1992-01-01 00:00:00;;0;9;naturgas;naturgas;;0;1;;;0;;;;;;
2025;423;494;494-1;STRUER ENERGI FJERNVARME A/S;7560;Hjerm;671;Fjernvarmeværk;172;Holstebro-Struer Fjernvarme;Varmecentral Hjerm;Kedel;fvv;1991-01-01 00:00:00;;0;3,15;gasolie;olie;;1;;;;0;;;;;;
2025;423;495;495-1;STRUER ENERGI FJERNVARME A/S;7600;Struer;671;Fjernvarmeværk;172;Holstebro-Struer Fjernvarme;Varmecentral Vest;Kedel;fvv;1966-01-01 00:00:00;;0;16,2;naturgas;naturgas;;0;1;;;0;;;;;;
2025;423;496;496-1;STRUER ENERGI FJERNVARME A/S;7600;Struer;671;Fjernvarmeværk;172;Holstebro-Struer Fjernvarme;Gasoliekedel 1975;Kedel;fvv;1975-01-01 00:00:00;;0;6,9;gasolie;olie;;1;;;;0;;;;;;
2025;423;496;496-2;STRUER ENERGI FJERNVARME A/S;7600;Struer;671;Fjernvarmeværk;172;Holstebro-Struer Fjernvarme;Elkedel 2022;Elpatron;fvv;2022-01-01 00:00:00;;0;2,4;elektricitet;elektricitet;;0;;;;0;;;;;1;
2025;423;497;497-2;STRUER ENERGI FJERNVARME A/S;7600;Struer;671;Fjernvarmeværk;172;Holstebro-Struer Fjernvarme;Kedel 2;Kedel;fvv;2019-12-01 00:00:00;;0;4,7;gasolie;olie;;1;;;;0;;;;;;
2025;423;2029;2029-1;STRUER ENERGI FJERNVARME A/S;7600;Struer;671;Fjernvarmeværk;172;Holstebro-Struer Fjernvarme;Elkedel;Elpatron;fvv;2009-12-01 00:00:00;;0;0,9;elektricitet;elektricitet;;0;;;;0;;;;;1;
2025;423;2455;2455-1;STRUER ENERGI FJERNVARME A/S;7600;Struer;671;Erhvervsværk;172;Holstebro-Struer Fjernvarme;Varmepumpe;Varmepumpe Overskudsvarme;pvp;2023-01-01 00:00:00;;0;1,5;braendselsfrit;braendselsfrit;;0;;;;0;;0,707174065;;;0,292825935;
2025;426;499;499-10;Støvring Kraftvarmeværk A.m.b.a.;9530;Støvring;840;Decentralt værk;322;Støvring Fjernvarme;10 MW elkedel;Elpatron;fvv;2023-09-25 00:00:00;;0;10;elektricitet;elektricitet;;0;;;;0;;;;;1;
2025;426;499;499-11;Støvring Kraftvarmeværk A.m.b.a.;9530;Støvring;840;Decentralt værk;322;Støvring Fjernvarme;Varmepumpe luft 2;Varmepumpe Luft;fvv;2024-09-23 00:00:00;;0;3,31;omgivelsesvarme;omgivelsesvarme;;0;;;;0;;;;;0,312835789;0,687164211
2025;426;499;499-12;Støvring Kraftvarmeværk A.m.b.a.;9530;Støvring;840;Decentralt værk;322;Støvring Fjernvarme;Jenbacher motor 1;Forbrændingsmotor;kvt;2024-12-02 00:00:00;;2,999;3,85;naturgas;naturgas;;0;1;;;0;;;;;;
2025;426;499;499-13;Støvring Kraftvarmeværk A.m.b.a.;9530;Støvring;840;Decentralt værk;322;Støvring Fjernvarme;Jenbacher motor 2;Forbrændingsmotor;kvt;2024-01-10 00:00:00;;2,999;3,85;naturgas;naturgas;;0;1;;;0;;;;;;
2025;426;499;499-15;Støvring Kraftvarmeværk A.m.b.a.;9530;Støvring;840;Decentralt værk;322;Støvring Fjernvarme;Jenbacher motor 3;Forbrændingsmotor;kvt;2024-07-04 00:00:00;;2,999;3,85;naturgas;naturgas;;0;1;;;0;;;;;;
2025;426;499;499-5;Støvring Kraftvarmeværk A.m.b.a.;9530;Støvring;840;Decentralt værk;322;Støvring Fjernvarme;Ombygget kedel 2;Kedel;fvv;1973-01-01 00:00:00;;0;7,3;naturgas;naturgas;;0;1;;;0;;;;;;
2025;426;499;499-6;Støvring Kraftvarmeværk A.m.b.a.;9530;Støvring;840;Decentralt værk;322;Støvring Fjernvarme;ombygget kedel 3;Kedel;fvv;1978-01-01 00:00:00;;0;11,63;naturgas;naturgas;;0;1;;;0;;;;;;
2025;426;499;499-9;Støvring Kraftvarmeværk A.m.b.a.;9530;Støvring;840;Decentralt værk;322;Støvring Fjernvarme;Eldrevet varmepumpe. Luft/vand;Varmepumpe Luft;fvv;2019-10-01 00:00:00;;0;7,3;omgivelsesvarme;omgivelsesvarme;;0;;;;0;;;;;0,365789393;0,634210607
2025;429;503;503-2;Sunds Vand- og Varmeværk A.m.b.a.;7451;Sunds;657;Fjernvarmeværk;163;Herning-Ikast Fjernvarme;Linåvej - Naturgaskedel;Kedel;fvv;2014-11-01 00:00:00;;0;5;naturgas;naturgas;;0;1;;;0;;;;;;
2025;429;503;503-3;Sunds Vand- og Varmeværk A.m.b.a.;7451;Sunds;657;Fjernvarmeværk;163;Herning-Ikast Fjernvarme;Linåvej - Gasoliekedel;Kedel;fvv;1978-06-01 00:00:00;;0;2,9;gasolie;olie;;1;;;;0;;;;;;
2025;429;503;503-4;Sunds Vand- og Varmeværk A.m.b.a.;7451;Sunds;657;Fjernvarmeværk;163;Herning-Ikast Fjernvarme;Gaskedel 2;Kedel;fvv;2019-04-01 00:00:00;;0;8,6;naturgas;naturgas;;0;1;;;0;;;;;;
2025;430;504;504-1;SVEBØLLE-VISKINGE FJERNVARMESELSKAB A.M.B.A. V/SVEND MYLLER;4470;Svebølle;326;Fjernvarmeværk;24;Svebølle-Viskinge Fjernvarme;Fliskedel 1;Kedel;fvv;1992-09-03 00:00:00;;0;2,16;skovflis;fast biomasse;;0;;;;1;;;;;;
2025;430;504;504-4;SVEBØLLE-VISKINGE FJERNVARMESELSKAB A.M.B.A. V/SVEND MYLLER;4470;Svebølle;326;Fjernvarmeværk;24;Svebølle-Viskinge Fjernvarme;Rapsolie-kedel;Kedel;fvv;2003-12-01 00:00:00;;0;6;Ej i drift i 2025;Ej i drift i 2025;;;;;;;;;;;;
2025;430;504;504-6;SVEBØLLE-VISKINGE FJERNVARMESELSKAB A.M.B.A. V/SVEND MYLLER;4470;Svebølle;326;Fjernvarmeværk;24;Svebølle-Viskinge Fjernvarme;Fliskedel 2;Kedel;fvv;2010-11-01 00:00:00;;0;3,4;skovflis;fast biomasse;;0;;;;1;;;;;;
2025;430;504;504-7;SVEBØLLE-VISKINGE FJERNVARMESELSKAB A.M.B.A. V/SVEND MYLLER;4470;Svebølle;326;Fjernvarmeværk;24;Svebølle-Viskinge Fjernvarme;"Solvarmeanlæg - 10.000&#43;1000 m2";Solvarme;fvv;2011-05-01 00:00:00;;0;7,7;solenergi;solenergi;;0;;;;0;;;1;;;
2025;431;505;505-1;Svendborg Fjernvarme A.m.b.a;5700;Svendborg;479;Fjernvarmeværk;87;Svendborg Fjernvarme;Oliekedel 4;Kedel;fvv;1990-01-01 00:00:00;;0;17,45;bio-olie;bio-olie;;0;;;;0;1;;;;;
2025;431;505;505-4;Svendborg Fjernvarme A.m.b.a;5700;Svendborg;479;Fjernvarmeværk;87;Svendborg Fjernvarme;Oliekedel 5;Kedel;fvv;2000-01-09 00:00:00;;0;6;bio-olie;bio-olie;;0;;;;0;1;;;;;
2025;431;506;506-1;Svendborg Fjernvarme A.m.b.a;5700;Svendborg;479;Fjernvarmeværk;87;Svendborg Fjernvarme;Kedel 1.;Kedel;fvv;1997-01-01 00:00:00;;0;14;bio-olie;bio-olie;;0;;;;0;1;;;;;
2025;431;506;506-3;Svendborg Fjernvarme A.m.b.a;5700;Svendborg;479;Fjernvarmeværk;87;Svendborg Fjernvarme;Kedel 3.;Kedel;fvv;1985-01-01 00:00:00;;0;11,5;bio-olie;bio-olie;;0;;;;0;1;;;;;
2025;431;1959;1959-1;Svendborg Fjernvarme A.m.b.a;5700;Svendborg;479;Decentralt værk;87;Svendborg Fjernvarme;Gasmotor 1;Forbrændingsmotor;kvt;1997-07-01 00:00:00;;5,5;6,7;naturgas;naturgas;;0;1;;;0;;;;;;
2025;431;1959;1959-2;Svendborg Fjernvarme A.m.b.a;5700;Svendborg;479;Decentralt værk;87;Svendborg Fjernvarme;Gasmotor 2;Forbrændingsmotor;kvt;1997-07-01 00:00:00;;5,5;6,7;naturgas;naturgas;;0;1;;;0;;;;;;
2025;431;1959;1959-3;Svendborg Fjernvarme A.m.b.a;5700;Svendborg;479;Decentralt værk;87;Svendborg Fjernvarme;Gasmotor 3;Forbrændingsmotor;kvt;1997-07-01 00:00:00;;5,5;6,7;naturgas;naturgas;;0;1;;;0;;;;;;
2025;431;1959;1959-4;Svendborg Fjernvarme A.m.b.a;5700;Svendborg;479;Decentralt værk;87;Svendborg Fjernvarme;Gaskedel 1;Kedel;fvv;2008-02-08 00:00:00;;0;15;naturgas;naturgas;;0;1;;;0;;;;;;
2025;431;1959;1959-5;Svendborg Fjernvarme A.m.b.a;5700;Svendborg;479;Decentralt værk;87;Svendborg Fjernvarme;Gaskedel 2;Kedel;fvv;2008-02-08 00:00:00;;0;15;naturgas;naturgas;;0;1;;;0;;;;;;
2025;431;1959;1959-6;Svendborg Fjernvarme A.m.b.a;5700;Svendborg;479;Decentralt værk;87;Svendborg Fjernvarme;25 MW Elkedel;Elpatron;fvv;2017-02-01 00:00:00;;0;25;elektricitet;elektricitet;;0;;;;0;;;;;1;
2025;431;1959;1959-7;Svendborg Fjernvarme A.m.b.a;5700;Svendborg;479;Decentralt værk;87;Svendborg Fjernvarme;Varmepumpe;Varmepumpe Luft;fvv;2022-01-01 00:00:00;;0;16;omgivelsesvarme;omgivelsesvarme;;0;;;;0;;;;;0,355443375;0,644556625
2025;434;1825;1825-1;Svogerslev Fjernvarme;4000;Roskilde;265;Fjernvarmeværk;2;Storkøbenhavns Fjernvarme;Kedel 1;Kedel;fvv;1968-04-30 00:00:00;;0;5,1;naturgas;naturgas;;0;1;;;0;;;;;;
2025;434;1825;1825-2;Svogerslev Fjernvarme;4000;Roskilde;265;Fjernvarmeværk;2;Storkøbenhavns Fjernvarme;Kedel 2;Kedel;fvv;1966-01-01 00:00:00;;0;5;naturgas;naturgas;;0;1;;;0;;;;;;
2025;434;1825;1825-3;Svogerslev Fjernvarme;4000;Roskilde;265;Fjernvarmeværk;2;Storkøbenhavns Fjernvarme;Kedel 3;Kedel;fvv;1975-01-01 00:00:00;;0;3,2;naturgas;naturgas;;0;1;;;0;;;;;;
2025;434;1825;1825-4;Svogerslev Fjernvarme;4000;Roskilde;265;Fjernvarmeværk;2;Storkøbenhavns Fjernvarme;Kedel 4;Kedel;fvv;1972-01-01 00:00:00;;0;6,4;naturgas;naturgas;;0;1;;;0;;;;;;
2025;436;509;509-10;SÆBY VARMEVÆRK A M B A;9300;Sæby;813;Decentralt værk;325;Sæby Fjernvarme;Solvarmeanlæg 2 - 25.300 m²;Solvarme;fvv;2019-05-13 00:00:00;;0;17;solenergi;solenergi;;0;;;;0;;;1;;;
2025;436;509;509-12;SÆBY VARMEVÆRK A M B A;9300;Sæby;813;Decentralt værk;325;Sæby Fjernvarme;Luft/vand Varmepumpe;Varmepumpe Luft;fvv;2023-04-01 00:00:00;;0;5;omgivelsesvarme;omgivelsesvarme;;0;;;;0;;;;;0,34869186;0,65130814
2025;436;509;509-3;SÆBY VARMEVÆRK A M B A;9300;Sæby;813;Decentralt værk;325;Sæby Fjernvarme;Gaskedel 3;Kedel;fvv;1988-01-01 00:00:00;;0;11,6;Ej i drift i 2025;Ej i drift i 2025;;;;;;;;;;;;
2025;436;509;509-4;SÆBY VARMEVÆRK A M B A;9300;Sæby;813;Decentralt værk;325;Sæby Fjernvarme;Motor M1;Forbrændingsmotor;kvt;2001-11-06 00:00:00;;6;8,5;naturgas;naturgas;;0;1;;;0;;;;;;
2025;436;509;509-5;SÆBY VARMEVÆRK A M B A;9300;Sæby;813;Decentralt værk;325;Sæby Fjernvarme;Motor M2;Forbrændingsmotor;kvt;2001-11-06 00:00:00;;6;8,5;naturgas;naturgas;;0;1;;;0;;;0;;;
2025;436;509;509-7;SÆBY VARMEVÆRK A M B A;9300;Sæby;813;Decentralt værk;325;Sæby Fjernvarme;Elkedel;Elpatron;fvv;2009-11-04 00:00:00;;0;12;elektricitet;elektricitet;;0;;;;0;;;;;1;
2025;436;509;509-8;SÆBY VARMEVÆRK A M B A;9300;Sæby;813;Decentralt værk;325;Sæby Fjernvarme;Solvarmeanlæg 1 - 11866 m2;Solvarme;fvv;2011-07-01 00:00:00;;0;8;solenergi;solenergi;;0;;;;0;;;1;;;
2025;436;509;509-9;SÆBY VARMEVÆRK A M B A;9300;Sæby;813;Decentralt værk;325;Sæby Fjernvarme;Gaskedel 4;Kedel;fvv;2017-04-03 00:00:00;;0;17,5;naturgas;naturgas;;0;1;;;0;;;;;;
2025;439;516;516-1;SØNDERHOLM VARMEVÆRK AMBA;9240;Nibe;851;Decentralt værk;330;Sønderholm Fjernvarme;Motoranlæg;Forbrændingsmotor;kvt;1992-02-01 00:00:00;;1,01;1,52;naturgas;naturgas;;0;1;;;0;;;;;;
2025;439;516;516-2;SØNDERHOLM VARMEVÆRK AMBA;9240;Nibe;851;Decentralt værk;330;Sønderholm Fjernvarme;Kedelanlæg;Kedel;fvv;1991-01-01 00:00:00;;0;2,1;naturgas;naturgas;;0;1;;;0;;;;;;
2025;439;516;516-3;SØNDERHOLM VARMEVÆRK AMBA;9240;Nibe;851;Decentralt værk;330;Sønderholm Fjernvarme;Biokeddel;Kedel;fvv;2013-02-15 00:00:00;;0;0,9;traepiller;fast biomasse;;0;;;;1;;;;;;
2025;439;516;516-4;SØNDERHOLM VARMEVÆRK AMBA;9240;Nibe;851;Decentralt værk;330;Sønderholm Fjernvarme;Solvarmeanlæg - 4200m2;Solvarme;fvv;2019-01-29 00:00:00;;0;2,9;solenergi;solenergi;;0;;;;0;;;1;;;
2025;443;525;525-1;THISTED VARMEFORSYNING A M B A;7700;Thisted;787;Fjernvarmeværk;261;Thisted Fjernvarme;Hedtvandskedel Naturgas;Kedel;fvv;1988-01-01 00:00:00;2025-08-01 00:00:00;0;11;naturgas;naturgas;;0;1;;;0;;;;;;
2025;443;525;525-2;THISTED VARMEFORSYNING A M B A;7700;Thisted;787;Fjernvarmeværk;261;Thisted Fjernvarme;Geotermi (ikke kvoteomfattet);Geotermi;fvv;1988-01-01 00:00:00;;0;8,3;braendselsfrit;braendselsfrit;;0;;;;0;;1;;;;
2025;443;525;525-4;THISTED VARMEFORSYNING A M B A;7700;Thisted;787;Fjernvarmeværk;261;Thisted Fjernvarme;Kedel Halmvarme P006;Kedel;fvv;2005-11-01 00:00:00;;0;9,8;halm;fast biomasse;;0;;;;1;;;;;;
2025;443;526;526-1;THISTED VARMEFORSYNING A M B A;7700;Thisted;787;Fjernvarmeværk;261;Thisted Fjernvarme;Central Vest;Kedel;fvv;1961-01-01 00:00:00;2026-01-01 00:00:00;0;17,5;naturgas;naturgas;;0;1;;;0;;;;;;
2025;443;526;526-2;THISTED VARMEFORSYNING A M B A;7700;Thisted;787;Fjernvarmeværk;261;Thisted Fjernvarme;Oliekedel vest;Kedel;fvv;1967-01-01 00:00:00;;0;10;Ej i drift i 2025;Ej i drift i 2025;;;;;;;;;;;;
2025;443;529;529-1;THISTED VARMEFORSYNING A M B A;7700;Thisted;787;Decentralt værk;261;Thisted Fjernvarme;Nord-N-Gas;Kedel;fvv;1967-01-01 00:00:00;2025-12-12 00:00:00;0;27,5;naturgas;naturgas;;0;1;;;0;;;;;;
2025;443;529;529-2;THISTED VARMEFORSYNING A M B A;7700;Thisted;787;Decentralt værk;261;Thisted Fjernvarme;Gen. Nord;Forbrændingsmotor;kvt;1997-11-01 00:00:00;;0,32;0,55;naturgas;naturgas;;0;1;;;0;;;;;;
2025;443;529;529-3;THISTED VARMEFORSYNING A M B A;7700;Thisted;787;Decentralt værk;261;Thisted Fjernvarme;Gen. Nord;Forbrændingsmotor;kvt;1997-11-01 00:00:00;;0,32;0,55;naturgas;naturgas;;0;1;;;0;;;;;;
2025;443;529;529-4;THISTED VARMEFORSYNING A M B A;7700;Thisted;787;Decentralt værk;261;Thisted Fjernvarme;Olie kedel Nord;Kedel;fvv;1967-01-01 00:00:00;;0;10;Ej i drift i 2025;Ej i drift i 2025;;;;;;;;;;;;
2025;443;630;630-1;THISTED VARMEFORSYNING A M B A;7700;Thisted;787;Fjernvarmeværk;261;Thisted Fjernvarme;Østerild Fjernvarme;Kedel;fvv;1991-07-01 00:00:00;2025-08-01 00:00:00;0;4;Ej i drift i 2025;Ej i drift i 2025;;;;;;;;;;;;
2025;443;681;681-1;THISTED VARMEFORSYNING A M B A;7700;Thisted;787;Decentralt værk;261;Thisted Fjernvarme;Jenbacher 316 (2 generatorer);Forbrændingsmotor;kvt;1994-11-01 00:00:00;;1,47;2,1;naturgas;naturgas;;0;1;;;0;;;;;;
2025;443;681;681-2;THISTED VARMEFORSYNING A M B A;7700;Thisted;787;Decentralt værk;261;Thisted Fjernvarme;Kedel;Kedel;fvv;1994-11-01 00:00:00;2025-08-01 00:00:00;0;1,422;naturgas;naturgas;;0;1;;;0;;;;;;
2025;443;682;682-1;THISTED VARMEFORSYNING A M B A;7700;Thisted;787;Decentralt værk;261;Thisted Fjernvarme;Jenbacher 316 (2 generatorer);Forbrændingsmotor;kvt;1993-01-01 00:00:00;2025-08-01 00:00:00;0,74;0,81;Ej i drift i 2025;Ej i drift i 2025;;;;;;;;;;;;
2025;443;682;682-2;THISTED VARMEFORSYNING A M B A;7700;Thisted;787;Decentralt værk;261;Thisted Fjernvarme;Danstoker;Kedel;fvv;1993-01-01 00:00:00;2025-08-01 00:00:00;0;1,454;Ej i drift i 2025;Ej i drift i 2025;;;;;;;;;;;;
2025;443;699;699-1;THISTED VARMEFORSYNING A M B A;7700;Thisted;787;Decentralt værk;261;Thisted Fjernvarme;I/S Kraftvarmeværk Thisted;Dampturbine;pev;1991-01-01 00:00:00;;3,3;14,2;affald;affald;;0;;0,983490809;;0,016509191;;;;;;
2025;443;2478;2478-1;THISTED VARMEFORSYNING A M B A;7700;Thisted;787;Fjernvarmeværk;261;Thisted Fjernvarme;Kedel Halmvarme P021;Kedel;fvv;2025-01-10 00:00:00;;0;9,9;halm;fast biomasse;;0;;;;1;;;;;;
2025;443;2478;2478-2;THISTED VARMEFORSYNING A M B A;7700;Thisted;787;Fjernvarmeværk;261;Thisted Fjernvarme;Kedel Halmvarme P022;Kedel;fvv;2025-01-01 00:00:00;;0;9,9;halm;fast biomasse;;0;;;;1;;;;;;
2025;444;530;530-1;THORSAGER FJERNVARMEVÆRK A M B A;8410;Rønde;706;Fjernvarmeværk;224;Thorsager Fjernvarme;Weiss Halmkedel;Kedel;fvv;2007-09-01 00:00:00;;0;3,15;halm;fast biomasse;;0;;;;1;;;;;;
2025;444;530;530-2;THORSAGER FJERNVARMEVÆRK A M B A;8410;Rønde;706;Fjernvarmeværk;224;Thorsager Fjernvarme;Danstoker Oliekedel;Kedel;fvv;1989-11-01 00:00:00;;0;3,15;Ej i drift i 2025;Ej i drift i 2025;;;;;;;;;;;;
2025;445;531;531-1;THORSØ FJERNVARMEVÆRK A M B A;8881;Thorsø;710;Decentralt værk;239;Thorsø Fjernvarme;Kraftvarmeanlæg;Forbrændingsmotor;kvt;2018-03-06 00:00:00;;2,1;2,8;biogas;biogas;;0;0,297173987;;0,702826013;0;;;;;;
2025;445;531;531-2;THORSØ FJERNVARMEVÆRK A M B A;8881;Thorsø;710;Decentralt værk;239;Thorsø Fjernvarme;Kedelanlæg;Kedel;fvv;1986-01-01 00:00:00;;0;4;naturgas;naturgas;;0;1;;0;0;;;;;;
2025;445;531;531-3;THORSØ FJERNVARMEVÆRK A M B A;8881;Thorsø;710;Decentralt værk;239;Thorsø Fjernvarme;Keldel;Kedel;fvv;2001-01-01 00:00:00;;0;2,3;naturgas;naturgas;;0;1;;;0;;;;;;
2025;445;531;531-4;THORSØ FJERNVARMEVÆRK A M B A;8881;Thorsø;710;Decentralt værk;239;Thorsø Fjernvarme;Flis-kedel KSM;Kedel;fvv;2023-01-15 00:00:00;;0;1,9;skovflis;fast biomasse;;0;;;;1;;;;;;
2025;445;2400;2400-1;THORSØ FJERNVARMEVÆRK A M B A;8881;Thorsø;710;Fjernvarmeværk;239;Thorsø Fjernvarme;Varmepumpe, Johnson Controls;Varmepumpe Overskudsvarme;fvv;2020-12-01 00:00:00;;0;1,2;braendselsfrit;braendselsfrit;;0;;;;0;;0,917338649;;;0,082661351;
2025;446;532;532-1;TIM KRAFTVARMEVÆRK A M B A;6980;Tim;760;Decentralt værk;182;Tim Fjernvarme;Kraftvarmeværk;Forbrændingsmotor;kvt;1991-01-01 00:00:00;;2;3,5;naturgas;naturgas;;0;1;;;0;;;;;;
2025;446;532;532-2;TIM KRAFTVARMEVÆRK A M B A;6980;Tim;760;Decentralt værk;182;Tim Fjernvarme;Kedelanlæg;Kedel;fvv;1991-01-01 00:00:00;;0;1;naturgas;naturgas;;0;1;;;0;;;;;;
2025;446;532;532-3;TIM KRAFTVARMEVÆRK A M B A;6980;Tim;760;Decentralt værk;182;Tim Fjernvarme;Solvarme;Solvarme;fvv;2013-10-01 00:00:00;;0;1;solenergi;solenergi;;0;;;;0;;;1;;;
2025;446;532;532-4;TIM KRAFTVARMEVÆRK A M B A;6980;Tim;760;Decentralt værk;182;Tim Fjernvarme;Varmepumpe;Varmepumpe Luft;fvv;2019-01-01 00:00:00;;0;1,2;omgivelsesvarme;omgivelsesvarme;;0;;;;0;;;;;0,299350466;0,700649534
2025;446;532;532-5;TIM KRAFTVARMEVÆRK A M B A;6980;Tim;760;Decentralt værk;182;Tim Fjernvarme;Elpatron;Elpatron;fvv;2023-05-15 00:00:00;;0;2,4;elektricitet;elektricitet;;0;;;;0;;;;;1;
2025;448;533;533-10;TOFTLUND FJERNVARME A.M.B.A.;6520;Toftlund;550;Decentralt værk;109;Toftlund Fjernvarme;10 MW elkedel;Elpatron;fvv;2024-02-01 00:00:00;;0;10;elektricitet;elektricitet;;0;;;;0;;;;;1;
2025;448;533;533-2;TOFTLUND FJERNVARME A.M.B.A.;6520;Toftlund;550;Decentralt værk;109;Toftlund Fjernvarme;Motoranlæg;Forbrændingsmotor;kvt;1995-01-01 00:00:00;;5,5;6,5;naturgas;naturgas;;0;1;;;0;;;;;;
2025;448;533;533-5;TOFTLUND FJERNVARME A.M.B.A.;6520;Toftlund;550;Decentralt værk;109;Toftlund Fjernvarme;Solvarmeanlæg (27115 m2 fra 2016 - tidl. 11.000 m2);Solvarme;fvv;2014-01-01 00:00:00;;0;6,5;solenergi;solenergi;;0;;;;0;;;1;;;
2025;448;533;533-6;TOFTLUND FJERNVARME A.M.B.A.;6520;Toftlund;550;Decentralt værk;109;Toftlund Fjernvarme;Elkedel;Elpatron;fvv;2016-09-22 00:00:00;;0;2,9;Ej i drift i 2025;Ej i drift i 2025;;;;;;;;;;;;
2025;448;533;533-7;TOFTLUND FJERNVARME A.M.B.A.;6520;Toftlund;550;Decentralt værk;109;Toftlund Fjernvarme;Kedelanlæg 4,4;Kedel;fvv;2016-08-01 00:00:00;;0;4,4;naturgas;naturgas;;0;1;;;0;;;;;;
2025;448;533;533-9;TOFTLUND FJERNVARME A.M.B.A.;6520;Toftlund;550;Decentralt værk;109;Toftlund Fjernvarme;Træpillekedel;Kedel;fvv;2023-11-01 00:00:00;;0;3,2;traepiller;fast biomasse;;0;;;;1;;;;;;
2025;449;534;534-3;TOMMERUP BYS FJERNVARMEFORSYNING;5690;Tommerup;420;Fjernvarmeværk;90;Tommerup Fjernvarme I/S (fusion af Tommerup by Fjernvarme og Tommerup Stationsby Fjernvarme);Danstoker;Kedel;fvv;2003-09-05 00:00:00;;0;3,5;skovflis;fast biomasse;;0;;;;1;;;;;;
2025;449;534;534-4;TOMMERUP BYS FJERNVARMEFORSYNING;5690;Tommerup;420;Fjernvarmeværk;90;Tommerup Fjernvarme I/S (fusion af Tommerup by Fjernvarme og Tommerup Stationsby Fjernvarme);Gaskedel;Kedel;fvv;2012-10-01 00:00:00;;0;5;naturgas;naturgas;;0;1;;;0;;;;;;
2025;449;2293;2293-1;TOMMERUP BYS FJERNVARMEFORSYNING;5690;Tommerup;420;Fjernvarmeværk;90;Tommerup Fjernvarme I/S (fusion af Tommerup by Fjernvarme og Tommerup Stationsby Fjernvarme);Solvarmeanlæg - 15120m2;Solvarme;fvv;2016-06-01 00:00:00;;0;14;solenergi;solenergi;;0;;;;0;;;1;;;
2025;449;2293;2293-2;TOMMERUP BYS FJERNVARMEFORSYNING;5690;Tommerup;420;Fjernvarmeværk;90;Tommerup Fjernvarme I/S (fusion af Tommerup by Fjernvarme og Tommerup Stationsby Fjernvarme);Parat El kedel;Elpatron;fvv;2025-01-01 00:00:00;;0;10;elektricitet;elektricitet;;0;;;;0;;;;;1;
2025;450;535;535-1;TOMMERUP ST VARMEFORSYNING A M B A;5690;Tommerup;420;Decentralt værk;90;Tommerup Fjernvarme I/S (fusion af Tommerup by Fjernvarme og Tommerup Stationsby Fjernvarme);Kraftvarmeanlæg;Forbrændingsmotor;kvt;1990-01-01 00:00:00;;0,85;1,4;naturgas;naturgas;;0;1;;;0;;;;;;
2025;450;535;535-2;TOMMERUP ST VARMEFORSYNING A M B A;5690;Tommerup;420;Decentralt værk;90;Tommerup Fjernvarme I/S (fusion af Tommerup by Fjernvarme og Tommerup Stationsby Fjernvarme);Gaskedel;Kedel;fvv;1984-05-01 00:00:00;;0;3,15;naturgas;naturgas;;0;1;;;0;;;;;;
2025;450;535;535-4;TOMMERUP ST VARMEFORSYNING A M B A;5690;Tommerup;420;Decentralt værk;90;Tommerup Fjernvarme I/S (fusion af Tommerup by Fjernvarme og Tommerup Stationsby Fjernvarme);Varmepumpe;Varmepumpe Luft;fvv;2020-12-28 00:00:00;;0;2;omgivelsesvarme;omgivelsesvarme;;0;;;;0;;;;;0,333341868;0,666658132
2025;450;535;535-5;TOMMERUP ST VARMEFORSYNING A M B A;5690;Tommerup;420;Decentralt værk;90;Tommerup Fjernvarme I/S (fusion af Tommerup by Fjernvarme og Tommerup Stationsby Fjernvarme);Varmepumpe;Varmepumpe Luft;fvv;2024-02-08 00:00:00;;0;1,8;omgivelsesvarme;omgivelsesvarme;;0;;;;0;;;;;0,400004411;0,599995589
2025;451;536;536-2;TRANBJERG VARMEVÆRK A M B A;8310;Tranbjerg J;751;Fjernvarmeværk;206;Århus Fjernvarme;Kedel 1;Kedel;fvv;1998-01-01 00:00:00;;0;16;gasolie;olie;;1;;;;0;;;;;;
2025;451;536;536-3;TRANBJERG VARMEVÆRK A M B A;8310;Tranbjerg J;751;Fjernvarmeværk;206;Århus Fjernvarme;Kedel 2;Kedel;fvv;2006-08-18 00:00:00;;0;11,6;gasolie;olie;;1;;;;0;;;;;;
2025;460;543;543-1;Tårs Varmeværk;9830;Tårs;860;Decentralt værk;299;Tårs Fjernvarme;Naturgas Kedel 3;Kedel;fvv;1987-01-01 00:00:00;;0;5,6;naturgas;naturgas;;0;1;;;0;;;;;;
2025;460;543;543-2;Tårs Varmeværk;9830;Tårs;860;Decentralt værk;299;Tårs Fjernvarme;Naturgas Kedel 2;Kedel;fvv;1987-01-01 00:00:00;2025-05-15 00:00:00;0;2,5;Ej i drift i 2025;Ej i drift i 2025;;;;;;;;;;;;
2025;460;543;543-3;Tårs Varmeværk;9830;Tårs;860;Decentralt værk;299;Tårs Fjernvarme;Rolls-Royce B35:40V-12AG;Forbrændingsmotor;kvt;2006-08-18 00:00:00;;4,99;5,3;naturgas;naturgas;;0;1;;;0;;;;;;
2025;460;543;543-5;Tårs Varmeværk;9830;Tårs;860;Decentralt værk;299;Tårs Fjernvarme;Arcon-Sunmark;Solvarme;fvv;2015-07-27 00:00:00;;0;4;solenergi;solenergi;;0;;;;0;;;1;;;
2025;460;543;543-6;Tårs Varmeværk;9830;Tårs;860;Decentralt værk;299;Tårs Fjernvarme;Aalborg CSP;Solvarme;fvv;2015-07-27 00:00:00;;0;2,5;solenergi;solenergi;;0;;;;0;;;1;;;
2025;460;2463;2463-1;Tårs Varmeværk;9830;Tårs;860;Fjernvarmeværk;299;Tårs Fjernvarme;Fenagy;Varmepumpe Luft;fvv;2024-12-15 00:00:00;;0;2,6;omgivelsesvarme;omgivelsesvarme;;0;;;;0;;;;;0,344663365;0,655336635
2025;462;545;545-1;TØNDER FJERNVARMESELSKAB A.M.B.A.;6270;Tønder;550;Fjernvarmeværk;115;Tønder Fjernvarme;Østergade kedel 1;Kedel;fvv;1989-06-01 00:00:00;;0;10;naturgas;naturgas;;0;1;;;0;;;;;;
2025;462;1352;1352-1;TØNDER FJERNVARMESELSKAB A.M.B.A.;6270;Tønder;550;Fjernvarmeværk;115;Tønder Fjernvarme;Reservelastcentral kedel 2;Kedel;fvv;1996-01-01 00:00:00;;0;10;naturgas;naturgas;;0;1;;;0;;;;;;
2025;462;1352;1352-2;TØNDER FJERNVARMESELSKAB A.M.B.A.;6270;Tønder;550;Fjernvarmeværk;115;Tønder Fjernvarme;Reservelastcentral kedel 1;Kedel;fvv;1996-01-01 00:00:00;;0;5;naturgas;naturgas;;0;1;;;0;;;;;;
2025;462;2272;2272-1;TØNDER FJERNVARMESELSKAB A.M.B.A.;6270;Tønder;550;Fjernvarmeværk;115;Tønder Fjernvarme;Gaskedel;Kedel;fvv;2016-09-01 00:00:00;;0;12;naturgas;naturgas;;0;1;;;0;;;;;;
2025;462;2272;2272-2;TØNDER FJERNVARMESELSKAB A.M.B.A.;6270;Tønder;550;Fjernvarmeværk;115;Tønder Fjernvarme;Fliskedel;Kedel;fvv;2021-01-28 00:00:00;;0;3,75;skovflis;fast biomasse;;0;;;;1;;;;;;
2025;462;2272;2272-3;TØNDER FJERNVARMESELSKAB A.M.B.A.;6270;Tønder;550;Fjernvarmeværk;115;Tønder Fjernvarme;El kedel;Elpatron;fvv;2021-09-01 00:00:00;;0;15;elektricitet;elektricitet;;0;;;;0;;;;;1;
2025;462;2272;2272-4;TØNDER FJERNVARMESELSKAB A.M.B.A.;6270;Tønder;550;Fjernvarmeværk;115;Tønder Fjernvarme;Fliskedel 2;Kedel;fvv;2025-10-01 00:00:00;;0;10;skovflis;fast biomasse;;0;;;;1;;;;;;
2025;462;2337;2337-1;TØNDER FJERNVARMESELSKAB A.M.B.A.;6270;Tønder;550;Fjernvarmeværk;115;Tønder Fjernvarme;Varmepumpe 1;Varmepumpe Luft;fvv;2018-06-01 00:00:00;;0;2;omgivelsesvarme;omgivelsesvarme;;0;;;;0;;;;;0,272232178;0,727767822
2025;462;2337;2337-2;TØNDER FJERNVARMESELSKAB A.M.B.A.;6270;Tønder;550;Fjernvarmeværk;115;Tønder Fjernvarme;Varmepumpe 2;Varmepumpe Luft;fvv;2018-06-01 00:00:00;;0;2;omgivelsesvarme;omgivelsesvarme;;0;;;;0;;;;;0,272243471;0,727756529
2025;463;547;547-15;Tørring Kraftvarmeværk A.M.B.A.;7160;Tørring;766;Decentralt værk;153;Tørring Fjernvarme;El Kedel;Elpatron;fvv;2023-03-01 00:00:00;;0;8;elektricitet;elektricitet;;0;;;;0;;;;;1;
2025;463;547;547-2;Tørring Kraftvarmeværk A.M.B.A.;7160;Tørring;766;Decentralt værk;153;Tørring Fjernvarme;Tørring Kraftvarmeværk;Kedel;fvv;2012-01-01 00:00:00;;0;3,15;naturgas;naturgas;;0;1;;;0;;;;;;
2025;463;547;547-3;Tørring Kraftvarmeværk A.M.B.A.;7160;Tørring;766;Decentralt værk;153;Tørring Fjernvarme;Tørring Kraftvarmeværk;Kedel;fvv;2012-01-01 00:00:00;;0;3,66;naturgas;naturgas;;0;1;;;0;;;;;;
2025;463;547;547-5;Tørring Kraftvarmeværk A.M.B.A.;7160;Tørring;766;Decentralt værk;153;Tørring Fjernvarme;Rolls-Royce;Forbrændingsmotor;kvt;2003-10-21 00:00:00;;5,1;5,3;naturgas;naturgas;;0;1;;;0;;;;;;
2025;463;547;547-8;Tørring Kraftvarmeværk A.M.B.A.;7160;Tørring;766;Decentralt værk;153;Tørring Fjernvarme;Pillefyr;Kedel;fvv;2013-06-11 00:00:00;;0;0,95;traepiller;fast biomasse;;0;;;;1;;;;;;
2025;463;2043;2043-1;Tørring Kraftvarmeværk A.M.B.A.;7160;Tørring;766;Fjernvarmeværk;153;Tørring Fjernvarme;Solvarmeanlæg - 7455 m2 (Sunmark);Solvarme;fvv;2009-06-01 00:00:00;;0;4,6;solenergi;solenergi;;0;;;;0;;;1;;;
2025;463;2043;2043-2;Tørring Kraftvarmeværk A.M.B.A.;7160;Tørring;766;Fjernvarmeværk;153;Tørring Fjernvarme;udv solvarme-2016;Solvarme;fvv;2016-06-20 00:00:00;;0;6;solenergi;solenergi;;0;;;;0;;;1;;;
2025;463;2043;2043-3;Tørring Kraftvarmeværk A.M.B.A.;7160;Tørring;766;Fjernvarmeværk;153;Tørring Fjernvarme;Varmepumpe;Varmepumpe Solvarme;fvv;2020-12-01 00:00:00;;0;1,2;solenergi;solenergi;;0;;;;0;;;0,643509666;;0,356490334;
2025;463;2043;2043-4;Tørring Kraftvarmeværk A.M.B.A.;7160;Tørring;766;Fjernvarmeværk;153;Tørring Fjernvarme;Nødgenerator;Nødstrømsanlæg;kvt;2022-03-28 00:00:00;;0,088;0;Ej i drift i 2025;Ej i drift i 2025;;;;;;;;;;;;
2025;463;2451;2451-2;Tørring Kraftvarmeværk A.M.B.A.;7160;Tørring;766;Fjernvarmeværk;153;Tørring Fjernvarme;Træpille containeranlæg 2;Kedel;fvv;2023-12-05 00:00:00;;0;0,25;traepiller;fast biomasse;;0;;;;1;;;;;;
2025;463;2451;2451-3;Tørring Kraftvarmeværk A.M.B.A.;7160;Tørring;766;Fjernvarmeværk;153;Tørring Fjernvarme;Træpille containeranlæg 3;Kedel;fvv;2023-12-05 00:00:00;;0;0,25;traepiller;fast biomasse;;0;;;;1;;;;;;
2025;463;2451;2451-4;Tørring Kraftvarmeværk A.M.B.A.;7160;Tørring;766;Fjernvarmeværk;153;Tørring Fjernvarme;Træpille containeranlæg 4;Kedel;fvv;2023-12-05 00:00:00;;0;0,25;traepiller;fast biomasse;;0;;;;1;;;;;;
2025;463;2451;2451-5;Tørring Kraftvarmeværk A.M.B.A.;7160;Tørring;766;Fjernvarmeværk;153;Tørring Fjernvarme;Træpille containeranlæg 5;Kedel;fvv;2023-12-05 00:00:00;;0;0,25;traepiller;fast biomasse;;0;;;;1;;;;;;
2025;463;2451;2451-6;Tørring Kraftvarmeværk A.M.B.A.;7160;Tørring;766;Fjernvarmeværk;153;Tørring Fjernvarme;Træpille containeranlæg 1;Kedel;fvv;2023-12-05 00:00:00;;0;0,25;traepiller;fast biomasse;;0;;;;1;;;;;;
2025;466;549;549-1;ULFBORG FJERNVARME;6990;Ulfborg;661;Fjernvarmeværk;189;Ulfborg Fjernvarme;Flisværket;Kedel;fvv;2013-01-16 00:00:00;;0;7;skovflis;fast biomasse;;0;;;;1;;;;;;
2025;466;549;549-2;ULFBORG FJERNVARME;6990;Ulfborg;661;Fjernvarmeværk;189;Ulfborg Fjernvarme;Nordheat Flisanlæg;Kedel;fvv;2019-07-01 00:00:00;;0;3,7;skovflis;fast biomasse;;0;;;;1;;;;;;
2025;466;549;549-3;ULFBORG FJERNVARME;6990;Ulfborg;661;Fjernvarmeværk;189;Ulfborg Fjernvarme;Gl. oliekedel flyttet fra Olieværket (ENSid 550);Kedel;fvv;2021-01-01 00:00:00;;0;5,5;bio-olie;bio-olie;;0;;;;0;1;;;;;
2025;469;551;551-1;ULSTED VARMEVÆRK;9370;Hals;851;Fjernvarmeværk;294;Ulsted Fjernvarme;Træpillekedel;Kedel;fvv;1982-01-01 00:00:00;2025-10-01 00:00:00;0;2,9;Ej i drift i 2025;Ej i drift i 2025;;;;;;;;;;;;
2025;469;551;551-2;ULSTED VARMEVÆRK;9370;Hals;851;Fjernvarmeværk;294;Ulsted Fjernvarme;Oliekedel;Kedel;fvv;2012-01-01 00:00:00;;0;3,45;Ej i drift i 2025;Ej i drift i 2025;;;;;;;;;;;;
2025;469;551;551-3;ULSTED VARMEVÆRK;9370;Hals;851;Fjernvarmeværk;294;Ulsted Fjernvarme;Solvarmeanlæg - 5012 m2;Solvarme;fvv;2006-01-01 00:00:00;;0;3,5;solenergi;solenergi;;0;;;;0;;;1;;;
2025;469;551;551-4;ULSTED VARMEVÆRK;9370;Hals;851;Fjernvarmeværk;294;Ulsted Fjernvarme;Halm/Træpille;Kedel;fvv;2013-10-01 00:00:00;;0;3,5;halm;fast biomasse;;0;;;;1;;;;;;
2025;473;554;554-1;Vamdrup Fjernvarme A m b A;6580;Vamdrup;621;Decentralt værk;81;TVIS;Kedel 1;Kedel;fvv;1959-12-01 00:00:00;;0;2;Ej i drift i 2025;Ej i drift i 2025;;;;;;;;;;;;
2025;473;554;554-2;Vamdrup Fjernvarme A m b A;6580;Vamdrup;621;Decentralt værk;81;TVIS;Kedel 2;Kedel;fvv;2012-01-01 00:00:00;;0;2,5;Ej i drift i 2025;Ej i drift i 2025;;;;;;;;;;;;
2025;473;554;554-3;Vamdrup Fjernvarme A m b A;6580;Vamdrup;621;Decentralt værk;81;TVIS;Kedel 3;Kedel;fvv;2012-01-01 00:00:00;;0;7,1;Ej i drift i 2025;Ej i drift i 2025;;;;;;;;;;;;
2025;475;558;558-3;Varmega a.m.b.a.;6600;Vejen;575;Fjernvarmeværk;135;Vejen Fjernvarme;Flisanlæg VE1;Kedel;fvv;2003-01-01 00:00:00;;0;7;skovflis;fast biomasse;;0;;;;1;;;;;;
2025;475;558;558-5;Varmega a.m.b.a.;6600;Vejen;575;Fjernvarmeværk;135;Vejen Fjernvarme;Flisanlæg VE2;Kedel;fvv;2010-12-01 00:00:00;;0;7;skovflis;fast biomasse;;0;;;;1;;;;;;
2025;475;558;558-6;Varmega a.m.b.a.;6600;Vejen;575;Fjernvarmeværk;135;Vejen Fjernvarme;Varmepumpe røggaskondensering  kedel 1;Varmepumpe røggas;fvv;2013-02-01 00:00:00;;0;0,5;elektricitet;elektricitet;;0;;;;0;;;;;1;
2025;475;558;558-7;Varmega a.m.b.a.;6600;Vejen;575;Fjernvarmeværk;135;Vejen Fjernvarme;Varmepumpe røggaskondensering kedel 2;Varmepumpe røggas;fvv;2013-02-01 00:00:00;;0;0,5;elektricitet;elektricitet;;0;;;;0;;;;;1;
2025;475;559;559-1;Varmega a.m.b.a.;6600;Vejen;575;Fjernvarmeværk;135;Vejen Fjernvarme;RAB;Kedel;fvv;1992-01-01 00:00:00;;0;9;naturgas;naturgas;;0;1;;;0;;;;;;
2025;475;559;559-2;Varmega a.m.b.a.;6600;Vejen;575;Fjernvarmeværk;135;Vejen Fjernvarme;Halmværk;Kedel;fvv;2014-12-10 00:00:00;;0;10;halm;fast biomasse;;0;;;;1;;;;;;
2025;475;1970;1970-1;Varmega a.m.b.a.;6600;Vejen;575;Fjernvarmeværk;135;Vejen Fjernvarme;Grønvangcentralen;Kedel;fvv;2007-01-01 00:00:00;;0;10;naturgas;naturgas;;0;1;;;0;;;;;;
2025;481;736;736-3;VEKS I/S;4600;Køge;259;Decentralt værk;2;Storkøbenhavns Fjernvarme;KKV 8;Dampturbine;kvt;1998-01-01 00:00:00;;15;53;skovflis;fast biomasse;;8,08303E-06;;;;0,999991917;;;;;;
2025;481;970;970-2;VEKS I/S;2680;Solrød Strand;269;Decentralt værk;2;Storkøbenhavns Fjernvarme;Kedel 1 Loos/Zantingh;Kedel;fvv;1998-09-01 00:00:00;;0;12;biogas;biogas;;0;;;1;0;;;;;;
2025;481;970;970-3;VEKS I/S;2680;Solrød Strand;269;Decentralt værk;2;Storkøbenhavns Fjernvarme;Kedel 2 Loos/Ray;Kedel;fvv;1998-09-01 00:00:00;;0;12;gasolie;olie;;1;;;0;0;;;;;;
2025;481;970;970-4;VEKS I/S;2680;Solrød Strand;269;Decentralt værk;2;Storkøbenhavns Fjernvarme;Jenbacher gasmotor;Forbrændingsmotor;kvt;2015-12-01 00:00:00;;3,047;3,686;biogas;biogas;;0;;;1;0;;;;;;
2025;481;2445;2445-1;VEKS I/S;4000;Roskilde;265;Fjernvarmeværk;2;Storkøbenhavns Fjernvarme;Kedel 1;Kedel;fvv;2017-01-01 00:00:00;;0;12;naturgas;naturgas;;0;1;;;0;;;;;;
2025;481;2446;2446-1;VEKS I/S;4600;Køge;259;Fjernvarmeværk;2;Storkøbenhavns Fjernvarme;Kedel 1;Kedel;fvv;2015-12-01 00:00:00;;0;7,5;naturgas;naturgas;;0;1;;;0;;;;;;
2025;481;2446;2446-2;VEKS I/S;4600;Køge;259;Fjernvarmeværk;2;Storkøbenhavns Fjernvarme;Kedel 2;Kedel;fvv;2015-12-01 00:00:00;;0;7,5;naturgas;naturgas;;0;1;;;0;;;;;;
2025;482;561;561-2;VEMB VARMEVÆRK;7570;Vemb;661;Fjernvarmeværk;188;Vemb Fjernvarme;Oliekedel 1;Kedel;fvv;2012-01-01 00:00:00;;0;2;gasolie;olie;;1;;;;0;0;;;;;
2025;482;561;561-3;VEMB VARMEVÆRK;7570;Vemb;661;Fjernvarmeværk;188;Vemb Fjernvarme;Oliekedel 2;Kedel;fvv;2012-01-01 00:00:00;;0;3,65;gasolie;olie;;1;;;;0;0;;;;;
2025;482;561;561-4;VEMB VARMEVÆRK;7570;Vemb;661;Fjernvarmeværk;188;Vemb Fjernvarme;Fliskedel;Kedel;fvv;2014-09-04 00:00:00;;0;4;skovflis;fast biomasse;;0;;;;1;;;;;;
2025;484;562;562-2;V HJERMITSLEV VARMEVÆRK;9700;Brønderslev;849;Fjernvarmeværk;311;Vester Hjermitslev Fjernvarme;Oliekedel;Kedel;fvv;1984-01-01 00:00:00;;0;1,2;fuelolie;olie;;1;;;;0;;;;;;
2025;484;562;562-5;V HJERMITSLEV VARMEVÆRK;9700;Brønderslev;849;Fjernvarmeværk;311;Vester Hjermitslev Fjernvarme;Pillekedel;Kedel;fvv;2018-10-01 00:00:00;;0;1;traepiller;fast biomasse;;0;;;;1;;;;;;
2025;486;564;564-1;Vestervig Fjernvarme A.m.b.a;7770;Vestervig;787;Fjernvarmeværk;259;Vestervig Fjernvarme;Fliskedel;Kedel;fvv;2011-11-01 00:00:00;;0;4,5;skovflis;fast biomasse;;0;;;;1;;;;;;
2025;486;564;564-2;Vestervig Fjernvarme A.m.b.a;7770;Vestervig;787;Fjernvarmeværk;259;Vestervig Fjernvarme;Spidslastkedel;Kedel;fvv;1964-06-01 00:00:00;;0;2,25;Ej i drift i 2025;Ej i drift i 2025;;;;;;;;;;;;
2025;486;564;564-3;Vestervig Fjernvarme A.m.b.a;7770;Vestervig;787;Fjernvarmeværk;259;Vestervig Fjernvarme;Reservelastkedel;Kedel;fvv;1964-06-01 00:00:00;;0;0,9;Ej i drift i 2025;Ej i drift i 2025;;;;;;;;;;;;
2025;486;564;564-4;Vestervig Fjernvarme A.m.b.a;7770;Vestervig;787;Fjernvarmeværk;259;Vestervig Fjernvarme;Luft til vand varmepumpe;Varmepumpe Luft;fvv;2022-01-01 00:00:00;;0;1,6;omgivelsesvarme;omgivelsesvarme;;0;;;;0;;;;;0,34992224;0,65007776
2025;490;567;567-1;VINDERUP VARMEVÆRK A M B A;7830;Vinderup;661;Decentralt værk;194;Vinderup - Sevel Fjernvarme;10 MW kedel;Kedel;fvv;1983-12-01 00:00:00;;0;10;naturgas;naturgas;;0;1;;;0;;;;;;
2025;490;567;567-2;VINDERUP VARMEVÆRK A M B A;7830;Vinderup;661;Decentralt værk;194;Vinderup - Sevel Fjernvarme;5 MW kedel;Kedel;fvv;1995-10-01 00:00:00;;0;5;naturgas;naturgas;;0;1;;;0;;;;;;
2025;490;567;567-3;VINDERUP VARMEVÆRK A M B A;7830;Vinderup;661;Decentralt værk;194;Vinderup - Sevel Fjernvarme;Motor 1;Forbrændingsmotor;kvt;1995-10-01 00:00:00;;2,7;3,35;naturgas;naturgas;;0;1;;;0;;;;;;
2025;490;567;567-4;VINDERUP VARMEVÆRK A M B A;7830;Vinderup;661;Decentralt værk;194;Vinderup - Sevel Fjernvarme;Motor 2;Forbrændingsmotor;kvt;1995-10-01 00:00:00;;2,7;3,35;naturgas;naturgas;;0;1;;;0;;;;;;
2025;490;567;567-5;VINDERUP VARMEVÆRK A M B A;7830;Vinderup;661;Decentralt værk;194;Vinderup - Sevel Fjernvarme;Motor 3;Forbrændingsmotor;kvt;2012-05-01 00:00:00;;3,04;4;biogas;biogas;;0;;;1;0;;;;;;
2025;490;567;567-6;VINDERUP VARMEVÆRK A M B A;7830;Vinderup;661;Decentralt værk;194;Vinderup - Sevel Fjernvarme;Varmepumpe 1;Varmepumpe røggas;fvv;2012-05-01 00:00:00;;0;0,54;elektricitet;elektricitet;;0;;;;0;;;;;1;
2025;490;567;567-7;VINDERUP VARMEVÆRK A M B A;7830;Vinderup;661;Decentralt værk;194;Vinderup - Sevel Fjernvarme;El-kedel;Elpatron;fvv;2018-02-01 00:00:00;;0;15;elektricitet;elektricitet;;0;;;;0;;;;;1;
2025;490;677;677-1;VINDERUP VARMEVÆRK A M B A;7830;Vinderup;661;Decentralt værk;194;Vinderup - Sevel Fjernvarme;Motor;Forbrændingsmotor;kvt;1993-01-01 00:00:00;;1;1,6;naturgas;naturgas;;0;1;;;0;;;;;;
2025;490;677;677-2;VINDERUP VARMEVÆRK A M B A;7830;Vinderup;661;Decentralt værk;194;Vinderup - Sevel Fjernvarme;Kedel (1,0 + 1,1 MW);Kedel;fvv;1992-12-23 00:00:00;;0;2,1;naturgas;naturgas;;0;1;;;0;;;;;;
2025;492;569;569-3;VIVILD VARMEVÆRK A M B A;8961;Allingåbro;707;Fjernvarmeværk;221;Vivild Fjernvarme;-;Kedel;fvv;2004-11-01 00:00:00;;0;6;gasolie;olie;;1;;;;0;;;;;;
2025;492;667;667-2;VIVILD VARMEVÆRK A M B A;8961;Allingåbro;707;Fjernvarmeværk;221;Vivild Fjernvarme;Weiss;Kedel;fvv;2008-11-01 00:00:00;;0;4,9;skovflis;fast biomasse;;0;;;;1;;;;;;
2025;492;667;667-3;VIVILD VARMEVÆRK A M B A;8961;Allingåbro;707;Fjernvarmeværk;221;Vivild Fjernvarme;Solvarmeanlæg - 6124m2;Solvarme;fvv;2017-06-01 00:00:00;;0;4,3;solenergi;solenergi;;0;;;;0;;;1;;;
2025;493;570;570-1;VOJENS FJERNVARME A.M.B.A.;6500;Vojens;510;Fjernvarmeværk;116;Vojens Fjernvarme;Central 3, KI;Kedel;fvv;1984-10-01 00:00:00;;0;6,3;naturgas;naturgas;;0;1;;;0;;;;;;
2025;493;570;570-6;VOJENS FJERNVARME A.M.B.A.;6500;Vojens;510;Fjernvarmeværk;116;Vojens Fjernvarme;Central 3, K2 NY;Kedel;fvv;2008-09-01 00:00:00;;0;7;naturgas;naturgas;;0;1;;;0;;;;;;
2025;493;571;571-1;VOJENS FJERNVARME A.M.B.A.;6500;Vojens;510;Decentralt værk;116;Vojens Fjernvarme;Kedel 1, Hollensen;Kedel;fvv;1995-11-01 00:00:00;;0;7;naturgas;naturgas;;0;1;;;0;;;;;;
2025;493;571;571-10;VOJENS FJERNVARME A.M.B.A.;6500;Vojens;510;Decentralt værk;116;Vojens Fjernvarme;Elkedel (ikke kvoteomfattet);Elpatron;fvv;2011-10-26 00:00:00;;0;10;elektricitet;elektricitet;;0;;;;0;;;;;1;
2025;493;571;571-6;VOJENS FJERNVARME A.M.B.A.;6500;Vojens;510;Decentralt værk;116;Vojens Fjernvarme;Motor 3, Rolls-Royce;Forbrændingsmotor;kvt;2001-11-13 00:00:00;;3,61;4,4;naturgas;naturgas;;0;1;;;0;;;;;;
2025;493;571;571-7;VOJENS FJERNVARME A.M.B.A.;6500;Vojens;510;Decentralt værk;116;Vojens Fjernvarme;Motor 1, Rolls-Royce;Forbrændingsmotor;kvt;1994-01-01 00:00:00;;2,7;3,3;naturgas;naturgas;;0;1;;;0;;;;;;
2025;493;571;571-8;VOJENS FJERNVARME A.M.B.A.;6500;Vojens;510;Decentralt værk;116;Vojens Fjernvarme;Motor 2, Rolls-Royce;Forbrændingsmotor;kvt;1994-01-01 00:00:00;;2,7;3,3;naturgas;naturgas;;0;1;;;0;;;;;;
2025;493;2108;2108-1;VOJENS FJERNVARME A.M.B.A.;6500;Vojens;510;Fjernvarmeværk;116;Vojens Fjernvarme;Kedel (flyttet fra Sdr. Ringvej (571-5));Kedel;fvv;2011-12-15 00:00:00;;0;7;naturgas;naturgas;;0;1;;;0;;;;;;
2025;493;2108;2108-2;VOJENS FJERNVARME A.M.B.A.;6500;Vojens;510;Fjernvarmeværk;116;Vojens Fjernvarme;Solvarmeanlæg - 17500 m2 (Sunmark);Solvarme;fvv;2012-02-15 00:00:00;;0;11;solenergi;solenergi;;0;;;;0;;;1;;;
2025;493;2108;2108-3;VOJENS FJERNVARME A.M.B.A.;6500;Vojens;510;Fjernvarmeværk;116;Vojens Fjernvarme;Solvarme etape 2, 52500 m2;Solvarme;fvv;2015-06-01 00:00:00;;0;36;solenergi;solenergi;;0;;;;0;;;1;;;
2025;495;574;574-1;VRÅ VARMEVÆRK AMBA;9760;Vrå;860;Decentralt værk;304;Vrå Fjernvarme;Gaskedel 1;Kedel;fvv;1991-06-13 00:00:00;;0;6,3;naturgas;naturgas;;0;1;;;0;;;;;;
2025;495;574;574-2;VRÅ VARMEVÆRK AMBA;9760;Vrå;860;Decentralt værk;304;Vrå Fjernvarme;Gaskedel 2;Kedel;fvv;1989-01-01 00:00:00;;0;4;Ej i drift i 2025;Ej i drift i 2025;;;;;;;;;;;;
2025;495;574;574-7;VRÅ VARMEVÆRK AMBA;9760;Vrå;860;Decentralt værk;304;Vrå Fjernvarme;Elkedel;Elpatron;fvv;2023-01-01 00:00:00;;0;14;elektricitet;elektricitet;;0;;;;0;;;;;1;
2025;495;2229;2229-1;VRÅ VARMEVÆRK AMBA;9760;Vrå;860;Fjernvarmeværk;304;Vrå Fjernvarme;Solvarmeanlæg - 13000m2;Solvarme;fvv;2015-05-01 00:00:00;;0;8;solenergi;solenergi;;0;;;;0;;;1;;;
2025;497;575;575-2;VÆRLØSE VARMEVÆRK A M B A;3500;Værløse;190;Fjernvarmeværk;18;Hillerød-Farum-Værløse;Kedel 2;Kedel;fvv;1985-12-05 00:00:00;;0;9,9;naturgas;naturgas;;0;1;;;0;;;;;;
2025;497;575;575-3;VÆRLØSE VARMEVÆRK A M B A;3500;Værløse;190;Fjernvarmeværk;18;Hillerød-Farum-Værløse;Kedel 1;Kedel;fvv;1985-12-05 00:00:00;;0;9,9;naturgas;naturgas;;0;1;;;0;;;;;;
2025;499;443;443-2;Aabenraa Fjernvarme A.m.b.a.;6230;Rødekro;580;Fjernvarmeværk;117;Aabenrå - Rødekro - Hjordkær Fjernvarme;KEDEL 2;Kedel;fvv;1988-12-01 00:00:00;;0;5;Ej i drift i 2025;Ej i drift i 2025;;;;;;;;;;;;
2025;499;443;443-3;Aabenraa Fjernvarme A.m.b.a.;6230;Rødekro;580;Fjernvarmeværk;117;Aabenrå - Rødekro - Hjordkær Fjernvarme;KEDEL 3;Kedel;fvv;1990-08-01 00:00:00;;0;6,2;Ej i drift i 2025;Ej i drift i 2025;;;;;;;;;;;;
2025;499;443;443-4;Aabenraa Fjernvarme A.m.b.a.;6230;Rødekro;580;Fjernvarmeværk;117;Aabenrå - Rødekro - Hjordkær Fjernvarme;KEDEL 4;Kedel;fvv;2002-04-01 00:00:00;;0;10;gasolie;olie;;1;;;;0;0;;;;;
2025;499;578;578-3;Aabenraa Fjernvarme A.m.b.a.;6200;Aabenraa;580;Fjernvarmeværk;117;Aabenrå - Rødekro - Hjordkær Fjernvarme;KEDEL 3;Kedel;fvv;1986-01-01 00:00:00;;0;9;gasolie;olie;;1;;;;0;;;;;;
2025;499;578;578-4;Aabenraa Fjernvarme A.m.b.a.;6200;Aabenraa;580;Fjernvarmeværk;117;Aabenrå - Rødekro - Hjordkær Fjernvarme;Træpillekedel;Kedel;fvv;2013-11-01 00:00:00;;0;5;traepiller;fast biomasse;;0;;;;1;;;;;;
2025;499;579;579-1;Aabenraa Fjernvarme A.m.b.a.;6200;Aabenraa;580;Fjernvarmeværk;117;Aabenrå - Rødekro - Hjordkær Fjernvarme;Langrode Central;Kedel;fvv;2012-01-01 00:00:00;;0;14,4;gasolie;olie;;1;;;;0;0;;;;;
2025;499;581;581-1;Aabenraa Fjernvarme A.m.b.a.;6200;Aabenraa;580;Fjernvarmeværk;117;Aabenrå - Rødekro - Hjordkær Fjernvarme;Styrtom Central;Kedel;fvv;1993-01-01 00:00:00;;0;3;Ej i drift i 2025;Ej i drift i 2025;;;;;;;;;;;;
2025;499;998;998-2;Aabenraa Fjernvarme A.m.b.a.;6200;Aabenraa;580;Fjernvarmeværk;117;Aabenrå - Rødekro - Hjordkær Fjernvarme;træpillekedel;Kedel;fvv;2013-11-01 00:00:00;;0;5;traepiller;fast biomasse;;0;;;;1;;;;;;
2025;499;1246;1246-1;Aabenraa Fjernvarme A.m.b.a.;6200;Aabenraa;580;Fjernvarmeværk;117;Aabenrå - Rødekro - Hjordkær Fjernvarme;Lindbjerg Central;Kedel;fvv;2012-01-01 00:00:00;;0;5,4;gasolie;olie;;1;;;;0;0;;;;;
2025;499;2232;2232-1;Aabenraa Fjernvarme A.m.b.a.;6200;Aabenraa;580;Fjernvarmeværk;117;Aabenrå - Rødekro - Hjordkær Fjernvarme;Fliskedel 1;Kedel;fvv;2012-11-01 00:00:00;;0;15;skovflis;fast biomasse;;0;;;;1;;;;;;
2025;499;2232;2232-2;Aabenraa Fjernvarme A.m.b.a.;6200;Aabenraa;580;Fjernvarmeværk;117;Aabenrå - Rødekro - Hjordkær Fjernvarme;Fliskedel 2;Kedel;fvv;2012-11-01 00:00:00;;0;15;skovflis;fast biomasse;;0;;;;1;;;;;;
2025;499;2232;2232-3;Aabenraa Fjernvarme A.m.b.a.;6200;Aabenraa;580;Fjernvarmeværk;117;Aabenrå - Rødekro - Hjordkær Fjernvarme;Gasoliekedel;Kedel;fvv;2012-11-01 00:00:00;;0;15;gasolie;olie;;1;;;;0;;;;;;
2025;499;2233;2233-1;Aabenraa Fjernvarme A.m.b.a.;6200;Aabenraa;580;Fjernvarmeværk;117;Aabenrå - Rødekro - Hjordkær Fjernvarme;Halmkedel 1;Kedel;fvv;2014-11-01 00:00:00;;0;12;halm;fast biomasse;;0;;;;1;;;;;;
2025;499;2233;2233-2;Aabenraa Fjernvarme A.m.b.a.;6200;Aabenraa;580;Fjernvarmeværk;117;Aabenrå - Rødekro - Hjordkær Fjernvarme;Halmkedel 2;Kedel;fvv;2014-11-01 00:00:00;;0;12;halm;fast biomasse;;0;;;;1;;;;;;
2025;499;2233;2233-3;Aabenraa Fjernvarme A.m.b.a.;6200;Aabenraa;580;Fjernvarmeværk;117;Aabenrå - Rødekro - Hjordkær Fjernvarme;Halmkedel 3;Kedel;fvv;2014-11-01 00:00:00;;0;12;halm;fast biomasse;;0;;;;1;;;;;;
2025;505;621;621-1;ÆRØSKØBING FJERNVARME;5970;Ærøskøbing;492;Fjernvarmeværk;94;Ærøskøbing Fjernvarme;Halmkedel;Kedel;fvv;2004-10-22 00:00:00;;0;3,15;halm;fast biomasse;;0;;;;1;;;;;;
2025;505;621;621-7;ÆRØSKØBING FJERNVARME;5970;Ærøskøbing;492;Fjernvarmeværk;94;Ærøskøbing Fjernvarme;Solvarmeanlæg - 7050 m2;Solvarme;fvv;1999-01-02 00:00:00;;0;4;solenergi;solenergi;;0;;;;0;;;1;;;
2025;505;621;621-8;ÆRØSKØBING FJERNVARME;5970;Ærøskøbing;492;Fjernvarmeværk;94;Ærøskøbing Fjernvarme;Biobrændselsanlæg;Kedel;fvv;2000-01-01 00:00:00;;0;0,95;Ej i drift i 2025;Ej i drift i 2025;;;;;;;;;;;;
2025;505;621;621-9;ÆRØSKØBING FJERNVARME;5970;Ærøskøbing;492;Fjernvarmeværk;94;Ærøskøbing Fjernvarme;Solvarme 1620m2;Solvarme;fvv;2024-10-01 00:00:00;;0;1,12;solenergi;solenergi;;0;;;;0;;;1;;;
2025;505;622;622-1;ÆRØSKØBING FJERNVARME;5970;Ærøskøbing;492;Fjernvarmeværk;94;Ærøskøbing Fjernvarme;Centralen;Kedel;fvv;1963-01-01 00:00:00;;0;5,9;Ej i drift i 2025;Ej i drift i 2025;;;;;;;;;;;;
2025;505;1557;1557-1;ÆRØSKØBING FJERNVARME;5970;Ærøskøbing;492;Fjernvarmeværk;451;St-Rise/Dunkær;Pillefyr;Kedel;fvv;2001-01-01 00:00:00;;0;0,8;traepiller;fast biomasse;;0;;;;1;;;;;;
2025;505;1557;1557-2;ÆRØSKØBING FJERNVARME;5970;Ærøskøbing;492;Fjernvarmeværk;451;St-Rise/Dunkær;Solvarmeanlæg - 3588 m2 (Sunmark);Solvarme;fvv;2000-01-01 00:00:00;;0;2,9;solenergi;solenergi;;0;;;;0;;;1;;;
2025;505;1557;1557-3;ÆRØSKØBING FJERNVARME;5970;Ærøskøbing;492;Fjernvarmeværk;451;St-Rise/Dunkær;Oliekedel - spids-/reservelast;Kedel;fvv;2011-01-01 00:00:00;;0;0,95;Ej i drift i 2025;Ej i drift i 2025;;;;;;;;;;;;
2025;506;624;624-2;Ølgod Fjernvarmeselskab AMBA;6870;Ølgod;573;Decentralt værk;136;Ølgod Fjernvarme;Elkedel;Elpatron;fvv;2021-10-30 00:00:00;;0;6;elektricitet;elektricitet;;0;;;;0;;;;;1;
2025;506;1933;1933-1;Ølgod Fjernvarmeselskab AMBA;6870;Ølgod;573;Fjernvarmeværk;136;Ølgod Fjernvarme;Fliskedel - vådflis;Kedel;fvv;2006-09-15 00:00:00;;0;8;skovflis;fast biomasse;;0;;;;1;;;;;;
2025;506;1933;1933-2;Ølgod Fjernvarmeselskab AMBA;6870;Ølgod;573;Fjernvarmeværk;136;Ølgod Fjernvarme;Oliekedel;Kedel;fvv;2006-09-15 00:00:00;;0;10;gasolie;olie;;1;;;;0;;;;;;
2025;506;1933;1933-3;Ølgod Fjernvarmeselskab AMBA;6870;Ølgod;573;Fjernvarmeværk;136;Ølgod Fjernvarme;Fliskedel - tørflis;Kedel;fvv;2013-12-01 00:00:00;;0;2;skovflis;fast biomasse;;0;;;;1;;;;;;
2025;506;1933;1933-4;Ølgod Fjernvarmeselskab AMBA;6870;Ølgod;573;Fjernvarmeværk;136;Ølgod Fjernvarme;Gaskedel;Kedel;fvv;2018-10-01 00:00:00;;0;5,5;naturgas;naturgas;;0;1;;;0;;;;;;
2025;506;1933;1933-5;Ølgod Fjernvarmeselskab AMBA;6870;Ølgod;573;Fjernvarmeværk;136;Ølgod Fjernvarme;Varmepumpe 2025;Varmepumpe Luft;fvv;2025-06-01 00:00:00;;0;6;omgivelsesvarme;omgivelsesvarme;;0;;;;0;;;;;0,32597962;0,67402038
2025;507;625;625-1;ØRNHØJ-GRØNBJERG KRAFTVARMEVÆRK AMBA;6973;Ørnhøj;657;Decentralt værk;193;Ørnhøj-Grønbjerg Fjernvarme;Gasmotorer;Forbrændingsmotor;kvt;1992-01-01 00:00:00;;2;3,2;naturgas;naturgas;;0;1;;;0;;;;;;
2025;507;625;625-2;ØRNHØJ-GRØNBJERG KRAFTVARMEVÆRK AMBA;6973;Ørnhøj;657;Decentralt værk;193;Ørnhøj-Grønbjerg Fjernvarme;Solvarmeanlæg - 5000 m2;Solvarme;fvv;2012-08-15 00:00:00;;0;4;solenergi;solenergi;;0;;;;0;;;1;;;
2025;507;625;625-3;ØRNHØJ-GRØNBJERG KRAFTVARMEVÆRK AMBA;6973;Ørnhøj;657;Decentralt værk;193;Ørnhøj-Grønbjerg Fjernvarme;Gaskedel;Kedel;fvv;1992-01-01 00:00:00;;0;3,15;naturgas;naturgas;;0;1;;;0;;;;;;
2025;507;625;625-4;ØRNHØJ-GRØNBJERG KRAFTVARMEVÆRK AMBA;6973;Ørnhøj;657;Decentralt værk;193;Ørnhøj-Grønbjerg Fjernvarme;Halmkedel;Kedel;fvv;2017-09-04 00:00:00;;0;1,5;halm;fast biomasse;;0;;;;1;;;;;;
2025;508;626;626-3;ØRSTED FJERNVARMEVÆRK;8950;Ørsted;707;Fjernvarmeværk;220;Ørsted Fjernvarme;Halmkedel;Kedel;fvv;2007-10-09 00:00:00;;0;6,3;halm;fast biomasse;;0;;;;1;;;;;;
2025;508;626;626-4;ØRSTED FJERNVARMEVÆRK;8950;Ørsted;707;Fjernvarmeværk;220;Ørsted Fjernvarme;Oliekedel;Kedel;fvv;2007-11-01 00:00:00;;0;7,5;gasolie;olie;;1;;;;0;;;;;;
2025;509;627;627-1;ØRUM VARMEVÆRK AMBA;8830;Tjele;791;Decentralt værk;266;Ørum Fjernvarme (Tjele);Kedelanlæg;Kedel;fvv;1963-01-01 00:00:00;;0;5,12;naturgas;naturgas;;0;1;;;0;;;;;;
2025;509;627;627-2;ØRUM VARMEVÆRK AMBA;8830;Tjele;791;Decentralt værk;266;Ørum Fjernvarme (Tjele);Kraft-varmeanlæg;Forbrændingsmotor;kvt;1995-01-01 00:00:00;;2,07;3,3;naturgas;naturgas;;0;1;;;0;;;;;;
2025;509;2335;2335-1;ØRUM VARMEVÆRK AMBA;8830;Tjele;791;Fjernvarmeværk;266;Ørum Fjernvarme (Tjele);Solvarme;Solvarme;fvv;2016-09-09 00:00:00;;0;4;solenergi;solenergi;;0;;;;0;;;1;;;
2025;509;2335;2335-2;ØRUM VARMEVÆRK AMBA;8830;Tjele;791;Fjernvarmeværk;266;Ørum Fjernvarme (Tjele);Varmepumpe;Varmepumpe Luft;fvv;2020-12-18 00:00:00;;0;1;omgivelsesvarme;omgivelsesvarme;;0;;;;0;;;;;0,30518141;0,69481859
2025;510;486;486-2;Østbirk Varmeværk A M B A;8752;Østbirk;615;Fjernvarmeværk;144;Østbirk Fjernvarme;Oliekedel;Kedel;fvv;2005-11-01 00:00:00;;0;6;gasolie;olie;;1;;;;0;;;;;;
2025;510;486;486-3;Østbirk Varmeværk A M B A;8752;Østbirk;615;Fjernvarmeværk;144;Østbirk Fjernvarme;Fliskedel;Kedel;fvv;2010-10-01 00:00:00;;0;4,125;skovflis;fast biomasse;;0;;;;1;;;;;;
2025;511;629;629-1;Ø HORNUM VARMEVÆRK AMBA;9530;Støvring;840;Fjernvarmeværk;324;Øster Hornum Fjernvarme;Danstoker/nordfab;Kedel;fvv;1991-11-01 00:00:00;;0;1,6;halm;fast biomasse;;0;;;;1;0;;;;;
2025;511;629;629-2;Ø HORNUM VARMEVÆRK AMBA;9530;Støvring;840;Fjernvarmeværk;324;Øster Hornum Fjernvarme;Danstoker Spids og Reservelas;Kedel;fvv;1991-10-01 00:00:00;;0;2,5;Ej i drift i 2025;Ej i drift i 2025;;;;;;;;;;;;
2025;511;629;629-3;Ø HORNUM VARMEVÆRK AMBA;9530;Støvring;840;Fjernvarmeværk;324;Øster Hornum Fjernvarme;Danstoker Weiss;Kedel;fvv;2015-06-22 00:00:00;;0;2,9;halm;fast biomasse;;0;;;;1;;;;;;
2025;514;634;634-2;FRØSTRUP VARMEVÆRK A M B A;7741;Frøstrup;787;Fjernvarmeværk;235;Frøstrup Fjernvarme;fliskedel;Kedel;fvv;2010-01-02 00:00:00;;0;2;skovflis;fast biomasse;;0;;;;1;;;;;;
2025;525;640;640-1;ULBJERG KRAFT/VARME A M B A;8832;Skals;791;Decentralt værk;248;Ulbjerg Fjernvarme;Jenbacher-316;Forbrændingsmotor;kvt;1992-01-01 00:00:00;;0,74;1,04;Ej i drift i 2025;Ej i drift i 2025;;;;;;;;;;;;
2025;525;640;640-2;ULBJERG KRAFT/VARME A M B A;8832;Skals;791;Decentralt værk;248;Ulbjerg Fjernvarme;Kedel;Kedel;fvv;1991-10-15 00:00:00;;0;1;naturgas;naturgas;;0;1;;;0;;;;;;
2025;525;640;640-3;ULBJERG KRAFT/VARME A M B A;8832;Skals;791;Decentralt værk;248;Ulbjerg Fjernvarme;Halmkedel;Kedel;fvv;2016-08-01 00:00:00;;0;0,9;halm;fast biomasse;;0;;;;1;;;;;;
2025;528;641;641-1;Bornholms Regionskommune;3700;Rønne;400;Erhvervsværk;68;Rønne Fjernvarme;-;Kedel;pvp;1991-01-01 00:00:00;;0;7;affald;affald;;0;;1;;0;;;;;;
2025;542;648;648-2;LØJT KIRKEBY FJERNVARMESELSKAB AMBA;6200;Aabenraa;580;Fjernvarmeværk;118;Løjt Kirkeby Fjernvarme;Oliekedel;Kedel;fvv;1989-10-17 00:00:00;;0;4;Ej i drift i 2025;Ej i drift i 2025;;;;;;;;;;;;
2025;542;648;648-3;LØJT KIRKEBY FJERNVARMESELSKAB AMBA;6200;Aabenraa;580;Fjernvarmeværk;118;Løjt Kirkeby Fjernvarme;Træpille Kedel;Kedel;fvv;2001-01-01 00:00:00;;0;1,75;traepiller;fast biomasse;;0;;;;1;;;;;;
2025;542;648;648-4;LØJT KIRKEBY FJERNVARMESELSKAB AMBA;6200;Aabenraa;580;Fjernvarmeværk;118;Løjt Kirkeby Fjernvarme;Justsen;Kedel;fvv;2015-06-15 00:00:00;;0;5,5;halm;fast biomasse;;0;;;;1;;;;;;
2025;542;648;648-5;LØJT KIRKEBY FJERNVARMESELSKAB AMBA;6200;Aabenraa;580;Fjernvarmeværk;118;Løjt Kirkeby Fjernvarme;El-kedel;Elpatron;fvv;2025-02-03 00:00:00;;0;8;elektricitet;elektricitet;;0;;;;0;;;;;1;
2025;543;649;649-5;Mellerup Fjernvarme A.M.B.A;8930;Randers NØ;730;Decentralt værk;216;Mellerup Fjernvarme;Nordheat NH215S;Kedel;fvv;2020-12-02 00:00:00;;0;0,95;halm;fast biomasse;;0;;;;1;;;;;;
2025;543;649;649-6;Mellerup Fjernvarme A.M.B.A;8930;Randers NØ;730;Decentralt værk;216;Mellerup Fjernvarme;Bosch Uni Condens 6000F;Kedel;fvv;2017-08-14 00:00:00;;0;1,2;naturgas;naturgas;;0;1;;;0;;;;;;
2025;545;651;651-1;DANSK TRÆEMBALLAGE A/S;6760;Ribe;561;Erhvervsværk;133;Ribe Fjernvarme;DTE A/S;Kedel;pvp;2012-01-01 00:00:00;;0;3;trae- og biomasseaffald;fast biomasse;;0;;;;1;;;;;;
2025;545;2371;2371-2;DANSK TRÆEMBALLAGE A/S;5540;Ullerslev;450;Erhvervsværk;92;Ullerslev Fjernvarme;Kedel;Kedel;pvp;2007-01-01 00:00:00;;0;0,85;trae- og biomasseaffald;fast biomasse;;0;;;;1;;;;;;
2025;551;656;656-2;LAURBJERG KRAFTVARMEVÆRK AMBA;8870;Langå;710;Decentralt værk;208;Laurbjerg Fjernvarme;Kedel - Hvidtjørnevej;Kedel;fvv;1993-01-01 00:00:00;;0;2,5;naturgas;naturgas;;0;1;;;0;;;;;;
2025;551;656;656-3;LAURBJERG KRAFTVARMEVÆRK AMBA;8870;Langå;710;Decentralt værk;208;Laurbjerg Fjernvarme;Motor - Hvidtjørnevej;Forbrændingsmotor;kvt;2006-06-01 00:00:00;;1,8;2,3;naturgas;naturgas;;0;1;;;0;;;;;;
2025;551;656;656-4;LAURBJERG KRAFTVARMEVÆRK AMBA;8870;Langå;710;Decentralt værk;208;Laurbjerg Fjernvarme;VP - Hammelvej;Varmepumpe;fvv;2023-03-01 00:00:00;;0;1,5;omgivelsesvarme;omgivelsesvarme;;0;;;;0;;;;;0,340165858;0,659834142
2025;552;657;657-1;TERNDRUP FJERNVARME A M B A;9575;Terndrup;840;Fjernvarmeværk;320;Terndrup Fjernvarme;Halmkedel;Kedel;fvv;2012-01-01 00:00:00;;0;4;halm;fast biomasse;;0;;;;1;;;;;;
2025;552;657;657-2;TERNDRUP FJERNVARME A M B A;9575;Terndrup;840;Fjernvarmeværk;320;Terndrup Fjernvarme;Oliekedel;Kedel;fvv;2012-01-01 00:00:00;;0;6,3;Ej i drift i 2025;Ej i drift i 2025;;;;;;;;;;;;
2025;552;657;657-3;TERNDRUP FJERNVARME A M B A;9575;Terndrup;840;Fjernvarmeværk;320;Terndrup Fjernvarme;Halmkedel;Kedel;fvv;2012-01-01 00:00:00;;0;6,3;halm;fast biomasse;;0;;;;1;;;;;;
2025;553;658;658-1;HARBOØRE VARMEVÆRK A.M.B.A.;7673;Harboøre;665;Decentralt værk;185;Harboøre Fjernvarme;Oliekedel;Kedel;fvv;1992-01-01 00:00:00;;0;4,5;bio-olie;bio-olie;;0;;;;0;1;;;;;
2025;553;658;658-2;HARBOØRE VARMEVÆRK A.M.B.A.;7673;Harboøre;665;Decentralt værk;185;Harboøre Fjernvarme;Forgasningsanlæg (Gaskedel, gasmotorer, tjæreforbrænding);Kombianlæg;kvt;1993-01-01 00:00:00;;1;2,5;skovflis;fast biomasse;;7,39655E-05;;;;0,999926035;;;;;;
2025;557;661;661-1;HASHØJ KRAFTVARMEFORSYNING A M B A;4261;Dalmose;330;Decentralt værk;337;Hashøj Fjernvarme;Biogasmotor, Caterpillar 3512, naturgasm;Forbrændingsmotor;kvt;1992-06-01 00:00:00;;0,76;1,21;naturgas;naturgas;;0;1;;0;0;;;;;;
2025;557;661;661-2;HASHØJ KRAFTVARMEFORSYNING A M B A;4261;Dalmose;330;Decentralt værk;337;Hashøj Fjernvarme;Kedel;Kedel;fvv;1993-08-04 00:00:00;;0;4;naturgas;naturgas;;0;1;;0;0;;;;;;
2025;557;661;661-4;HASHØJ KRAFTVARMEFORSYNING A M B A;4261;Dalmose;330;Decentralt værk;337;Hashøj Fjernvarme;Biokedel;Kedel;fvv;2004-01-14 00:00:00;;0;0,93;traepiller;fast biomasse;;0;;;;1;;;;;;
2025;557;661;661-6;HASHØJ KRAFTVARMEFORSYNING A M B A;4261;Dalmose;330;Decentralt værk;337;Hashøj Fjernvarme;Gasmotor Jenbacher 616;Forbrændingsmotor;kvt;2010-11-10 00:00:00;;2,2;2,4;naturgas;naturgas;;0;1;;0;0;;;;;;
2025;557;661;661-7;HASHØJ KRAFTVARMEFORSYNING A M B A;4261;Dalmose;330;Decentralt værk;337;Hashøj Fjernvarme;Motor 3, Jenbacher 416;Forbrændingsmotor;kvt;2014-12-01 00:00:00;;1,194;1,45;naturgas;naturgas;;0;1;;0;0;;;;;;
2025;557;661;661-8;HASHØJ KRAFTVARMEFORSYNING A M B A;4261;Dalmose;330;Decentralt værk;337;Hashøj Fjernvarme;Fliskedel;Kedel;fvv;2022-01-01 00:00:00;;0;2,2;skovflis;fast biomasse;;0;;;;1;;;;;;
2025;557;661;661-9;HASHØJ KRAFTVARMEFORSYNING A M B A;4261;Dalmose;330;Decentralt værk;337;Hashøj Fjernvarme;Varmepumpe;Varmepumpe Luft;fvv;2022-01-01 00:00:00;;0;2;omgivelsesvarme;omgivelsesvarme;;0;;;;0;;;;;0,320149008;0,679850992
2025;559;664;664-1;HVALPSUND KRAFTVARMEVÆRK AMBA;9640;Farsø;820;Decentralt værk;287;Hvalpsund Fjernvarme;Kraftvarmeværk;Forbrændingsmotor;kvt;1994-01-01 00:00:00;;1,5;1,81;naturgas;naturgas;;0;1;;;0;;;;;;
2025;559;664;664-2;HVALPSUND KRAFTVARMEVÆRK AMBA;9640;Farsø;820;Decentralt værk;287;Hvalpsund Fjernvarme;-;Kedel;fvv;2012-01-01 00:00:00;;0;2;naturgas;naturgas;;0;1;;;0;;;;;;
2025;559;664;664-3;HVALPSUND KRAFTVARMEVÆRK AMBA;9640;Farsø;820;Decentralt værk;287;Hvalpsund Fjernvarme;Fliskedel;Kedel;fvv;2011-01-01 00:00:00;;0;1,5;skovflis;fast biomasse;;0;;;;1;;;;;;
2025;565;668;668-1;DOLLE A/S;7741;Frøstrup;787;Erhvervsværk;235;Frøstrup Fjernvarme;Dolle;Kedel;pvp;1992-01-01 00:00:00;;0;0,9;trae- og biomasseaffald;fast biomasse;;0;;;;1;;;;;;
2025;571;1827;1827-3;Fjernvarmecentralen Avedøre Holme;2650;Hvidovre;167;Fjernvarmeværk;2;Storkøbenhavns Fjernvarme;Hedtvandsanlæg 6;Kedel;fvv;2000-08-01 00:00:00;;0;18;naturgas;naturgas;;0;1;;;0;;;;;;
2025;571;1827;1827-5;Fjernvarmecentralen Avedøre Holme;2650;Hvidovre;167;Fjernvarmeværk;2;Storkøbenhavns Fjernvarme;Hedtvandsanlæg 5;Kedel;fvv;1987-08-01 00:00:00;;0;18;naturgas;naturgas;;0;1;;;0;;;;;;
2025;571;1827;1827-6;Fjernvarmecentralen Avedøre Holme;2650;Hvidovre;167;Fjernvarmeværk;2;Storkøbenhavns Fjernvarme;Kedel 7;Kedel;fvv;2020-12-15 00:00:00;;0;10;naturgas;naturgas;;0;1;;;0;;;;;;
2025;594;683;683-2;HALVRIMMEN - ARENTSMINDE KRAFTVARMEVÆRK A M B A;9460;Brovst;849;Decentralt værk;276;Halvrimmen Fjernvarme;Vismann;Kedel;fvv;1993-01-01 00:00:00;;0;4,1;naturgas;naturgas;;0;1;;;0;;;;;;
2025;594;683;683-3;HALVRIMMEN - ARENTSMINDE KRAFTVARMEVÆRK A M B A;9460;Brovst;849;Decentralt værk;276;Halvrimmen Fjernvarme;Jenbacher 316 Motor 1;Forbrændingsmotor;kvt;1999-01-01 00:00:00;;0,66;0,96;naturgas;naturgas;;0;1;;;0;;;;;;
2025;594;683;683-4;HALVRIMMEN - ARENTSMINDE KRAFTVARMEVÆRK A M B A;9460;Brovst;849;Decentralt værk;276;Halvrimmen Fjernvarme;Jenbacher 316 Motor 3;Forbrændingsmotor;kvt;1993-01-01 00:00:00;;0,66;0,96;naturgas;naturgas;;0;1;;;0;;;;;;
2025;594;683;683-5;HALVRIMMEN - ARENTSMINDE KRAFTVARMEVÆRK A M B A;9460;Brovst;849;Decentralt værk;276;Halvrimmen Fjernvarme;Bioanlæg;Kedel;fvv;2016-09-30 00:00:00;;0;0,9;traepiller;fast biomasse;;0;;;;1;;;;;;
2025;594;683;683-6;HALVRIMMEN - ARENTSMINDE KRAFTVARMEVÆRK A M B A;9460;Brovst;849;Decentralt værk;276;Halvrimmen Fjernvarme;Varmepumpe 1;Varmepumpe Luft;fvv;2019-10-15 00:00:00;;0;1,272;omgivelsesvarme;omgivelsesvarme;;0;;;;0;;;;;0,308047673;0,691952327
2025;595;684;684-1;LENDUM KRAFTVARMEVÆRK AMBA;9870;Sindal;860;Decentralt værk;316;Lendum Fjernvarme;Motor;Forbrændingsmotor;kvt;1994-01-01 00:00:00;;1,36;1,65;naturgas;naturgas;;0;1;;;0;;;;;;
2025;595;684;684-2;LENDUM KRAFTVARMEVÆRK AMBA;9870;Sindal;860;Decentralt værk;316;Lendum Fjernvarme;Gaskedel;Kedel;fvv;1994-01-01 00:00:00;;0;1,25;naturgas;naturgas;;0;1;;;0;;;;;;
2025;595;684;684-3;LENDUM KRAFTVARMEVÆRK AMBA;9870;Sindal;860;Decentralt værk;316;Lendum Fjernvarme;Pillekedel;Kedel;fvv;2013-10-01 00:00:00;;0;0,9;traepiller;fast biomasse;;0;;;;1;;;;;;
2025;595;684;684-4;LENDUM KRAFTVARMEVÆRK AMBA;9870;Sindal;860;Decentralt værk;316;Lendum Fjernvarme;Varmepumpe;Varmepumpe Luft;fvv;2020-12-15 00:00:00;;0;0,3;omgivelsesvarme;omgivelsesvarme;;0;;;;0;;;;;0,352711012;0,647288988
2025;596;685;685-1;BLENSTRUP KRAFTVARMEVÆRK A.M.B.A.;9520;Skørping;840;Decentralt værk;321;Blenstrup Fjernvarme;Danstoker;Kedel;fvv;1992-10-01 00:00:00;;0;2,1;naturgas;naturgas;;0;1;;;0;;;;;;
2025;596;685;685-2;BLENSTRUP KRAFTVARMEVÆRK A.M.B.A.;9520;Skørping;840;Decentralt værk;321;Blenstrup Fjernvarme;Dorman 16 cyl. gasmotoranlæg;Forbrændingsmotor;kvt;1993-01-01 00:00:00;;0,8;1,3;naturgas;naturgas;;0;1;;;0;;;;;;
2025;596;685;685-3;BLENSTRUP KRAFTVARMEVÆRK A.M.B.A.;9520;Skørping;840;Decentralt værk;321;Blenstrup Fjernvarme;Solfangeranlæg;Solvarme;fvv;2023-03-22 00:00:00;;0;1;solenergi;solenergi;;0;;;;0;;;1;;;
2025;597;687;687-2;FILSKOV ENERGISELSKAB A M B A;7200;Grindsted;530;Decentralt værk;343;Filskov Fjernvarme;biogas;Forbrændingsmotor;kvt;1995-06-01 00:00:00;;0,52;0,75;biogas;biogas;;0;;;1;0;;;;;;
2025;597;687;687-3;FILSKOV ENERGISELSKAB A M B A;7200;Grindsted;530;Decentralt værk;343;Filskov Fjernvarme;olie/gas kedel;Kedel;fvv;1992-10-01 00:00:00;;0;1,6;biogas;biogas;;0;0;;1;0;;;;;;
2025;597;687;687-4;FILSKOV ENERGISELSKAB A M B A;7200;Grindsted;530;Decentralt værk;343;Filskov Fjernvarme;Træpillekedel;Kedel;fvv;2013-10-10 00:00:00;;0;0,99;traepiller;fast biomasse;;0;;;;1;;;;;;
2025;597;687;687-5;FILSKOV ENERGISELSKAB A M B A;7200;Grindsted;530;Decentralt værk;343;Filskov Fjernvarme;Biogasmotor;Forbrændingsmotor;kvt;2013-12-18 00:00:00;;1,2;1,61;biogas;biogas;;0;;;1;0;;;;;;
2025;612;1767;1767-19;ROCKWOOL Danmark A/S;9500;Hobro;846;Erhvervsværk;272;Arden Fjernvarme;Varmegenvindingsanlæg;Overskudsvarme;pvp;2012-01-01 00:00:00;;0;2;braendselsfrit;braendselsfrit;;0;;;;0;;1;;;;
2025;612;1769;1769-25;ROCKWOOL Danmark A/S;6580;Vamdrup;621;Erhvervsværk;81;TVIS;Varmegenvindingsanlæg;Overskudsvarme;pvp;2012-01-01 00:00:00;;0;5;braendselsfrit;braendselsfrit;;0;;;;0;;1;;;;
2025;705;1137;1137-1;Gudenaacentralen A.m.b.a.;8850;Bjerringbro;791;Vandkraftværk;;;Gudenaacentralen;Vandkraft;vkt;1900-09-01 00:00:00;;3,9;0;vandkraft;vandkraft;;0;;;;0;;;;1;;
2025;718;293;293-2;VIBORG VARME PRODUKTION A/S;8800;Viborg;791;Fjernvarmeværk;267;Viborg Fjernvarme;Kedel 2;Kedel;fvv;1996-01-01 00:00:00;;0;11,57;naturgas;naturgas;;0;1;;;0;;;;;;
2025;718;293;293-3;VIBORG VARME PRODUKTION A/S;8800;Viborg;791;Fjernvarmeværk;267;Viborg Fjernvarme;Kedel 3;Kedel;fvv;1996-01-01 00:00:00;;0;8,3;naturgas;naturgas;;0;1;;;0;;;;;;
2025;718;294;294-1;VIBORG VARME PRODUKTION A/S;8800;Viborg;791;Fjernvarmeværk;267;Viborg Fjernvarme;Central Hamlen (2 kedler);Kedel;fvv;2013-01-01 00:00:00;;0;19,9;naturgas;naturgas;;0;1;;;0;;;;;;
2025;718;295;295-2;VIBORG VARME PRODUKTION A/S;8800;Viborg;791;Fjernvarmeværk;267;Viborg Fjernvarme;Kedel 3;Kedel;fvv;1996-01-01 00:00:00;;0;7,51;naturgas;naturgas;;0;1;;;0;;;;;;
2025;718;295;295-3;VIBORG VARME PRODUKTION A/S;8800;Viborg;791;Fjernvarmeværk;267;Viborg Fjernvarme;Kedel 4;Kedel;fvv;1996-01-01 00:00:00;;0;12,07;naturgas;naturgas;;0;1;;;0;;;;;;
2025;718;1069;1069-1;VIBORG VARME PRODUKTION A/S;8800;Viborg;791;Decentralt værk;267;Viborg Fjernvarme;Kombianlæg;Kombianlæg;kvt;1996-01-01 00:00:00;;57;56;Ej i drift i 2025;Ej i drift i 2025;;;;;;;;;;;;
2025;718;1069;1069-10;VIBORG VARME PRODUKTION A/S;8800;Viborg;791;Decentralt værk;267;Viborg Fjernvarme;INVP;Varmepumpe Luft;fvv;2023-07-01 00:00:00;;0;12;omgivelsesvarme;omgivelsesvarme;;0;;;;0;;;;;0,280534384;0,719465616
2025;718;1069;1069-6;VIBORG VARME PRODUKTION A/S;8800;Viborg;791;Decentralt værk;267;Viborg Fjernvarme;Kedel 2;Kedel;fvv;2014-10-27 00:00:00;;0;15,8;naturgas;naturgas;;0;1;;;0;;;;;;
2025;718;1069;1069-7;VIBORG VARME PRODUKTION A/S;8800;Viborg;791;Decentralt værk;267;Viborg Fjernvarme;Kedel 3;Kedel;fvv;2014-10-27 00:00:00;;0;15,8;naturgas;naturgas;;0;1;;;0;;;;;;
2025;718;1069;1069-9;VIBORG VARME PRODUKTION A/S;8800;Viborg;791;Decentralt værk;267;Viborg Fjernvarme;ELK;Elpatron;fvv;2023-10-01 00:00:00;;0;50;elektricitet;elektricitet;;0;;;;0;;;;;1;
2025;718;1371;1371-3;VIBORG VARME PRODUKTION A/S;8800;Viborg;791;Fjernvarmeværk;267;Viborg Fjernvarme;Lossepladsgas 8 (NY KEDEL 2012);Kedel;fvv;2012-08-01 00:00:00;;0;0,5;biogas;biogas;;0;;;1;0;;;;;;
2025;718;1836;1836-1;VIBORG VARME PRODUKTION A/S;8800;Viborg;791;Fjernvarmeværk;267;Viborg Fjernvarme;Kedelcentral Hald Ege (2 kedler);Kedel;fvv;2012-03-01 00:00:00;;0;2;naturgas;naturgas;;0;1;;;0;;;;;;
2025;718;1836;1836-2;VIBORG VARME PRODUKTION A/S;8800;Viborg;791;Fjernvarmeværk;267;Viborg Fjernvarme;Grundvands-varmepumpe;Varmepumpe Grundvand;fvv;2020-12-31 00:00:00;;0;0,32;omgivelsesvarme;omgivelsesvarme;;0;;;;0;;;;;0,306165099;0,693834901
2025;718;1836;1836-3;VIBORG VARME PRODUKTION A/S;8800;Viborg;791;Fjernvarmeværk;267;Viborg Fjernvarme;Træpillekedel;Kedel;fvv;2024-05-01 00:00:00;;0;0,85;traepiller;fast biomasse;;0;;;;1;;;;;;
2025;718;1836;1836-4;VIBORG VARME PRODUKTION A/S;8800;Viborg;791;Fjernvarmeværk;267;Viborg Fjernvarme;Grundvandsvarmepumpe 2;Varmepumpe Grundvand;fvv;2025-11-01 00:00:00;;0;0,6;omgivelsesvarme;omgivelsesvarme;;0;;;;0;;;;;0,328252033;0,671747967
2025;718;2467;2467-2;VIBORG VARME PRODUKTION A/S;8800;Viborg;791;Fjernvarmeværk;267;Viborg Fjernvarme;SOVP;Varmepumpe Grundvand;fvv;2024-11-01 00:00:00;;0;6,6;omgivelsesvarme;omgivelsesvarme;;0;;;;0;;;;;0,372971414;0,627028586
2025;718;2479;2479-1;VIBORG VARME PRODUKTION A/S;8800;Viborg;791;Fjernvarmeværk;267;Viborg Fjernvarme;2479-1 RAVP;Varmepumpe Luft;fvv;2024-02-01 00:00:00;;0;12;omgivelsesvarme;omgivelsesvarme;;0;;;;0;;;;;0,29221307;0,70778693
2025;772;1139;1139-1;MIDTJYLLANDS ELEKTRICITETSFORSYNINGS SELSKAB A.M.B.A.;7330;Brande;756;Vandkraftværk;;;Dørslund Vandkraftværk;Vandkraft;vkt;1922-01-01 00:00:00;;0,15;0;vandkraft;vandkraft;;0;;;;0;;;;1;;
2025;777;313;313-2;EWII VARME A/S;6000;Kolding;621;Fjernvarmeværk;81;TVIS;Kedel 2;Kedel;fvv;2004-06-13 00:00:00;;0;12;naturgas;naturgas;;0,131781774;0,868218226;;;0;;;;;;
2025;777;313;313-3;EWII VARME A/S;6000;Kolding;621;Fjernvarmeværk;81;TVIS;Kedel 3;Kedel;fvv;2004-06-13 00:00:00;;0;12;naturgas;naturgas;;0,131781774;0,868218226;;;0;;;;;;
2025;777;313;313-4;EWII VARME A/S;6000;Kolding;621;Fjernvarmeværk;81;TVIS;kedel 4;Kedel;fvv;2004-06-13 00:00:00;;0;12;naturgas;naturgas;;0,131781774;0,868218226;;;0;;;;;;
2025;777;314;314-1;EWII VARME A/S;6000;Kolding;621;Fjernvarmeværk;81;TVIS;Central Vest;Kedel;fvv;1977-02-01 00:00:00;;0;13,2;naturgas;naturgas;;0;1;;;0;;;;;;
2025;777;315;315-2;EWII VARME A/S;6000;Kolding;621;Fjernvarmeværk;81;TVIS;Kedel 4;Kedel;fvv;2004-09-22 00:00:00;;0;9,3;gasolie;olie;;0,534085085;0,465914915;;;0;;;;;;
2025;777;315;315-3;EWII VARME A/S;6000;Kolding;621;Fjernvarmeværk;81;TVIS;Kedel 7;Kedel;fvv;1958-03-01 00:00:00;;0;16,2;naturgas;naturgas;;0,465914915;0,534085085;;;0;;;;;;
2025;777;315;315-4;EWII VARME A/S;6000;Kolding;621;Fjernvarmeværk;81;TVIS;Kedel 8;Kedel;fvv;1956-05-01 00:00:00;;0;25,6;Ej i drift i 2025;Ej i drift i 2025;;;;;;;;;;;;
2025;777;316;316-1;EWII VARME A/S;6000;Kolding;621;Fjernvarmeværk;81;TVIS;Brogård;Kedel;fvv;1975-07-01 00:00:00;;0;16,7;naturgas;naturgas;;0;1;;;0;;;;;;
2025;777;317;317-2;EWII VARME A/S;6000;Kolding;621;Fjernvarmeværk;81;TVIS;Kedel 1;Kedel;fvv;1972-05-15 00:00:00;;0;7,3;naturgas;naturgas;;0,06408046;0,93591954;;;0;;;;;;
2025;777;317;317-3;EWII VARME A/S;6000;Kolding;621;Fjernvarmeværk;81;TVIS;Kedel 2;Kedel;fvv;1972-05-15 00:00:00;;0;7,3;naturgas;naturgas;;0,06408046;0,93591954;;;0;;;;;;
2025;777;317;317-4;EWII VARME A/S;6000;Kolding;621;Fjernvarmeværk;81;TVIS;Kedel 4;Kedel;fvv;1979-08-20 00:00:00;;0;10,2;naturgas;naturgas;;0,06408046;0,93591954;;;0;;;;;;
2025;777;320;320-1;EWII VARME A/S;6000;Kolding;621;Fjernvarmeværk;81;TVIS;Central Øst;Kedel;fvv;2008-08-20 00:00:00;;0;17;gasolie;olie;;1;;;;0;;;;;;
2025;777;321;321-1;EWII VARME A/S;6000;Kolding;621;Fjernvarmeværk;81;TVIS;Kedel 1;Kedel;fvv;2004-06-14 00:00:00;;0;9,5;gasolie;olie;;1;;;;0;;;;;;
2025;777;321;321-2;EWII VARME A/S;6000;Kolding;621;Fjernvarmeværk;81;TVIS;Kedel 2;Kedel;fvv;2004-06-14 00:00:00;;0;9,5;gasolie;olie;;1;;;;0;;;;;;
2025;777;322;322-1;EWII VARME A/S;6000;Kolding;621;Fjernvarmeværk;81;TVIS;Hvidsminde;Kedel;fvv;2004-06-14 00:00:00;;0;12;gasolie;olie;;1;;;;0;;;;;;
2025;777;343;343-1;EWII VARME A/S;6640;Lunderskov;621;Fjernvarmeværk;81;TVIS;Varmeværket;Kedel;fvv;1964-08-13 00:00:00;;0;6,45;naturgas;naturgas;;0,059057437;0,940942563;;;0;;;;;;
2025;777;1632;1632-1;EWII VARME A/S;7000;Fredericia;607;Fjernvarmeværk;81;TVIS;Kedel 1;Kedel;fvv;1985-05-03 00:00:00;;0;6,7;gasolie;olie;;1;;;;0;;;;;;
2025;777;1632;1632-2;EWII VARME A/S;7000;Fredericia;607;Fjernvarmeværk;81;TVIS;Kedel 2;Kedel;fvv;2004-07-06 00:00:00;;0;15;Ej i drift i 2025;Ej i drift i 2025;;;;;;;;;;;;
2025;777;1633;1633-1;EWII VARME A/S;7120;Vejle Øst;630;Fjernvarmeværk;81;TVIS;Bredballe varmecentral;Kedel;fvv;1969-05-03 00:00:00;;0;5,9;naturgas;naturgas;;0;1;;;0;;;;;;
2025;777;1635;1635-2;EWII VARME A/S;7100;Vejle;630;Fjernvarmeværk;81;TVIS;Kedel 1;Kedel;fvv;1965-05-08 00:00:00;;0;9,3;naturgas;naturgas;;0,072555205;0,927444795;;;0;;;;;;
2025;777;1635;1635-3;EWII VARME A/S;7100;Vejle;630;Fjernvarmeværk;81;TVIS;Kedel 2;Kedel;fvv;1967-08-07 00:00:00;;0;9,3;naturgas;naturgas;;0,072555205;0,927444795;;;0;;;;;;
2025;777;1636;1636-2;EWII VARME A/S;7100;Vejle;630;Fjernvarmeværk;81;TVIS;Kedel 2;Kedel;fvv;1981-08-24 00:00:00;;0;7,5;naturgas;naturgas;;0;1;;;0;;;;;;
2025;777;1636;1636-3;EWII VARME A/S;7100;Vejle;630;Fjernvarmeværk;81;TVIS;Kedel 3;Kedel;fvv;1984-07-12 00:00:00;;0;11,6;naturgas;naturgas;;0;1;;;0;;;;;;
2025;777;1965;1965-1;EWII VARME A/S;6000;Kolding;621;Fjernvarmeværk;81;TVIS;Container;Kedel;fvv;2007-06-18 00:00:00;;0;0,88;Ej i drift i 2025;Ej i drift i 2025;;;;;;;;;;;;
2025;777;2031;2031-1;EWII VARME A/S;7000;Fredericia;607;Fjernvarmeværk;81;TVIS;Kedel 1;Kedel;fvv;2009-01-02 00:00:00;;0;10;gasolie;olie;;1;;;;0;;;;;;
2025;777;2032;2032-1;EWII VARME A/S;7000;Fredericia;607;Fjernvarmeværk;81;TVIS;Kedel 1;Kedel;fvv;2009-01-02 00:00:00;;0;10;gasolie;olie;;1;;;;0;;;;;;
2025;777;2033;2033-1;EWII VARME A/S;7000;Fredericia;607;Fjernvarmeværk;81;TVIS;Kedel 1;Kedel;fvv;2009-01-02 00:00:00;;0;8,5;gasolie;olie;;1;;;;0;;;;;;
2025;777;2034;2034-1;EWII VARME A/S;7000;Fredericia;607;Fjernvarmeværk;81;TVIS;Kedel 1;Kedel;fvv;2009-01-02 00:00:00;;0;4,3;Ej i drift i 2025;Ej i drift i 2025;;;;;;;;;;;;
2025;777;2035;2035-1;EWII VARME A/S;7000;Fredericia;607;Fjernvarmeværk;81;TVIS;Kedel 1;Kedel;fvv;2009-01-02 00:00:00;;0;15;gasolie;olie;;1;;;;0;;;;;;
2025;777;2319;2319-1;EWII VARME A/S;7100;Vejle;630;Fjernvarmeværk;81;TVIS;CON20 - kedel;Kedel;fvv;2017-01-01 00:00:00;;0;0,112;Ej i drift i 2025;Ej i drift i 2025;;;;;;;;;;;;
2025;777;2320;2320-1;EWII VARME A/S;7000;Fredericia;607;Fjernvarmeværk;81;TVIS;CON30 - Kedel;Kedel;fvv;2017-01-01 00:00:00;;0;0,224;traepiller;fast biomasse;;0;;;;1;;;;;;
2025;777;2321;2321-1;EWII VARME A/S;6000;Kolding;621;Fjernvarmeværk;81;TVIS;CON40 - Kedel;Kedel;fvv;2017-01-01 00:00:00;;0;0,168;Ej i drift i 2025;Ej i drift i 2025;;;;;;;;;;;;
2025;777;2322;2322-1;EWII VARME A/S;6000;Kolding;621;Fjernvarmeværk;81;TVIS;CON50 - Kedel;Kedel;fvv;2018-01-01 00:00:00;;0;0,168;traepiller;fast biomasse;;0;;;;1;;;;;;
2025;777;2322;2322-2;EWII VARME A/S;6000;Kolding;621;Fjernvarmeværk;81;TVIS;Varmepumpe;Varmepumpe Luft;fvv;2024-03-14 00:00:00;;0;0,11;omgivelsesvarme;omgivelsesvarme;;0;;;;0;;;;;0,40371927;0,59628073
2025;777;2323;2323-1;EWII VARME A/S;6040;Egtved;621;Fjernvarmeværk;81;TVIS;Varmepumpe (jordvarme);Varmepumpe Anden;fvv;2018-01-01 00:00:00;;0;0,966;omgivelsesvarme;omgivelsesvarme;;0;;;;0;;;;;0,379693976;0,620306024
2025;829;815;815-1;Andel Ratio A/S;4200;Slagelse;330;Lokalt værk;;;Byskovparken;Forbrændingsmotor;kvt;1994-01-12 00:00:00;;1;1,5;Ej i drift i 2025;Ej i drift i 2025;;;;;;;;;;;;
2025;855;703;703-1;VOERSÅ KRAFTVARMEVÆRK A M B A;9300;Sæby;813;Decentralt værk;349;Voersaa Fjernvarme;Gasmotor;Forbrændingsmotor;kvt;2003-06-26 00:00:00;;0,92;1,19;naturgas;naturgas;;0;1;;;0;;;;;;
2025;855;703;703-2;VOERSÅ KRAFTVARMEVÆRK A M B A;9300;Sæby;813;Decentralt værk;349;Voersaa Fjernvarme;Gaskedel;Kedel;fvv;1993-01-01 00:00:00;;0;1,86;naturgas;naturgas;;0;1;;;0;;;;;;
2025;855;703;703-3;VOERSÅ KRAFTVARMEVÆRK A M B A;9300;Sæby;813;Decentralt værk;349;Voersaa Fjernvarme;Solvarme - 2872 m2;Solvarme;fvv;2016-07-04 00:00:00;;0;2,3;solenergi;solenergi;;0;;;;0;;;1;;;
2025;855;703;703-4;VOERSÅ KRAFTVARMEVÆRK A M B A;9300;Sæby;813;Decentralt værk;349;Voersaa Fjernvarme;Varmepumpe- luft til vand;Varmepumpe Luft;fvv;2022-11-11 00:00:00;;0;1,05;omgivelsesvarme;omgivelsesvarme;;0;;;;0;;;;;0,337866367;0,662133633
2025;857;705;705-1;GJØL PRIVATE KRAFTVARMEVÆRK AMBA;9440;Aabybro;849;Decentralt værk;351;Gjøl Fjernvarme;Motor 1;Forbrændingsmotor;kvt;1993-12-23 00:00:00;;0,74;1,1;Ej i drift i 2025;Ej i drift i 2025;;;;;;;;;;;;
2025;857;705;705-2;GJØL PRIVATE KRAFTVARMEVÆRK AMBA;9440;Aabybro;849;Decentralt værk;351;Gjøl Fjernvarme;Reservekedel;Kedel;fvv;1993-12-23 00:00:00;;0;3;naturgas;naturgas;;0;1;;;0;;;;;;
2025;857;705;705-3;GJØL PRIVATE KRAFTVARMEVÆRK AMBA;9440;Aabybro;849;Decentralt værk;351;Gjøl Fjernvarme;motor 2;Forbrændingsmotor;kvt;2012-01-01 00:00:00;;0,74;1,1;naturgas;naturgas;;0;1;;;0;;;;;;
2025;857;705;705-4;GJØL PRIVATE KRAFTVARMEVÆRK AMBA;9440;Aabybro;849;Decentralt værk;351;Gjøl Fjernvarme;Fliskedel;Kedel;fvv;2006-06-01 00:00:00;;0;1,5;skovflis;fast biomasse;;0;;;;1;;;;;;
2025;858;706;706-1;RAMSING LEM LIHME KRAFTVARMEVÆRK AMBA;7860;Spøttrup;779;Decentralt værk;352;Ramsing-Lem-Lihme Fjernvarme;Ulstein Bergen (type KVGS-16G;Forbrændingsmotor;kvt;1994-01-01 00:00:00;;2,69;3,3;naturgas;naturgas;;0;1;;;0;;;;;;
2025;858;706;706-2;RAMSING LEM LIHME KRAFTVARMEVÆRK AMBA;7860;Spøttrup;779;Decentralt værk;352;Ramsing-Lem-Lihme Fjernvarme;Danstoker TVB-nr 11;Kedel;fvv;1993-08-01 00:00:00;;0;5;naturgas;naturgas;;0;1;;;0;;;;;;
2025;858;706;706-3;RAMSING LEM LIHME KRAFTVARMEVÆRK AMBA;7860;Spøttrup;779;Decentralt værk;352;Ramsing-Lem-Lihme Fjernvarme;Halmværk;Kedel;fvv;2017-08-15 00:00:00;;0;1,5;halm;fast biomasse;;0;;;;1;;;;;;
2025;858;706;706-4;RAMSING LEM LIHME KRAFTVARMEVÆRK AMBA;7860;Spøttrup;779;Decentralt værk;352;Ramsing-Lem-Lihme Fjernvarme;Sol;Solvarme;fvv;2019-05-01 00:00:00;;0;4;solenergi;solenergi;;0;;;;0;;;1;;;
2025;861;707;707-1;SDR HERREDS KRAFTVARMEVÆRKER AMBA;7900;Nykøbing M;773;Decentralt værk;356;Frøslev Fjernvarme;Frøslev Kedel;Kedel;fvv;1993-11-01 00:00:00;;0;1;naturgas;naturgas;;0;1;;;0;;;;;;
2025;861;707;707-2;SDR HERREDS KRAFTVARMEVÆRKER AMBA;7900;Nykøbing M;773;Decentralt værk;356;Frøslev Fjernvarme;Frøslev Motor;Forbrændingsmotor;kvt;1993-11-01 00:00:00;;0,66;0,84;Ej i drift i 2025;Ej i drift i 2025;;;;;;;;;;;;
2025;861;707;707-3;SDR HERREDS KRAFTVARMEVÆRKER AMBA;7900;Nykøbing M;773;Decentralt værk;356;Frøslev Fjernvarme;Træpillekedel;Kedel;fvv;2015-07-01 00:00:00;;0;0,75;trae- og biomasseaffald;fast biomasse;;0;;;;1;;;;;;
2025;861;708;708-1;SDR HERREDS KRAFTVARMEVÆRKER AMBA;7960;Karby;773;Decentralt værk;353;Karby-Hvidbjerg-Redsted Fjernv;Hvidbjerg Kedel;Kedel;fvv;1993-12-01 00:00:00;;0;3,5;naturgas;naturgas;;0;1;;;0;;;;;;
2025;861;708;708-2;SDR HERREDS KRAFTVARMEVÆRKER AMBA;7960;Karby;773;Decentralt værk;353;Karby-Hvidbjerg-Redsted Fjernv;Hvidbjerg Motor;Forbrændingsmotor;kvt;1994-01-01 00:00:00;;1,98;2,52;Ej i drift i 2025;Ej i drift i 2025;;;;;;;;;;;;
2025;861;708;708-5;SDR HERREDS KRAFTVARMEVÆRKER AMBA;7960;Karby;773;Decentralt værk;353;Karby-Hvidbjerg-Redsted Fjernv;Varmepumpe;Varmepumpe Luft;fvv;2022-01-02 00:00:00;;0;1,2;omgivelsesvarme;omgivelsesvarme;;0;;;;0;;;;;0,374023438;0,625976563
2025;861;709;709-1;SDR HERREDS KRAFTVARMEVÆRKER AMBA;7990;Øster Assels;773;Decentralt værk;355;Ørding Fjernvarme;Ørding Motor;Forbrændingsmotor;kvt;1994-01-01 00:00:00;;0,66;0,84;naturgas;naturgas;;0;1;;;0;;;;;;
2025;861;709;709-2;SDR HERREDS KRAFTVARMEVÆRKER AMBA;7990;Øster Assels;773;Decentralt værk;355;Ørding Fjernvarme;Ørding Kedel;Kedel;fvv;1994-01-01 00:00:00;;0;1;naturgas;naturgas;;0;1;;;0;;;;;;
2025;861;709;709-3;SDR HERREDS KRAFTVARMEVÆRKER AMBA;7990;Øster Assels;773;Decentralt værk;355;Ørding Fjernvarme;træpillekedel;Kedel;fvv;2015-07-01 00:00:00;;0;0,75;trae- og biomasseaffald;fast biomasse;;0;;;;1;;;;;;
2025;861;710;710-1;SDR HERREDS KRAFTVARMEVÆRKER AMBA;7990;Øster Assels;773;Decentralt værk;354;Øster Assels Fjernvarme;Øster Assels motor;Forbrændingsmotor;kvt;1994-01-01 00:00:00;;0,74;1;naturgas;naturgas;;0;1;;;0;;;;;;
2025;861;710;710-2;SDR HERREDS KRAFTVARMEVÆRKER AMBA;7990;Øster Assels;773;Decentralt værk;354;Øster Assels Fjernvarme;Øster Assels kedel;Kedel;fvv;1994-01-01 00:00:00;;0;1;naturgas;naturgas;;0;1;;;0;;;;;;
2025;861;710;710-3;SDR HERREDS KRAFTVARMEVÆRKER AMBA;7990;Øster Assels;773;Decentralt værk;354;Øster Assels Fjernvarme;Øster Assel, Kedel 2;Kedel;fvv;2013-01-01 00:00:00;;0;0,99;halm;fast biomasse;;0;;;;1;;;;;;
2025;861;2285;2285-1;SDR HERREDS KRAFTVARMEVÆRKER AMBA;7960;Karby;773;Erhvervsværk;353;Karby-Hvidbjerg-Redsted Fjernv;Overskudsvarme fra KSM Stoker;Overskudsvarme;pvp;2014-01-01 00:00:00;;0;1,2;braendselsfrit;braendselsfrit;;0;;;;0;;1;;;;
2025;868;713;713-2;THORSMINDE VARMEVÆRK A.M.B.A.;6990;Ulfborg;661;Fjernvarmeværk;364;Thorsminde Fjernvarme;Oliekedel;Kedel;fvv;1993-01-01 00:00:00;;0;1,6;Ej i drift i 2025;Ej i drift i 2025;;;;;;;;;;;;
2025;868;713;713-3;THORSMINDE VARMEVÆRK A.M.B.A.;6990;Ulfborg;661;Fjernvarmeværk;364;Thorsminde Fjernvarme;Ny fliskedel;Kedel;fvv;1993-01-01 00:00:00;;0;1,6;skovflis;fast biomasse;;0;;;;1;;;;;;
2025;868;713;713-4;THORSMINDE VARMEVÆRK A.M.B.A.;6990;Ulfborg;661;Fjernvarmeværk;364;Thorsminde Fjernvarme;Varmepumpe;Varmepumpe;fvv;2023-01-01 00:00:00;;0;2,5;omgivelsesvarme;omgivelsesvarme;;0;;;;0;;;;;0,294491766;0,705508234
2025;870;715;715-2;SYDLANGELAND FJERNVARME A.M.B.A.;5932;Humble;482;Fjernvarmeværk;366;Sydlangeland Fjernvarme;DanStoker - Oliekedel - TVB nr. 12;Kedel;fvv;1994-04-01 00:00:00;;0;6,3;gasolie;olie;;1;;;;0;;;;;;
2025;870;715;715-3;SYDLANGELAND FJERNVARME A.M.B.A.;5932;Humble;482;Fjernvarmeværk;366;Sydlangeland Fjernvarme;Weiss -Halmkedel - GVB 6300;Kedel;fvv;2003-01-30 00:00:00;;0;6,3;halm;fast biomasse;;0;;;;1;;;;;;
2025;870;715;715-4;SYDLANGELAND FJERNVARME A.M.B.A.;5932;Humble;482;Fjernvarmeværk;366;Sydlangeland Fjernvarme;Solfangeranlæg;Solvarme;fvv;2013-11-01 00:00:00;;0;7,5;solenergi;solenergi;;0;;;;0;;;1;;;
2025;870;715;715-5;SYDLANGELAND FJERNVARME A.M.B.A.;5932;Humble;482;Fjernvarmeværk;366;Sydlangeland Fjernvarme;Termax varmepumpe;Varmepumpe Solvarme;fvv;2015-01-01 00:00:00;;0;1,739;Ej i drift i 2025;Ej i drift i 2025;;;;;;;;;;;;
2025;870;715;715-6;SYDLANGELAND FJERNVARME A.M.B.A.;5932;Humble;482;Fjernvarmeværk;366;Sydlangeland Fjernvarme;Verdo;Kedel;fvv;2021-01-01 00:00:00;;0;6,5;halm;fast biomasse;;0;;;;1;;;;;;
2025;871;716;716-2;LOHALS VARMEFORSYNING A.M.B.A.;5953;Tranekær;482;Fjernvarmeværk;367;Lohals Fjernvarme;Oliekedel;Kedel;fvv;2003-08-01 00:00:00;;0;3;gasolie;olie;;1;;;;0;;;;;;
2025;871;716;716-3;LOHALS VARMEFORSYNING A.M.B.A.;5953;Tranekær;482;Fjernvarmeværk;367;Lohals Fjernvarme;Fliskedel;Kedel;fvv;2011-11-01 00:00:00;;0;2;skovflis;fast biomasse;;0;;;;1;;;;;;
2025;871;716;716-4;LOHALS VARMEFORSYNING A.M.B.A.;5953;Tranekær;482;Fjernvarmeværk;367;Lohals Fjernvarme;Halmkedel;Kedel;fvv;2023-10-01 00:00:00;;0;2,5;halm;fast biomasse;;0;;;;1;;;;;;
2025;872;717;717-1;THYBORØN FJERNVARME A.M.B.A.;7680;Thyborøn;665;Fjernvarmeværk;368;Thyborøn Fjernvarme;4,2 MW Fliskedel;Kedel;fvv;1994-04-01 00:00:00;;0;4,8;skovflis;fast biomasse;;0;;;;1;;;;;;
2025;872;717;717-2;THYBORØN FJERNVARME A.M.B.A.;7680;Thyborøn;665;Fjernvarmeværk;368;Thyborøn Fjernvarme;2 MW oliekedel;Kedel;fvv;1993-12-01 00:00:00;;0;2;Ej i drift i 2025;Ej i drift i 2025;;;;;;;;;;;;
2025;872;717;717-3;THYBORØN FJERNVARME A.M.B.A.;7680;Thyborøn;665;Fjernvarmeværk;368;Thyborøn Fjernvarme;5 MW oliekedel;Kedel;fvv;1993-12-01 00:00:00;;0;5;Ej i drift i 2025;Ej i drift i 2025;;;;;;;;;;;;
2025;872;717;717-4;THYBORØN FJERNVARME A.M.B.A.;7680;Thyborøn;665;Fjernvarmeværk;368;Thyborøn Fjernvarme;6,5 MW Fliskedel;Kedel;fvv;2015-07-01 00:00:00;;0;8,3;skovflis;fast biomasse;;0;;;;1;;;;;;
2025;873;718;718-1;HAVNDAL FJERNVARME A M B A;8970;Havndal;730;Fjernvarmeværk;369;Havndal Fjernvarme;Oliekedlen;Kedel;fvv;1993-08-15 00:00:00;;0;2,5;Ej i drift i 2025;Ej i drift i 2025;;;;;;;;;;;;
2025;873;718;718-3;HAVNDAL FJERNVARME A M B A;8970;Havndal;730;Fjernvarmeværk;369;Havndal Fjernvarme;Halmkedel 2007/2008;Kedel;fvv;2008-06-24 00:00:00;;0;3,15;halm;fast biomasse;;0;;;;1;;;;;;
2025;875;721;721-1;FELDBORG KRAFTVARMEVÆRK A.M.B.A.;7540;Haderup;657;Decentralt værk;371;Feldborg Fjernvarme;Gaskedel;Kedel;fvv;1994-08-06 00:00:00;;0;1,5;naturgas;naturgas;;0;1;;;0;;;;;;
2025;875;721;721-3;FELDBORG KRAFTVARMEVÆRK A.M.B.A.;7540;Haderup;657;Decentralt værk;371;Feldborg Fjernvarme;Motor 2;Forbrændingsmotor;kvt;1994-10-01 00:00:00;;0,66;0,95;Ej i drift i 2025;Ej i drift i 2025;;;;;;;;;;;;
2025;875;721;721-4;FELDBORG KRAFTVARMEVÆRK A.M.B.A.;7540;Haderup;657;Decentralt værk;371;Feldborg Fjernvarme;Solvarmeanlæg - 4006 m2;Solvarme;fvv;2012-09-05 00:00:00;;0;3;solenergi;solenergi;;0;;;;0;;;1;;;
2025;875;721;721-5;FELDBORG KRAFTVARMEVÆRK A.M.B.A.;7540;Haderup;657;Decentralt værk;371;Feldborg Fjernvarme;Varmepumpe;Varmepumpe Luft;fvv;2021-12-01 00:00:00;;0;1,2;omgivelsesvarme;omgivelsesvarme;;0;;;;0;;;;;0,333215269;0,666784731
2025;876;722;722-1;HADERUP KRAFTVARMEVÆRK A.M.B.A.;7540;Haderup;657;Decentralt værk;372;Haderup Fjernvarme;Gas-Kedel;Kedel;fvv;1993-03-01 00:00:00;;0;1,5;naturgas;naturgas;;0;1;;;0;;;;;;
2025;876;722;722-2;HADERUP KRAFTVARMEVÆRK A.M.B.A.;7540;Haderup;657;Decentralt værk;372;Haderup Fjernvarme;M-2;Forbrændingsmotor;kvt;1995-01-01 00:00:00;;0,66;1;Ej i drift i 2025;Ej i drift i 2025;;;;;;;;;;;;
2025;876;722;722-4;HADERUP KRAFTVARMEVÆRK A.M.B.A.;7540;Haderup;657;Decentralt værk;372;Haderup Fjernvarme;Solvarmeanlæg;Solvarme;fvv;2015-04-01 00:00:00;;0;3;solenergi;solenergi;;0;;;;0;;;1;;;
2025;876;722;722-5;HADERUP KRAFTVARMEVÆRK A.M.B.A.;7540;Haderup;657;Decentralt værk;372;Haderup Fjernvarme;Varmepumpe;Varmepumpe Luft;fvv;2021-11-01 00:00:00;;0;1,2;omgivelsesvarme;omgivelsesvarme;;0;;;;0;;;;;0,342673701;0,657326299
2025;877;1047;1047-2;GASSUM-HVIDSTEN KRAFTVARMEVÆRK AMBA;8981;Spentrup;730;Decentralt værk;373;Gassum-Hvidsten Fjernvarme;Kedel;Kedel;fvv;1995-01-01 00:00:00;;0;1;naturgas;naturgas;;0;1;;;0;;;;;;
2025;877;1047;1047-3;GASSUM-HVIDSTEN KRAFTVARMEVÆRK AMBA;8981;Spentrup;730;Decentralt værk;373;Gassum-Hvidsten Fjernvarme;Halm Kedel;Kedel;fvv;2013-12-18 00:00:00;;0;1;halm;fast biomasse;;0;;;;1;;;;;;
2025;878;1043;1043-1;ASTRUP KRAFTVARMEVÆRK A.M.B.A.;9510;Arden;846;Decentralt værk;375;Astrup Fjernvarme;Forbrændingsmotor;Forbrændingsmotor;kvt;1995-01-01 00:00:00;;1;1,19;naturgas;naturgas;;0;1;;;0;;;;;;
2025;878;1043;1043-2;ASTRUP KRAFTVARMEVÆRK A.M.B.A.;9510;Arden;846;Decentralt værk;375;Astrup Fjernvarme;Naturgaskedel;Kedel;fvv;1994-11-01 00:00:00;;0;1,5;naturgas;naturgas;;0;1;;;0;;;;;;
2025;878;1043;1043-3;ASTRUP KRAFTVARMEVÆRK A.M.B.A.;9510;Arden;846;Decentralt værk;375;Astrup Fjernvarme;Træpillekedel;Kedel;fvv;2013-09-01 00:00:00;;0;1;traepiller;fast biomasse;;0;;;;1;;;;;;
2025;878;1043;1043-4;ASTRUP KRAFTVARMEVÆRK A.M.B.A.;9510;Arden;846;Decentralt værk;375;Astrup Fjernvarme;Varmepumpe;Varmepumpe Luft;fvv;2021-05-03 00:00:00;;0;0,44;omgivelsesvarme;omgivelsesvarme;;0;;;;0;;;;;0,316396794;0,683603206
2025;879;723;723-1;ROSTRUP KRAFTVARMEVÆRK AMBA;9510;Arden;846;Decentralt værk;376;Rostrup Fjernvarme;Rostrup kraftvarmeværk;Forbrændingsmotor;kvt;2016-04-20 00:00:00;;0,83;1,1;naturgas;naturgas;;0;1;;;0;;;;;;
2025;879;723;723-2;ROSTRUP KRAFTVARMEVÆRK AMBA;9510;Arden;846;Decentralt værk;376;Rostrup Fjernvarme;Kedel;Kedel;fvv;2012-01-01 00:00:00;;0;1;naturgas;naturgas;;0;1;;;0;;;;;;
2025;879;723;723-3;ROSTRUP KRAFTVARMEVÆRK AMBA;9510;Arden;846;Decentralt værk;376;Rostrup Fjernvarme;halmfyr;Kedel;fvv;2023-03-07 00:00:00;;0;1,525;halm;fast biomasse;;0;;;;1;;;;;;
2025;880;724;724-1;OUE KRAFTVARMEVÆRK A.M.B.A.;9500;Hobro;846;Decentralt værk;377;Oue Fjernvarme;Oue Kraftvarmeværk;Forbrændingsmotor;kvt;1994-01-01 00:00:00;;0,92;1,27;naturgas;naturgas;;0;1;;;0;;;;;;
2025;880;724;724-2;OUE KRAFTVARMEVÆRK A.M.B.A.;9500;Hobro;846;Decentralt værk;377;Oue Fjernvarme;Kedel;Kedel;fvv;1993-10-01 00:00:00;;0;1,5;naturgas;naturgas;;0;1;;;0;;;;;;
2025;880;724;724-3;OUE KRAFTVARMEVÆRK A.M.B.A.;9500;Hobro;846;Decentralt værk;377;Oue Fjernvarme;Biokedel;Kedel;fvv;2015-01-01 00:00:00;;0;0,95;skovflis;fast biomasse;;0;;;;1;;;;;;
2025;883;726;726-1;MANNA-THISE KRAFTVARMEVÆRK;9700;Brønderslev;810;Decentralt værk;374;Manna-Tiese Fjernvarme;Kraftvarmeværk;Forbrændingsmotor;kvt;1994-10-01 00:00:00;;0,92;1,03;naturgas;naturgas;;0;1;;;0;;;;;;
2025;883;726;726-2;MANNA-THISE KRAFTVARMEVÆRK;9700;Brønderslev;810;Decentralt værk;374;Manna-Tiese Fjernvarme;Kedelanlæg;Kedel;fvv;1994-10-01 00:00:00;;0;1,1;naturgas;naturgas;;0;1;;;0;;;;;;
2025;883;726;726-3;MANNA-THISE KRAFTVARMEVÆRK;9700;Brønderslev;810;Decentralt værk;374;Manna-Tiese Fjernvarme;Bio-kedelanlæg;Bioforgasn. m. KE;fvv;2016-02-15 00:00:00;;0;1;traepiller;fast biomasse;;0;;;;1;;;;;;
2025;886;728;728-1;RAVNKILDE KRAFTVARMEVÆRK A M B A;9610;Nørager;840;Decentralt værk;379;Ravnkilde Nysum Fjernvarme;Danstoker;Kedel;fvv;1994-10-01 00:00:00;;0;1,45;naturgas;naturgas;;0;1;;;0;;;;;;
2025;886;728;728-2;RAVNKILDE KRAFTVARMEVÆRK A M B A;9610;Nørager;840;Decentralt værk;379;Ravnkilde Nysum Fjernvarme;Jernbacher;Forbrændingsmotor;kvt;1994-10-01 00:00:00;;0,92;1,14;naturgas;naturgas;;0;1;;;0;;;;;;
2025;886;728;728-3;RAVNKILDE KRAFTVARMEVÆRK A M B A;9610;Nørager;840;Decentralt værk;379;Ravnkilde Nysum Fjernvarme;VarmePumpe;Varmepumpe Luft;fvv;2020-05-11 00:00:00;;0;0,861;omgivelsesvarme;omgivelsesvarme;;0;;;;0;;;;;0,332868141;0,667131859
2025;892;730;730-1;NYSTED VARMEVÆRK A.M.B.A;4880;Nysted;376;Fjernvarmeværk;53;Nysted Fjernvarme;Oliekedel;Kedel;fvv;1988-10-01 00:00:00;;0;5;gasolie;olie;;1;;;;0;;;;;;
2025;892;730;730-3;NYSTED VARMEVÆRK A.M.B.A;4880;Nysted;376;Fjernvarmeværk;53;Nysted Fjernvarme;Wiess halmkedel;Kedel;fvv;2006-11-01 00:00:00;;0;6,3;halm;fast biomasse;;0;;;;1;;;;;;
2025;893;731;731-1;FJERNVARMEFORSYNINGEN I Ø TOREBY, TOREBY, SUNDBY OG NAGELSTI AMBA;4800;Nykøbing F;376;Fjernvarmeværk;52;Sundby-Øster Toreby Fjernvarme;8 ME Halmkedel m røggaskond.;Kedel;fvv;2007-01-01 00:00:00;;0;8,8;halm;fast biomasse;;0;;;;1;;;;;;
2025;893;731;731-2;FJERNVARMEFORSYNINGEN I Ø TOREBY, TOREBY, SUNDBY OG NAGELSTI AMBA;4800;Nykøbing F;376;Fjernvarmeværk;52;Sundby-Øster Toreby Fjernvarme;Oliekedel;Kedel;fvv;1988-01-01 00:00:00;;0;7;Ej i drift i 2025;Ej i drift i 2025;;;;;;;;;;;;
2025;893;731;731-4;FJERNVARMEFORSYNINGEN I Ø TOREBY, TOREBY, SUNDBY OG NAGELSTI AMBA;4800;Nykøbing F;376;Fjernvarmeværk;52;Sundby-Øster Toreby Fjernvarme;10 MW Weiss halmkedel;Kedel;fvv;2013-01-01 00:00:00;;0;10;halm;fast biomasse;;0;;;;1;;;;;;
2025;893;731;731-5;FJERNVARMEFORSYNINGEN I Ø TOREBY, TOREBY, SUNDBY OG NAGELSTI AMBA;4800;Nykøbing F;376;Fjernvarmeværk;52;Sundby-Øster Toreby Fjernvarme;Solfanger;Solvarme;fvv;2016-05-02 00:00:00;;0;15;solenergi;solenergi;;0;;;;0;;;1;;;
2025;894;732;732-1;SYDFALSTER VARMEVÆRK A M B A;4873;Væggerløse;376;Fjernvarmeværk;63;Væggerløse Fjernvarme;6,3 MW Biomassekedel;Kedel;fvv;2003-10-01 00:00:00;;0;6,3;trae- og biomasseaffald;fast biomasse;;0;;;;1;;;;;;
2025;894;732;732-2;SYDFALSTER VARMEVÆRK A M B A;4873;Væggerløse;376;Fjernvarmeværk;63;Væggerløse Fjernvarme;Oliekedel;Kedel;fvv;1988-08-01 00:00:00;;0;6,3;gasolie;olie;;1;;;;0;;;;;;
2025;894;732;732-3;SYDFALSTER VARMEVÆRK A M B A;4873;Væggerløse;376;Fjernvarmeværk;63;Væggerløse Fjernvarme;Solvarmeanlæg - 12106 m2;Solvarme;fvv;2011-09-01 00:00:00;;0;7,8;solenergi;solenergi;;0;;;;0;;;1;;;
2025;894;732;732-4;SYDFALSTER VARMEVÆRK A M B A;4873;Væggerløse;376;Fjernvarmeværk;63;Væggerløse Fjernvarme;2MW Biomasse kedel;Kedel;fvv;2021-12-31 00:00:00;;0;2;trae- og biomasseaffald;fast biomasse;;0;;;;1;;;;;;
2025;895;733;733-2;TVERSTED KRAFTVARMEVÆRK A M B A;9881;Bindslev;860;Decentralt værk;357;Tversted Fjernvarme;Kedel;Kedel;fvv;1995-01-01 00:00:00;;0;1,8;naturgas;naturgas;;0;1;;;0;;;;;;
2025;895;733;733-3;TVERSTED KRAFTVARMEVÆRK A M B A;9881;Bindslev;860;Decentralt værk;357;Tversted Fjernvarme;Jenbacher;Forbrændingsmotor;kvt;2005-09-20 00:00:00;;1,82;2,19;naturgas;naturgas;;0;1;;;0;;;;;;
2025;895;733;733-4;TVERSTED KRAFTVARMEVÆRK A M B A;9881;Bindslev;860;Decentralt værk;357;Tversted Fjernvarme;Solvarmeanlæg - 4032 m2;Solvarme;fvv;2013-10-01 00:00:00;;0;3;solenergi;solenergi;;0;;;;0;;;1;;;
2025;895;733;733-5;TVERSTED KRAFTVARMEVÆRK A M B A;9881;Bindslev;860;Decentralt værk;357;Tversted Fjernvarme;Biokedelanlæg;Kedel;fvv;2015-11-02 00:00:00;;0;0,92;traepiller;fast biomasse;;0;;;;1;;;;;;
2025;907;500;500-1;NORDIC SUGAR A/S;4800;Nykøbing F;376;Erhvervsværk;51;Nykøbing Falster Fjernvarme;Kedel 6;Dampturbine;pev;1960-01-01 00:00:00;;4,5;23,7;naturgas;naturgas;;0;1;;;0;;;;;;
2025;907;500;500-13;NORDIC SUGAR A/S;4800;Nykøbing F;376;Erhvervsværk;51;Nykøbing Falster Fjernvarme;Overskudsvarmeanlæg;Overskudsvarme;pvp;1990-01-01 00:00:00;;0;10;braendselsfrit;braendselsfrit;;0;;;;0;;1;;;;
2025;907;500;500-5;NORDIC SUGAR A/S;4800;Nykøbing F;376;Erhvervsværk;51;Nykøbing Falster Fjernvarme;Kedel 7;Dampturbine;pev;1963-01-01 00:00:00;;4,5;23,6;naturgas;naturgas;;0;1;;;0;;;;;;
2025;909;744;744-2;HARTMANN PACKAGING A/S;6270;Tønder;550;Erhvervsværk;115;Tønder Fjernvarme;Gasturbine 2;Gasturbine;pev;2012-01-01 00:00:00;;6,9;14;Ej i drift i 2025;Ej i drift i 2025;;;;;;;;;;;;
2025;922;754;754-1;AAK DENMARK A/S;8000;Århus C;751;Erhvervsværk;;;Kedel K1;Dampturbine;pev;1968-01-01 00:00:00;;1,29;25,5;Ej i drift i 2025;Ej i drift i 2025;;;;;;;;;;;;
2025;922;754;754-11;AAK DENMARK A/S;8000;Århus C;751;Erhvervsværk;;;Kedel 4;Dampturbine;pev;2019-03-14 00:00:00;;0,258;5,1;Ej i drift i 2025;Ej i drift i 2025;;;;;;;;;;;;
2025;922;754;754-14;AAK DENMARK A/S;8000;Århus C;751;Erhvervsværk;;;Kedel K5;Dampturbine;pev;2023-12-13 00:00:00;;0,89;17,9;Ej i drift i 2025;Ej i drift i 2025;;;;;;;;;;;;
2025;922;754;754-15;AAK DENMARK A/S;8000;Århus C;751;Erhvervsværk;;;Kedel K6;Dampturbine;pev;2023-12-13 00:00:00;;0,89;17,9;Ej i drift i 2025;Ej i drift i 2025;;;;;;;;;;;;
2025;922;754;754-2;AAK DENMARK A/S;8000;Århus C;751;Erhvervsværk;;;Kedel K2;Dampturbine;pev;1971-01-01 00:00:00;;1,29;25,5;Ej i drift i 2025;Ej i drift i 2025;;;;;;;;;;;;
2025;922;754;754-3;AAK DENMARK A/S;8000;Århus C;751;Erhvervsværk;;;Kedel K3;Dampturbine;pev;1996-01-01 00:00:00;;1,3;25,5;Ej i drift i 2025;Ej i drift i 2025;;;;;;;;;;;;
2025;928;760;760-1;CP KELCO ApS;4623;Lille Skensved;259;Erhvervsværk;2;Storkøbenhavns Fjernvarme;Kedel 1;Dampturbine;pev;1986-01-29 00:00:00;;5,89;36;naturgas;naturgas;;0;1;;;0;;;;;;
2025;928;760;760-8;CP KELCO ApS;4623;Lille Skensved;259;Erhvervsværk;2;Storkøbenhavns Fjernvarme;Overskudsvarme;Varmepumpe Overskudsvarme;pvp;2018-08-01 00:00:00;;0;7;braendselsfrit;braendselsfrit;;0;;;;0;;0,969044503;;;0,030955497;
2025;952;784;784-1;RY MØLLE A/S;8680;Ry;746;Vandkraftværk;;;Turbine 1;Vandkraft;vkt;1954-01-01 00:00:00;;0,06;0;vandkraft;vandkraft;;0;;;;0;;;;1;;
2025;952;784;784-2;RY MØLLE A/S;8680;Ry;746;Vandkraftværk;;;Turbine 2;Vandkraft;vkt;1954-01-01 00:00:00;;0,06;0;vandkraft;vandkraft;;0;;;;0;;;;1;;
2025;954;786;786-1;JÆGERSPRIS KRAFTVARME A.M.B.A;3630;Jægerspris;250;Decentralt værk;382;Jægerspris Fjernvarme;Motor 1;Forbrændingsmotor;kvt;1995-10-01 00:00:00;;2,88;3,5;naturgas;naturgas;;0;1;;;0;;;;;;
2025;954;786;786-10;JÆGERSPRIS KRAFTVARME A.M.B.A;3630;Jægerspris;250;Decentralt værk;382;Jægerspris Fjernvarme;Varmepumpe luft;Varmepumpe Luft;fvv;2024-10-14 00:00:00;;0;2,6;omgivelsesvarme;omgivelsesvarme;;0;;;;0;;;;;0,269958957;0,730041043
2025;954;786;786-11;JÆGERSPRIS KRAFTVARME A.M.B.A;3630;Jægerspris;250;Decentralt værk;382;Jægerspris Fjernvarme;Varmepumpe 2,6 MW;Varmepumpe Luft;fvv;2024-10-14 00:00:00;;0;2,6;omgivelsesvarme;omgivelsesvarme;;0;;;;0;;;;;0,268428742;0,731571258
2025;954;786;786-12;JÆGERSPRIS KRAFTVARME A.M.B.A;3630;Jægerspris;250;Decentralt værk;382;Jægerspris Fjernvarme;Varmepumpe luft 2,6 MW;Varmepumpe Luft;fvv;2024-10-14 00:00:00;;0;2,6;omgivelsesvarme;omgivelsesvarme;;0;;;;0;;;;;0,268699187;0,731300813
2025;954;786;786-13;JÆGERSPRIS KRAFTVARME A.M.B.A;3630;Jægerspris;250;Decentralt værk;382;Jægerspris Fjernvarme;Varmepumpe - Vand til vand på tilbageløb;Varmepumpe Anden;fvv;2024-10-14 00:00:00;;0;1;omgivelsesvarme;omgivelsesvarme;;0;;;;0;;;;;0,178427106;0,821572894
2025;954;786;786-14;JÆGERSPRIS KRAFTVARME A.M.B.A;3630;Jægerspris;250;Decentralt værk;382;Jægerspris Fjernvarme;Elkedel;Elpatron;fvv;2025-04-14 00:00:00;;0;13;elektricitet;elektricitet;;0;;;;0;;;;;1;
2025;954;786;786-2;JÆGERSPRIS KRAFTVARME A.M.B.A;3630;Jægerspris;250;Decentralt værk;382;Jægerspris Fjernvarme;Motor 2;Forbrændingsmotor;kvt;1995-10-01 00:00:00;;2,88;3,5;naturgas;naturgas;;0;1;;;0;;;;;;
2025;954;786;786-3;JÆGERSPRIS KRAFTVARME A.M.B.A;3630;Jægerspris;250;Decentralt værk;382;Jægerspris Fjernvarme;kedel;Kedel;fvv;1995-09-01 00:00:00;;0;8;naturgas;naturgas;;0;1;;;0;;;;;;
2025;954;786;786-4;JÆGERSPRIS KRAFTVARME A.M.B.A;3630;Jægerspris;250;Decentralt værk;382;Jægerspris Fjernvarme;Solvarmeanlæg - 13.400 m2 (ikke kvoteomf;Solvarme;fvv;2010-07-01 00:00:00;;0;8,5;solenergi;solenergi;;0;;;;0;;;1;;;
2025;954;786;786-5;JÆGERSPRIS KRAFTVARME A.M.B.A;3630;Jægerspris;250;Decentralt værk;382;Jægerspris Fjernvarme;Hedtvandskedel;Kedel;fvv;2018-11-01 00:00:00;;0;6;naturgas;naturgas;;0;1;;;0;;;;;;
2025;954;786;786-6;JÆGERSPRIS KRAFTVARME A.M.B.A;3630;Jægerspris;250;Decentralt værk;382;Jægerspris Fjernvarme;El varmepumpe;Varmepumpe Luft;fvv;2018-11-01 00:00:00;;0;1;omgivelsesvarme;omgivelsesvarme;;0;;;;0;;;;;0,35;0,65
2025;954;786;786-9;JÆGERSPRIS KRAFTVARME A.M.B.A;3630;Jægerspris;250;Decentralt værk;382;Jægerspris Fjernvarme;Nødgenerator;Nødstrømsanlæg;kvt;2021-06-01 00:00:00;;0,088;0;gasolie;olie;;1;;;;0;;;;;;
2025;955;787;787-1;VORUPØR KRAFTVARMEVÆRK;7700;Thisted;787;Decentralt værk;380;Vorupør Fjernvarme;Motor 1;Forbrændingsmotor;kvt;1995-01-01 00:00:00;;0,736;1,1;naturgas;naturgas;;0;1;;;0;;;;;;
2025;955;787;787-2;VORUPØR KRAFTVARMEVÆRK;7700;Thisted;787;Decentralt værk;380;Vorupør Fjernvarme;Motor 2;Forbrændingsmotor;kvt;1995-01-01 00:00:00;;0,736;1,1;naturgas;naturgas;;0;1;;;0;;;;;;
2025;955;787;787-3;VORUPØR KRAFTVARMEVÆRK;7700;Thisted;787;Decentralt værk;380;Vorupør Fjernvarme;Reserve og spidslastkedel;Kedel;fvv;1995-01-01 00:00:00;;0;2,5;naturgas;naturgas;;0;1;;;0;;;;;;
2025;955;787;787-4;VORUPØR KRAFTVARMEVÆRK;7700;Thisted;787;Decentralt værk;380;Vorupør Fjernvarme;Elkedel;Elpatron;fvv;2012-01-01 00:00:00;;0;1;elektricitet;elektricitet;;0;;;;0;;;;;1;
2025;955;787;787-5;VORUPØR KRAFTVARMEVÆRK;7700;Thisted;787;Decentralt værk;380;Vorupør Fjernvarme;Halmværk;Kedel;fvv;2016-04-01 00:00:00;;0;0,98;halm;fast biomasse;;0;;;;1;;;;;;
2025;956;788;788-2;HALLUND KRAFTVARMEVÆRK A M B A;9700;Brønderslev;810;Decentralt værk;390;Hallund Fjernvarme;Kedelanlæg;Kedel;fvv;1994-12-01 00:00:00;;0;1;Ej i drift i 2025;Ej i drift i 2025;;;;;;;;;;;;
2025;956;788;788-3;HALLUND KRAFTVARMEVÆRK A M B A;9700;Brønderslev;810;Decentralt værk;390;Hallund Fjernvarme;Halmanlæg;Bioforgasn. m. KE;fvv;2015-12-20 00:00:00;;0;1;halm;fast biomasse;;0;;;;1;;;;;;
2025;961;1051;1051-2;ÅDUM KRAFTVARMEVÆRK A.M.B.A.;6880;Tarm;760;Decentralt værk;162;Tarm Fjernvarme (fra 2013 incl. Ådum);Gaskedel;Kedel;fvv;1995-01-01 00:00:00;;0;1,6;naturgas;naturgas;;0;1;;;0;;;;;;
2025;963;1053;1053-1;VÆRUM-ØRUM KRAFTVARMEVÆRK AMBA;8870;Langå;730;Decentralt værk;389;Værum-Ørum Fjernvarme;Kedel - Jebjerg;Kedel;fvv;1995-01-01 00:00:00;;0;2;naturgas;naturgas;;0;1;;;0;;;;;;
2025;963;1053;1053-3;VÆRUM-ØRUM KRAFTVARMEVÆRK AMBA;8870;Langå;730;Decentralt værk;389;Værum-Ørum Fjernvarme;Pillefyr - Jebjerg;Kedel;fvv;2013-02-01 00:00:00;;0;0,7;traepiller;fast biomasse;;0;;;;1;;;;;;
2025;963;1053;1053-4;VÆRUM-ØRUM KRAFTVARMEVÆRK AMBA;8870;Langå;730;Decentralt værk;389;Værum-Ørum Fjernvarme;Sol - Hammelvej;Solvarme;fvv;2020-06-01 00:00:00;;0;6,2;solenergi;solenergi;;0;;;;0;;;1;;;
2025;963;1053;1053-5;VÆRUM-ØRUM KRAFTVARMEVÆRK AMBA;8870;Langå;730;Decentralt værk;389;Værum-Ørum Fjernvarme;Kedel - Hammelvej;Kedel;fvv;2020-06-01 00:00:00;;0;2;naturgas;naturgas;;0;1;;;0;;;;;;
2025;963;1053;1053-6;VÆRUM-ØRUM KRAFTVARMEVÆRK AMBA;8870;Langå;730;Decentralt værk;389;Værum-Ørum Fjernvarme;Pillefyr - Hammelvej;Kedel;fvv;2022-12-01 00:00:00;;0;1,3;traepiller;fast biomasse;;0;;;;1;;;;;;
2025;963;1053;1053-7;VÆRUM-ØRUM KRAFTVARMEVÆRK AMBA;8870;Langå;730;Decentralt værk;389;Værum-Ørum Fjernvarme;VP - Hammelvej;Varmepumpe;fvv;2024-12-05 00:00:00;;0;2,1;omgivelsesvarme;omgivelsesvarme;;0;;;;0;;;;;0,315224835;0,684775165
2025;964;1054;1054-1;VESLØS FJERNVARME AMBA;7742;Vesløs;787;Fjernvarmeværk;391;Vesløs Fjernvarme;Justsen Kedel 1;Kedel;fvv;1995-01-01 00:00:00;;0;0,48;skovflis;fast biomasse;;0;;;;1;;;;;;
2025;964;1054;1054-2;VESLØS FJERNVARME AMBA;7742;Vesløs;787;Fjernvarmeværk;391;Vesløs Fjernvarme;Justen Kedel 2;Kedel;fvv;1995-01-01 00:00:00;;0;0,48;skovflis;fast biomasse;;0;;;;1;;;;;;
2025;1014;846;846-2;KØGE AFLØB A/S;4600;Køge;259;Lokalt værk;;;Gasmotor;Forbrændingsmotor;pev;2014-04-15 00:00:00;;0,363;0,434;biogas;biogas;;0;;;1;0;;;;;;
2025;1087;1087;1087-1;SOPHUS FUGLSANG. EXPORT-MALTFABRIK A/S;7700;Thisted;787;Erhvervsværk;;;Kraftvarmeanlæg;Forbrændingsmotor;pev;1995-10-01 00:00:00;;9,71;11,97;naturgas;naturgas;;0;1;;;0;;;;;;
2025;1087;1231;1231-1;SOPHUS FUGLSANG. EXPORT-MALTFABRIK A/S;6100;Haderslev;510;Erhvervsværk;;;Kraftvarmeanlæg;Forbrændingsmotor;pev;1995-01-01 00:00:00;;1,5;2,1;naturgas;naturgas;;0;1;;;0;;;;;;
2025;1087;1231;1231-2;SOPHUS FUGLSANG. EXPORT-MALTFABRIK A/S;6100;Haderslev;510;Erhvervsværk;;;Kraftvarmeanlæg Motor 2;Forbrændingsmotor;pev;2002-12-17 00:00:00;;3,2;3,7;naturgas;naturgas;;0;1;;;0;;;;;;
2025;1096;928;928-4;A/S KNUD JEPSEN;8382;Hinnerup;710;Erhvervsværk;;;KV 3;Forbrændingsmotor;pev;2012-01-01 00:00:00;;1;1,3;naturgas;naturgas;;0;1;;;0;;;;;;
2025;1096;928;928-5;A/S KNUD JEPSEN;8382;Hinnerup;710;Erhvervsværk;;;KV 4;Forbrændingsmotor;pev;2012-01-01 00:00:00;;1;1,3;naturgas;naturgas;;0;1;;;0;;;;;;
2025;1096;928;928-6;A/S KNUD JEPSEN;8382;Hinnerup;710;Erhvervsværk;;;KV 5;Forbrændingsmotor;pev;2012-01-01 00:00:00;;1,12;1,35;naturgas;naturgas;;0;1;;;0;;;;;;
2025;1096;928;928-7;A/S KNUD JEPSEN;8382;Hinnerup;710;Erhvervsværk;;;KV 6;Forbrændingsmotor;pev;2012-01-01 00:00:00;;1,75;2,15;naturgas;naturgas;;0;1;;;0;;;;;;
2025;1096;1472;1472-2;A/S KNUD JEPSEN;8382;Hinnerup;710;Erhvervsværk;;;Kraftvarmeanlæg;Forbrændingsmotor;pev;1998-10-01 00:00:00;;0,8;1,02;naturgas;naturgas;;0;1;;;0;;;;;;
2025;1097;929;929-1;FELDBORG ENERGY ApS;5672;Broby;430;Decentralt værk;888;Blokvarme mv;KV 1;Forbrændingsmotor;kvt;1994-05-20 00:00:00;;3,07;3,8;naturgas;naturgas;0;0;1;;;0;;;;;;
2025;1097;929;929-2;FELDBORG ENERGY ApS;5672;Broby;430;Decentralt værk;888;Blokvarme mv;KV 2;Forbrændingsmotor;kvt;1997-04-09 00:00:00;;2,8;3,4;naturgas;naturgas;;0;1;;;0;;;;;;
2025;1097;929;929-3;FELDBORG ENERGY ApS;5672;Broby;430;Decentralt værk;888;Blokvarme mv;KV 3;Forbrændingsmotor;kvt;2000-03-30 00:00:00;;2,8;3,4;naturgas;naturgas;;0;1;;;0;;;;;;
2025;1097;929;929-4;FELDBORG ENERGY ApS;5672;Broby;430;Decentralt værk;888;Blokvarme mv;Kulkedel;Kedel;fvv;1984-01-01 00:00:00;;0;10;Ej i drift i 2025;Ej i drift i 2025;;;;;;;;;;;;
2025;1097;929;929-7;FELDBORG ENERGY ApS;5672;Broby;430;Decentralt værk;888;Blokvarme mv;gaskedel;Kedel;fvv;2021-05-12 00:00:00;;0;9,3;naturgas;naturgas;;0;1;;;0;;;;;;
2025;1101;1074;1074-1;GENNER, HELLEVAD OG HOVSLUND FORENEDE KRAFT- VARMEVÆRKER A.M.B.A;6230;Rødekro;580;Decentralt værk;396;Hellevad Fjernvarme;Gasmotor;Forbrændingsmotor;kvt;1995-09-01 00:00:00;;0,92;1,25;naturgas;naturgas;;0;1;;;0;;;;;;
2025;1101;1074;1074-2;GENNER, HELLEVAD OG HOVSLUND FORENEDE KRAFT- VARMEVÆRKER A.M.B.A;6230;Rødekro;580;Decentralt værk;396;Hellevad Fjernvarme;Gaskedel;Kedel;fvv;1995-09-01 00:00:00;;0;1,38;naturgas;naturgas;;0;1;;;0;;;;;;
2025;1101;1074;1074-3;GENNER, HELLEVAD OG HOVSLUND FORENEDE KRAFT- VARMEVÆRKER A.M.B.A;6230;Rødekro;580;Decentralt værk;396;Hellevad Fjernvarme;Biokedel;Kedel;fvv;2016-02-19 00:00:00;;0;0,889;trae- og biomasseaffald;fast biomasse;;0;;;;1;;;;;;
2025;1101;1074;1074-4;GENNER, HELLEVAD OG HOVSLUND FORENEDE KRAFT- VARMEVÆRKER A.M.B.A;6230;Rødekro;580;Decentralt værk;396;Hellevad Fjernvarme;Varmepumpe;Varmepumpe;fvv;2022-12-15 00:00:00;;0;0,66;omgivelsesvarme;omgivelsesvarme;;0;;;;0;;;;;0,34861038;0,65138962
2025;1101;1074;1074-5;GENNER, HELLEVAD OG HOVSLUND FORENEDE KRAFT- VARMEVÆRKER A.M.B.A;6230;Rødekro;580;Decentralt værk;396;Hellevad Fjernvarme;El-kedel;Elpatron;fvv;2022-12-15 00:00:00;;0;0,5;elektricitet;elektricitet;;0;;;;0;;;;;1;
2025;1101;1075;1075-1;GENNER, HELLEVAD OG HOVSLUND FORENEDE KRAFT- VARMEVÆRKER A.M.B.A;6230;Rødekro;580;Decentralt værk;397;Genner Fjernvarme;Gasmotor;Forbrændingsmotor;kvt;1995-09-01 00:00:00;;0,92;1,25;naturgas;naturgas;;0;1;;;0;;;;;;
2025;1101;1075;1075-2;GENNER, HELLEVAD OG HOVSLUND FORENEDE KRAFT- VARMEVÆRKER A.M.B.A;6230;Rødekro;580;Decentralt værk;397;Genner Fjernvarme;Gaskedel;Kedel;fvv;1995-09-01 00:00:00;;0;1,38;naturgas;naturgas;;0;1;;;0;;;;;;
2025;1101;1075;1075-3;GENNER, HELLEVAD OG HOVSLUND FORENEDE KRAFT- VARMEVÆRKER A.M.B.A;6230;Rødekro;580;Decentralt værk;397;Genner Fjernvarme;Biokedel;Kedel;fvv;2016-04-29 00:00:00;;0;0,889;trae- og biomasseaffald;fast biomasse;;0;;;;1;;;;;;
2025;1101;1075;1075-4;GENNER, HELLEVAD OG HOVSLUND FORENEDE KRAFT- VARMEVÆRKER A.M.B.A;6230;Rødekro;580;Decentralt værk;397;Genner Fjernvarme;VP;Varmepumpe Luft;fvv;2020-10-29 00:00:00;;0;0,52;omgivelsesvarme;omgivelsesvarme;;0;;;;0;;;;;0,336599706;0,663400294
2025;1101;1075;1075-5;GENNER, HELLEVAD OG HOVSLUND FORENEDE KRAFT- VARMEVÆRKER A.M.B.A;6230;Rødekro;580;Decentralt værk;397;Genner Fjernvarme;El-kedel;Elpatron;fvv;2023-06-02 00:00:00;;0;0,2;elektricitet;elektricitet;;0;;;;0;;;;;1;
2025;1101;1076;1076-1;GENNER, HELLEVAD OG HOVSLUND FORENEDE KRAFT- VARMEVÆRKER A.M.B.A;6230;Rødekro;580;Decentralt værk;398;Hovslund Fjernvarme;Gasmotor;Forbrændingsmotor;kvt;1995-09-01 00:00:00;;0,74;0,98;naturgas;naturgas;;0;1;;;0;;;;;;
2025;1101;1076;1076-2;GENNER, HELLEVAD OG HOVSLUND FORENEDE KRAFT- VARMEVÆRKER A.M.B.A;6230;Rødekro;580;Decentralt værk;398;Hovslund Fjernvarme;Gaskedel;Kedel;fvv;1995-09-01 00:00:00;;0;1,5;naturgas;naturgas;;0;1;;;0;;;;;;
2025;1101;1076;1076-3;GENNER, HELLEVAD OG HOVSLUND FORENEDE KRAFT- VARMEVÆRKER A.M.B.A;6230;Rødekro;580;Decentralt værk;398;Hovslund Fjernvarme;Biokedel;Kedel;fvv;2016-06-01 00:00:00;;0;0,8;trae- og biomasseaffald;fast biomasse;;0;;;;1;;;;;;
2025;1102;823;823-3;VANDCENTER SYD A/S;5000;Odense C;461;Erhvervsværk;79;Fjernvarme Fyn;Biogasmotor;Forbrændingsmotor;pev;2010-01-01 00:00:00;;0,84;1,06;biogas;biogas;;0;;;1;0;;;;;;
2025;1102;823;823-4;VANDCENTER SYD A/S;5000;Odense C;461;Erhvervsværk;79;Fjernvarme Fyn;Biogas-motor;Forbrændingsmotor;pev;2013-10-28 00:00:00;;0,886;1,22;biogas;biogas;;0;;;1;0;;;;;;
2025;1102;823;823-5;VANDCENTER SYD A/S;5000;Odense C;461;Erhvervsværk;79;Fjernvarme Fyn;Ny Kedel;Kedel;pvp;2024-04-10 00:00:00;;0;2,58;biogas;biogas;;0;;;1;0;;;;;;
2025;1104;966;966-3;Rødding Fjernvarme;6630;Rødding;575;Fjernvarmeværk;110;Rødding Fjernvarme (Sdr.Jyll);K 5 - kombikedel;Kedel;fvv;1990-01-01 00:00:00;2026-01-01 00:00:00;0;3,5;Ej i drift i 2025;Ej i drift i 2025;;;;;;;;;;;;
2025;1104;2146;2146-1;Rødding Fjernvarme;6630;Rødding;575;Fjernvarmeværk;110;Rødding Fjernvarme (Sdr.Jyll);Halm;Kedel;fvv;2013-01-01 00:00:00;;0;8;halm;fast biomasse;;0;;;;1;;;;;;
2025;1104;2146;2146-2;Rødding Fjernvarme;6630;Rødding;575;Fjernvarmeværk;110;Rødding Fjernvarme (Sdr.Jyll);Oliekedel;Kedel;fvv;2024-01-01 00:00:00;;0;10;gasolie;olie;;1;;;;0;;;;;;
2025;1151;1073;1073-1;SKULDELEV ENERGISELSKAB A M B A;4050;Skibby;250;Decentralt værk;399;Skuldelev Fjernvarme;Jenbacher 320;Forbrændingsmotor;kvt;1996-06-30 00:00:00;;0,92;1,27;naturgas;naturgas;;0;1;;;0;;;;;;
2025;1151;1073;1073-2;SKULDELEV ENERGISELSKAB A M B A;4050;Skibby;250;Decentralt værk;399;Skuldelev Fjernvarme;Hollesen;Kedel;fvv;1996-06-30 00:00:00;;0;1,7;naturgas;naturgas;;0;1;;;0;;;;;;
2025;1151;1073;1073-3;SKULDELEV ENERGISELSKAB A M B A;4050;Skibby;250;Decentralt værk;399;Skuldelev Fjernvarme;Solvarmeanlæg - 3742m2;Solvarme;fvv;2015-07-01 00:00:00;;0;2,6;solenergi;solenergi;;0;;;;0;;;1;;;
2025;1151;1073;1073-4;SKULDELEV ENERGISELSKAB A M B A;4050;Skibby;250;Decentralt værk;399;Skuldelev Fjernvarme;Biomassekedel;Kedel;fvv;2017-12-01 00:00:00;;0;1,2;skovflis;fast biomasse;;0;;;;1;;;;;;
2025;1152;1078;1078-1;VEDDUM-SKELUND-VISBORG KRAFTVARMEVÆRK AMBA;9560;Hadsund;846;Decentralt værk;291;Hadsund By Fjernvarme;motor 1;Forbrændingsmotor;kvt;1996-01-01 00:00:00;;0,92;1,24;naturgas;naturgas;;0;1;;;0;;;;;;
2025;1152;1078;1078-2;VEDDUM-SKELUND-VISBORG KRAFTVARMEVÆRK AMBA;9560;Hadsund;846;Decentralt værk;291;Hadsund By Fjernvarme;motor 2;Forbrændingsmotor;kvt;1996-01-01 00:00:00;;0,92;1,24;naturgas;naturgas;;0;1;;;0;;;;;;
2025;1152;1078;1078-3;VEDDUM-SKELUND-VISBORG KRAFTVARMEVÆRK AMBA;9560;Hadsund;846;Decentralt værk;291;Hadsund By Fjernvarme;motor 3;Forbrændingsmotor;kvt;1996-01-01 00:00:00;;0,92;1,24;naturgas;naturgas;;0;1;;;0;;;;;;
2025;1152;1078;1078-5;VEDDUM-SKELUND-VISBORG KRAFTVARMEVÆRK AMBA;9560;Hadsund;846;Decentralt værk;291;Hadsund By Fjernvarme;Spidslast/reservekedel;Kedel;fvv;2012-01-01 00:00:00;;0;4,22;naturgas;naturgas;;0;1;;;0;;;;;;
2025;1152;1078;1078-6;VEDDUM-SKELUND-VISBORG KRAFTVARMEVÆRK AMBA;9560;Hadsund;846;Decentralt værk;291;Hadsund By Fjernvarme;Solvarme-5644 m2;Solvarme;fvv;2016-08-30 00:00:00;;0;4;solenergi;solenergi;;0;;;;0;;;1;;;
2025;1156;1081;1081-1;FUR KRAFTVARMEVÆRK AMBA;7884;Fur;779;Decentralt værk;405;Nederby-Debel Fjernvarme;Motor;Forbrændingsmotor;kvt;1995-01-01 00:00:00;;1;1,3;Ej i drift i 2025;Ej i drift i 2025;;;;;;;;;;;;
2025;1156;1081;1081-2;FUR KRAFTVARMEVÆRK AMBA;7884;Fur;779;Decentralt værk;405;Nederby-Debel Fjernvarme;Kedel;Kedel;fvv;1995-01-01 00:00:00;;0;2,5;naturgas;naturgas;;0;1;;;0;;;;;;
2025;1158;1084;1084-4;Nordic Greens Bellinge A/S;5250;Odense SV;461;Erhvervsværk;79;Fjernvarme Fyn;Motor 1;Forbrændingsmotor;pev;2012-01-01 00:00:00;;3,047;4;naturgas;naturgas;;0;1;;;0;;;;;;
2025;1158;1084;1084-5;Nordic Greens Bellinge A/S;5250;Odense SV;461;Erhvervsværk;79;Fjernvarme Fyn;Motor 2;Forbrændingsmotor;pev;2012-01-01 00:00:00;;3,047;4;naturgas;naturgas;;0;1;;;0;;;;;;
2025;1158;1084;1084-6;Nordic Greens Bellinge A/S;5250;Odense SV;461;Erhvervsværk;79;Fjernvarme Fyn;Motor 3;Forbrændingsmotor;pev;2012-01-01 00:00:00;;3,047;4;naturgas;naturgas;;0;1;;;0;;;;;;
2025;1158;1084;1084-8;Nordic Greens Bellinge A/S;5250;Odense SV;461;Erhvervsværk;79;Fjernvarme Fyn;Elkedel;Elpatron;pvp;2022-07-01 00:00:00;;0;10;elektricitet;elektricitet;;0;;;;0;;;;;1;
2025;1159;1085;1085-1;Rosborg Foods A/S;5250;Odense SV;461;Erhvervsværk;;;ULSTEIN MOTOR;Forbrændingsmotor;pev;1995-11-17 00:00:00;;3,06;3,98;Ej i drift i 2025;Ej i drift i 2025;;;;;;;;;;;;
2025;1162;1088;1088-2;"GARTNERIET ""KRONBORG"" ApS";5450;Otterup;480;Erhvervsværk;;;Anlæg 1088 motor 2;Forbrændingsmotor;pev;1999-01-01 00:00:00;;2,7;4;naturgas;naturgas;0;0;1;;;0;;;;;;
2025;1168;1098;1098-1;Afinitas A/S;9700;Brønderslev;810;Erhvervsværk;;;Motor;Forbrændingsmotor;pev;1995-01-01 00:00:00;;0,31;0,48;naturgas;naturgas;;0;1;;;0;;;;;;
2025;1185;1110;1110-1;GARTNERIET NORDFYN ApS;5450;Otterup;480;Erhvervsværk;;;Kraftvarmeværk;Forbrændingsmotor;pev;1996-01-01 00:00:00;;2,07;3,31;naturgas;naturgas;;0;1;;;0;;;;;;
2025;1192;1233;1233-1;GARTNERNES VARMEFORSYNING I VEMMEDRUP ApS;4632;Bjæverskov;259;Erhvervsværk;;;Kraftvarmeværket;Forbrændingsmotor;pev;1997-01-01 00:00:00;;6,2;8;naturgas;naturgas;;0;1;;;0;;;;;;
2025;1227;1155;1155-1;ESØ DEPONIGAS A/S;6880;Tarm;760;Lokalt værk;;;-;Forbrændingsmotor;kvt;1994-01-01 00:00:00;;0,1;0,2;biogas;biogas;;0;;;1;0;;;;;;
2025;1241;1179;1179-1;REJSBY KRAFTVARMEVÆRK A.M.B.A.;6780;Skærbæk;550;Decentralt værk;407;Rejsby Fjernvarme;Rejsby Kraftvarmeværk;Forbrændingsmotor;kvt;1997-01-20 00:00:00;;0,92;1,2;naturgas;naturgas;;0;1;;;0;;;;;;
2025;1241;1179;1179-2;REJSBY KRAFTVARMEVÆRK A.M.B.A.;6780;Skærbæk;550;Decentralt værk;407;Rejsby Fjernvarme;Biomassefyret anlæg;Kedel;fvv;2013-09-01 00:00:00;;0;1;trae- og biomasseaffald;fast biomasse;;0;;;;1;;;;;;
2025;1242;1177;1177-1;BRØNS KRAFTVARMEVÆRK A.M.B.A.;6780;Skærbæk;550;Decentralt værk;408;Brøns Fjernvarme;Gasmotor;Forbrændingsmotor;kvt;1997-01-01 00:00:00;;0,93;1,2;naturgas;naturgas;;0;1;;;0;;;;;;
2025;1242;1177;1177-2;BRØNS KRAFTVARMEVÆRK A.M.B.A.;6780;Skærbæk;550;Decentralt værk;408;Brøns Fjernvarme;Biomassefyret anlæg;Kedel;fvv;2013-05-11 00:00:00;;0;1;trae- og biomasseaffald;fast biomasse;;0;;;;1;;;;;;
2025;1243;1178;1178-1;FRIFELT/ROAGER KRAFTVARMEVÆRK A.M.B.A.;6780;Skærbæk;550;Decentralt værk;409;Frifelt Fjernvarme;Frifelt/Roager Kraftvarmeværk;Forbrændingsmotor;kvt;1997-01-01 00:00:00;;1,85;2,4;biogas;biogas;;0;0,131884159;;0,868115841;0;;;;;;
2025;1243;1178;1178-2;FRIFELT/ROAGER KRAFTVARMEVÆRK A.M.B.A.;6780;Skærbæk;550;Decentralt værk;409;Frifelt Fjernvarme;Elkedel (2x1MW);Elpatron;fvv;2023-03-01 00:00:00;;0;2;elektricitet;elektricitet;;0;;;;0;;;;;1;
2025;1250;1176;1176-3;Snertinge, Særslev, Føllenslev Energiselskab A.M.B.A.;4591;Føllenslev;326;Decentralt værk;395;Snertinge, Særslev, Føllenslev;Oliekedel;Kedel;fvv;1996-01-01 00:00:00;;0;3,15;gasolie;olie;;1;;;;0;;;;;;
2025;1250;1176;1176-4;Snertinge, Særslev, Føllenslev Energiselskab A.M.B.A.;4591;Føllenslev;326;Decentralt værk;395;Snertinge, Særslev, Føllenslev;Gaskedel;Kedel;fvv;1996-01-01 00:00:00;;0;1,6;biogas;biogas;;0;;;1;0;;;;;;
2025;1250;1176;1176-5;Snertinge, Særslev, Føllenslev Energiselskab A.M.B.A.;4591;Føllenslev;326;Decentralt værk;395;Snertinge, Særslev, Føllenslev;Biogasmotor;Forbrændingsmotor;kvt;2008-09-01 00:00:00;;0,84;0,99;Ej i drift i 2025;Ej i drift i 2025;;;;;;;;;;;;
2025;1250;1176;1176-6;Snertinge, Særslev, Føllenslev Energiselskab A.M.B.A.;4591;Føllenslev;326;Decentralt værk;395;Snertinge, Særslev, Føllenslev;Fliskedel;Kedel;fvv;2017-10-01 00:00:00;;0;1,1;skovflis;fast biomasse;;0;;;;1;;;;;;
2025;1262;2148;2148-1;Kolding Kommune;6064;Jordrup;621;Lokalt værk;;;Fynslundskolen KV;Forbrændingsmotor;pev;2013-01-01 00:00:00;;0,015;0,03;naturgas;naturgas;;0;1;;;0;;;;;;
2025;1275;1202;1202-2;ENERGI VIBORG VAND A/S;8800;Viborg;791;Lokalt værk;;;MAN motor;Forbrændingsmotor;pev;2018-01-01 00:00:00;;0,357;0,37;biogas;biogas;;0;;;1;0;;;;;;
2025;1283;1214;1214-1;Dyssegårdsparken A M B A;4700;Næstved;370;Lokalt værk;;;Dys 1;Forbrændingsmotor;kvt;1995-02-01 00:00:00;;0,82;1,01;Ej i drift i 2025;Ej i drift i 2025;;;;;;;;;;;;
2025;1283;1214;1214-2;Dyssegårdsparken A M B A;4700;Næstved;370;Lokalt værk;;;Dys 2;Forbrændingsmotor;kvt;1995-02-01 00:00:00;;0,82;1,01;Ej i drift i 2025;Ej i drift i 2025;;;;;;;;;;;;
2025;1283;1214;1214-3;Dyssegårdsparken A M B A;4700;Næstved;370;Lokalt værk;;;Dys Kedel;Kedel;fvv;1995-02-01 00:00:00;;0;2,5;Ej i drift i 2025;Ej i drift i 2025;;;;;;;;;;;;
2025;1284;1215;1215-1;Filadelfia;4293;Dianalund;340;Lokalt værk;;;Filadelfia;Forbrændingsmotor;pev;1993-08-11 00:00:00;;1,03;1,7;naturgas;naturgas;;0;1;;;0;;;;;;
2025;1322;1280;1280-1;ERIK & STEEN MAGNUSSON I/S;7000;Fredericia;607;Erhvervsværk;;;-;Forbrændingsmotor;pev;1996-12-16 00:00:00;;0,92;1,8;Ej i drift i 2025;Ej i drift i 2025;;;;;;;;;;;;
2025;1324;1282;1282-3;Sydfyns Almene Boliger;5700;Svendborg;479;Erhvervsværk;;;Ørbækvej;Forbrændingsmotor;pev;2006-09-01 00:00:00;;0,7;0,8;naturgas;naturgas;;0;1;;;0;;;;;;
2025;1329;1289;1289-1;NORDBY FJERNVARME A M B A;6720;Fanø;563;Fjernvarmeværk;126;Esbjerg-Varde Fjernvarme;Reservelast;Kedel;fvv;1996-01-01 00:00:00;;0;8,5;gasolie;olie;;1;;;;0;;;;;;
2025;1334;1295;1295-1;OFFER MADSEN A/S;5620;Glamsbjerg;420;Erhvervsværk;;;KV-1;Forbrændingsmotor;pev;1996-01-01 00:00:00;;1,04;1,38;naturgas;naturgas;;0;1;;;0;;;;;;
2025;1334;1295;1295-2;OFFER MADSEN A/S;5620;Glamsbjerg;420;Erhvervsværk;;;Kraftvarme KV-2;Forbrændingsmotor;pev;2002-06-25 00:00:00;;0,8;1,02;naturgas;naturgas;;0;1;;;0;;;;;;
2025;1334;1615;1615-1;OFFER MADSEN A/S;5856;Ryslinge;430;Erhvervsværk;;;Motor 1;Forbrændingsmotor;pev;2002-11-01 00:00:00;;0,84;1;naturgas;naturgas;;0;1;;;0;;;;;;
2025;1334;1865;1865-1;OFFER MADSEN A/S;8220;Brabrand;751;Erhvervsværk;;;Rosalina A/S;Forbrændingsmotor;pev;2003-12-15 00:00:00;;1,41;1,51;naturgas;naturgas;;0;1;;;0;;;;;;
2025;1337;1298;1298-1;MOGENS EIBERG. ERHVERVSGARTNERI ApS;4760;Vordingborg;390;Erhvervsværk;;;Motor I+II;Forbrændingsmotor;pev;1997-03-11 00:00:00;;1,44;1,72;Ej i drift i 2025;Ej i drift i 2025;;;;;;;;;;;;
2025;1337;1298;1298-2;MOGENS EIBERG. ERHVERVSGARTNERI ApS;4760;Vordingborg;390;Erhvervsværk;;;Motor III;Forbrændingsmotor;pev;1999-03-18 00:00:00;;0,74;0,85;Ej i drift i 2025;Ej i drift i 2025;;;;;;;;;;;;
2025;1341;1302;1302-1;BLÅHØJ ENERGISELSKAB A.M.B.A.;7330;Brande;756;Decentralt værk;424;Blåhøj;Flisfyret;Kedel;fvv;1996-01-01 00:00:00;;0;1;skovflis;fast biomasse;;0;;;;1;;;;;;
2025;1341;1302;1302-2;BLÅHØJ ENERGISELSKAB A.M.B.A.;7330;Brande;756;Decentralt værk;424;Blåhøj;Biogasmotor;Forbrændingsmotor;kvt;1997-05-01 00:00:00;;0,901;1,2;biogas;biogas;;0;;;1;0;;;;;;
2025;1341;1302;1302-3;BLÅHØJ ENERGISELSKAB A.M.B.A.;7330;Brande;756;Decentralt værk;424;Blåhøj;nødfyr/biogasfyr;Kedel;fvv;1995-01-01 00:00:00;;0;1;biogas;biogas;;0;;;1;0;;;;;;
2025;1341;1302;1302-4;BLÅHØJ ENERGISELSKAB A.M.B.A.;7330;Brande;756;Decentralt værk;424;Blåhøj;Biogasmotor-2;Forbrændingsmotor;kvt;2019-12-30 00:00:00;;0,901;0,95;biogas;biogas;;0;;;1;0;;;;;;
2025;1359;1322;1322-1;Øster Hurup Fjernvarme A.m.b.a.;9560;Hadsund;846;Decentralt værk;421;Ø.Hurup;Motor Jenbacher;Forbrændingsmotor;kvt;1997-04-01 00:00:00;;1,47;2,2;naturgas;naturgas;;0;1;;;0;;;;;;
2025;1359;1322;1322-2;Øster Hurup Fjernvarme A.m.b.a.;9560;Hadsund;846;Decentralt værk;421;Ø.Hurup;Vølund Danstoker;Kedel;fvv;1997-07-01 00:00:00;;0;3,25;naturgas;naturgas;;0;1;;;0;;;;;;
2025;1359;1322;1322-3;Øster Hurup Fjernvarme A.m.b.a.;9560;Hadsund;846;Decentralt værk;421;Ø.Hurup;Solvarmeanlæg - 3225m2;Solvarme;fvv;2015-05-15 00:00:00;;0;2,3;solenergi;solenergi;;0;;;;0;;;1;;;
2025;1359;1322;1322-4;Øster Hurup Fjernvarme A.m.b.a.;9560;Hadsund;846;Decentralt værk;421;Ø.Hurup;Elkedel 1;Elpatron;fvv;2022-12-22 00:00:00;;0;0,975;elektricitet;elektricitet;;0;;;;0;;;;;1;
2025;1359;1322;1322-5;Øster Hurup Fjernvarme A.m.b.a.;9560;Hadsund;846;Decentralt værk;421;Ø.Hurup;Elkedel 2;Elpatron;fvv;2022-12-22 00:00:00;;0;0,975;elektricitet;elektricitet;;0;;;;0;;;;;1;
2025;1359;2151;2151-1;Øster Hurup Fjernvarme A.m.b.a.;9560;Hadsund;846;Fjernvarmeværk;421;Ø.Hurup;Halmkedel;Kedel;fvv;2012-12-01 00:00:00;;0;0,86;halm;fast biomasse;;0;;;;1;;;;;;
2025;1378;8;8-1;Nordværk I/S;9800;Hjørring;860;Erhvervsværk;298;Hjørring Fjernvarme (inkl. Hirtshals Fjernvarme fra 2011);Ovnlinje 2;Kedel;pvp;1986-01-01 00:00:00;;0;18,5;affald;affald;;0,003167292;;0,891765535;;0,105067173;;;;;;
2025;1378;8;8-2;Nordværk I/S;9800;Hjørring;860;Erhvervsværk;298;Hjørring Fjernvarme (inkl. Hirtshals Fjernvarme fra 2011);Ovnlinje 3;Dampturbine;pev;1998-04-01 00:00:00;;4,6;16,8;affald;affald;;0,001319762;;0,891790938;;0,106889301;;;;;;
2025;1378;263;263-1;Nordværk I/S;9220;Aalborg Øst;851;Erhvervsværk;295;Aalborg Fjernvarme;Ovnlinie 3;Dampturbine;pev;1991-07-01 00:00:00;;7;19;affald;affald;;0,005764777;;0,895766265;;0,098468958;;;;;;
2025;1378;263;263-2;Nordværk I/S;9220;Aalborg Øst;851;Erhvervsværk;295;Aalborg Fjernvarme;Ovnlinie 4;Dampturbine;pev;2005-07-01 00:00:00;;17,9;46,7;affald;affald;;0,00216908;;0,89900601;;0,098824909;;;;;;
2025;1378;263;263-4;Nordværk I/S;9220;Aalborg Øst;851;Erhvervsværk;295;Aalborg Fjernvarme;Varmepumpe - el;Varmepumpe røggas;pvp;2025-03-01 00:00:00;;0;5,53;elektricitet;elektricitet;;0;;;;0;;;;;1;
2025;1383;1345;1345-1;Thorshøj Kraftvarmeværk Amba;9750;Østervrå;813;Decentralt værk;327;Hørby Fjernvarme;Thorshøj Kraftvarmeværk;Forbrændingsmotor;kvt;1997-09-01 00:00:00;;0,92;1,28;naturgas;naturgas;;0;1;;;0;;;;;;
2025;1383;1345;1345-2;Thorshøj Kraftvarmeværk Amba;9750;Østervrå;813;Decentralt værk;327;Hørby Fjernvarme;Thorshøj Kraftvarmeværk;Kedel;fvv;1997-09-01 00:00:00;;0;1,25;naturgas;naturgas;;0;1;;;0;;;;;;
2025;1383;1345;1345-3;Thorshøj Kraftvarmeværk Amba;9750;Østervrå;813;Decentralt værk;327;Hørby Fjernvarme;Thorshøj Kraftvarmeværk;Varmepumpe Luft;fvv;2021-01-01 00:00:00;;0;0,4;omgivelsesvarme;omgivelsesvarme;;0;;;;0;;;;;0,360835509;0,639164491
2025;1394;678;678-1;TRUSTRUP-LYNGBY VARMEVÆRK AMBA;8585;Glesborg;707;Fjernvarmeværk;360;Glesborg Fjernvarme;"Fliskedel&#43;røgvasker";Kedel;fvv;2013-10-01 00:00:00;;0;2,5;skovflis;fast biomasse;;0;;;;1;;;;;;
2025;1394;678;678-2;TRUSTRUP-LYNGBY VARMEVÆRK AMBA;8585;Glesborg;707;Fjernvarmeværk;360;Glesborg Fjernvarme;Olie spids og reservelast;Kedel;fvv;1993-10-01 00:00:00;;0;2;gasolie;olie;;1;;;;0;;;;;;
2025;1394;679;679-2;TRUSTRUP-LYNGBY VARMEVÆRK AMBA;8586;Ørum Djurs;707;Fjernvarmeværk;361;Ørum Fjernvarme (Nørre Djurs);Olie spids og reservelast;Kedel;fvv;1993-10-01 00:00:00;;0;2;gasolie;olie;;1;;;;0;;;;;;
2025;1394;679;679-3;TRUSTRUP-LYNGBY VARMEVÆRK AMBA;8586;Ørum Djurs;707;Fjernvarmeværk;361;Ørum Fjernvarme (Nørre Djurs);"Fliskedel&#43;Røgvasker Ny";Kedel;fvv;2014-01-01 00:00:00;;0;2,5;skovflis;fast biomasse;;0;;;;1;;;;;;
2025;1394;1263;1263-2;TRUSTRUP-LYNGBY VARMEVÆRK AMBA;8444;Balle;706;Fjernvarmeværk;415;Balle, Hoed og Glatved;olie, spidslast;Kedel;fvv;1998-04-01 00:00:00;;0;1,6;gasolie;olie;;1;;;;0;;;;;;
2025;1394;1263;1263-4;TRUSTRUP-LYNGBY VARMEVÆRK AMBA;8444;Balle;706;Fjernvarmeværk;415;Balle, Hoed og Glatved;Kombikedel (biogas og olie);Kedel;fvv;1998-04-01 00:00:00;;0;0,5;biogas;biogas;;0;;;1;0;;;;;;
2025;1394;1263;1263-6;TRUSTRUP-LYNGBY VARMEVÆRK AMBA;8444;Balle;706;Fjernvarmeværk;415;Balle, Hoed og Glatved;Fliskedelanlæg Nyt;Kedel;fvv;2021-01-01 00:00:00;;0;1,1;skovflis;fast biomasse;;0;;;;1;;;;;;
2025;1394;1263;1263-7;TRUSTRUP-LYNGBY VARMEVÆRK AMBA;8444;Balle;706;Fjernvarmeværk;415;Balle, Hoed og Glatved;Varmepumpekaskader;Varmepumpe Luft;fvv;2021-01-01 00:00:00;;0;0,85;omgivelsesvarme;omgivelsesvarme;;0;;;;0;;;;;0,458612975;0,541387025
2025;1394;1263;1263-8;TRUSTRUP-LYNGBY VARMEVÆRK AMBA;8444;Balle;706;Fjernvarmeværk;415;Balle, Hoed og Glatved;CO2 - Varmepumpe;Varmepumpe Luft;fvv;2023-05-01 00:00:00;;0;0,6;omgivelsesvarme;omgivelsesvarme;;0;;;;0;;;;;0,3915147;0,6084853
2025;1394;1365;1365-1;TRUSTRUP-LYNGBY VARMEVÆRK AMBA;8570;Trustrup;707;Fjernvarmeværk;425;Trustrup-Lyngby;Fliskedel;Kedel;fvv;1998-01-01 00:00:00;;0;4;skovflis;fast biomasse;;0;;;;1;;;;;;
2025;1394;1365;1365-2;TRUSTRUP-LYNGBY VARMEVÆRK AMBA;8570;Trustrup;707;Fjernvarmeværk;425;Trustrup-Lyngby;Solvarme;Solvarme;fvv;2016-12-01 00:00:00;;0;5,1;solenergi;solenergi;;0;;;;0;;;1;;;
2025;1394;1486;1486-1;TRUSTRUP-LYNGBY VARMEVÆRK AMBA;8586;Ørum Djurs;707;Fjernvarmeværk;432;Stenvad;Olie spids- og reservelast;Kedel;fvv;1998-09-01 00:00:00;;0;0,93;gasolie;olie;;1;;;;0;;;;;;
2025;1394;1486;1486-2;TRUSTRUP-LYNGBY VARMEVÆRK AMBA;8586;Ørum Djurs;707;Fjernvarmeværk;432;Stenvad;Fliskedel;Kedel;fvv;1998-09-01 00:00:00;;0;0,7;skovflis;fast biomasse;;0;;;;1;;;;;;
2025;1394;1497;1497-2;TRUSTRUP-LYNGBY VARMEVÆRK AMBA;8500;Grenaa;707;Fjernvarmeværk;448;Gjerrild;oliekedel;Kedel;fvv;2000-01-01 00:00:00;;0;1,6;gasolie;olie;;1;;;;0;;;;;;
2025;1394;1497;1497-3;TRUSTRUP-LYNGBY VARMEVÆRK AMBA;8500;Grenaa;707;Fjernvarmeværk;448;Gjerrild;Varmepumpe CO2;Varmepumpe Luft;fvv;2024-04-01 00:00:00;;0;1,8;omgivelsesvarme;omgivelsesvarme;;0;;;;0;;;;;0,370733479;0,629266521
2025;1394;1535;1535-2;TRUSTRUP-LYNGBY VARMEVÆRK AMBA;8550;Ryomgård;706;Fjernvarmeværk;450;Mesballe;oliekedel;Kedel;fvv;2000-01-01 00:00:00;;0;0,6;gasolie;olie;;1;;;;0;;;;;;
2025;1394;1535;1535-3;TRUSTRUP-LYNGBY VARMEVÆRK AMBA;8550;Ryomgård;706;Fjernvarmeværk;450;Mesballe;CO2 - Varmepumpe;Varmepumpe Luft;fvv;2023-07-01 00:00:00;;0;0,3;omgivelsesvarme;omgivelsesvarme;;0;;;;0;;;;;0,38028169;0,61971831
2025;1394;1577;1577-2;TRUSTRUP-LYNGBY VARMEVÆRK AMBA;8400;Ebeltoft;706;Fjernvarmeværk;439;Tirstrup;Olie spids og reservelast;Kedel;fvv;2000-01-01 00:00:00;;0;1,8;gasolie;olie;;1;;;;0;;;;;;
2025;1394;1577;1577-3;TRUSTRUP-LYNGBY VARMEVÆRK AMBA;8400;Ebeltoft;706;Fjernvarmeværk;439;Tirstrup;Fliskedelanlæg Nyt;Kedel;fvv;2021-01-01 00:00:00;;0;1,1;skovflis;fast biomasse;;0;;;;1;;;;;;
2025;1394;1577;1577-4;TRUSTRUP-LYNGBY VARMEVÆRK AMBA;8400;Ebeltoft;706;Fjernvarmeværk;439;Tirstrup;Varmepumpekaskader;Varmepumpe Luft;fvv;2021-01-01 00:00:00;;0;0,85;omgivelsesvarme;omgivelsesvarme;;0;;;;0;;;;;0,454198473;0,545801527
2025;1394;1646;1646-2;TRUSTRUP-LYNGBY VARMEVÆRK AMBA;8500;Grenaa;707;Fjernvarmeværk;452;Voldby;Olie spids- og reservelast;Kedel;fvv;2002-01-01 00:00:00;;0;1,2;gasolie;olie;;1;;;;0;;;;;;
2025;1394;1646;1646-3;TRUSTRUP-LYNGBY VARMEVÆRK AMBA;8500;Grenaa;707;Fjernvarmeværk;452;Voldby;Varmepumpe CO2;Varmepumpe Luft;fvv;2025-01-01 00:00:00;;0;1,8;omgivelsesvarme;omgivelsesvarme;;0;;;;0;;;;;0,385975799;0,614024201
2025;1400;1369;1369-1;Søndbjerg Fjernvarme Amba;7790;Thyholm;671;Fjernvarmeværk;429;Søndbjerg;Kedel 1;Kedel;fvv;1998-03-01 00:00:00;;0;0,9;gasolie;olie;;1;;;;0;;;;;;
2025;1400;1369;1369-2;Søndbjerg Fjernvarme Amba;7790;Thyholm;671;Fjernvarmeværk;429;Søndbjerg;Kedel 2;Kedel;fvv;2019-11-01 00:00:00;;0;0,5;skovflis;fast biomasse;;0;;;;1;;;;;;
2025;1402;1411;1411-1;HEMMET VARMEVÆRK AMBA;6893;Hemmet;760;Fjernvarmeværk;431;Hemmet;Fliskedel;Kedel;fvv;1999-01-01 00:00:00;;0;0,95;skovflis;fast biomasse;;0;;;;1;;;;;;
2025;1402;1411;1411-2;HEMMET VARMEVÆRK AMBA;6893;Hemmet;760;Fjernvarmeværk;431;Hemmet;Oliekedel;Kedel;fvv;1999-01-01 00:00:00;;0;1,16;Ej i drift i 2025;Ej i drift i 2025;;;;;;;;;;;;
2025;1403;1372;1372-2;Nørrevejens Kraftvarmeværk A.M.B.A;6280;Højer;550;Lokalt værk;888;Blokvarme mv;Gaskedel;Kedel;fvv;1997-04-26 00:00:00;;0;1,16;naturgas;naturgas;;0;1;;;0;;;;;;
2025;1403;1372;1372-3;Nørrevejens Kraftvarmeværk A.M.B.A;6280;Højer;550;Lokalt værk;888;Blokvarme mv;Varmepumpe;Varmepumpe Luft;fvv;2020-04-01 00:00:00;;0;0,3;omgivelsesvarme;omgivelsesvarme;;0;;;;0;;;;;0,361084656;0,638915344
2025;1405;1318;1318-1;VEJBY-TISVILDE FJERNVARME AMBA;3210;Vejby;270;Decentralt værk;433;Vejby-Tisvilde;3 x 1 MW;Forbrændingsmotor;kvt;1997-11-01 00:00:00;;1;1,5;naturgas;naturgas;;0;1;;;0;;;;;;
2025;1405;1318;1318-2;VEJBY-TISVILDE FJERNVARME AMBA;3210;Vejby;270;Decentralt værk;433;Vejby-Tisvilde;Kedel;Kedel;fvv;1998-01-01 00:00:00;;0;5;naturgas;naturgas;;0;1;;;0;;;;;;
2025;1405;1318;1318-3;VEJBY-TISVILDE FJERNVARME AMBA;3210;Vejby;270;Decentralt værk;433;Vejby-Tisvilde;motor 2;Forbrændingsmotor;kvt;1997-11-01 00:00:00;;1;1,5;naturgas;naturgas;;0;1;;;0;;;;;;
2025;1405;1318;1318-4;VEJBY-TISVILDE FJERNVARME AMBA;3210;Vejby;270;Decentralt værk;433;Vejby-Tisvilde;motor 3;Forbrændingsmotor;kvt;1997-11-01 00:00:00;;1;1,5;naturgas;naturgas;;0;1;;;0;;;;;;
2025;1405;1318;1318-5;VEJBY-TISVILDE FJERNVARME AMBA;3210;Vejby;270;Decentralt værk;433;Vejby-Tisvilde;Solvarme - 8000m2;Solvarme;fvv;2012-06-01 00:00:00;;0;5,6;solenergi;solenergi;;0;;;;0;;;1;;;
2025;1405;1318;1318-6;VEJBY-TISVILDE FJERNVARME AMBA;3210;Vejby;270;Decentralt værk;433;Vejby-Tisvilde;Fliskedel;Kedel;fvv;2017-01-01 00:00:00;;0;1,5;traepiller;fast biomasse;;0;;;;1;;;;;;
2025;1406;1373;1373-1;Sandved-Tornemark Kraftvarmeværk A.m.b.a;4262;Sandved;370;Decentralt værk;434;Sandved-Tornemark Fjervarme;M 1;Forbrændingsmotor;kvt;1998-01-01 00:00:00;;0,92;1,3;naturgas;naturgas;;0;1;;;0;;;;;;
2025;1406;1373;1373-2;Sandved-Tornemark Kraftvarmeværk A.m.b.a;4262;Sandved;370;Decentralt værk;434;Sandved-Tornemark Fjervarme;M 2;Forbrændingsmotor;kvt;1998-01-01 00:00:00;;0,92;1,3;naturgas;naturgas;;0;1;;;0;;;;;;
2025;1406;1373;1373-3;Sandved-Tornemark Kraftvarmeværk A.m.b.a;4262;Sandved;370;Decentralt værk;434;Sandved-Tornemark Fjervarme;kedel;Kedel;fvv;1997-12-01 00:00:00;;0;4;naturgas;naturgas;;0;1;;;0;;;;;;
2025;1406;1373;1373-4;Sandved-Tornemark Kraftvarmeværk A.m.b.a;4262;Sandved;370;Decentralt værk;434;Sandved-Tornemark Fjervarme;Halmkedel;Kedel;fvv;2015-01-22 00:00:00;;0;0,95;halm;fast biomasse;;0;;;;1;;;;;;
2025;1406;1373;1373-5;Sandved-Tornemark Kraftvarmeværk A.m.b.a;4262;Sandved;370;Decentralt værk;434;Sandved-Tornemark Fjervarme;Solvarme;Solvarme;fvv;2012-11-28 00:00:00;;0;2,45;solenergi;solenergi;;0;;;;0;;;1;;;
2025;1411;1376;1376-2;Løkkensvejens Kraftvarmeværk Amba;9480;Løkken;860;Decentralt værk;436;Gølstrup-Hundelev-Vittrup;Kedel;Kedel;fvv;1997-08-01 00:00:00;;0;1;naturgas;naturgas;;0;1;;;0;;;;;;
2025;1411;1376;1376-3;Løkkensvejens Kraftvarmeværk Amba;9480;Løkken;860;Decentralt værk;436;Gølstrup-Hundelev-Vittrup;Gasmotor (Jenbacher 616 );Forbrændingsmotor;kvt;2012-09-28 00:00:00;;2,68;3,04;naturgas;naturgas;;0;1;;;0;;;;;;
2025;1411;1376;1376-4;Løkkensvejens Kraftvarmeværk Amba;9480;Løkken;860;Decentralt værk;436;Gølstrup-Hundelev-Vittrup;Halmanlæg;Bioforgasn. m. KE;fvv;2016-12-01 00:00:00;;0;1,5;halm;fast biomasse;;0;;;;1;;;;;;
2025;1423;1389;1389-1;SILKEBORG GENBRUG OG AFFALD A/S;8600;Silkeborg;740;Lokalt værk;226;Silkeborg Fjernvarme;Jenbacher gasmotor;Forbrændingsmotor;pev;2008-07-01 00:00:00;;0,33;1,43;biogas;biogas;;0;;;1;0;;;;;;
2025;1430;1396;1396-28;CHEMINOVA A/S;7673;Harboøre;665;Erhvervsværk;;;Gasturbine 2;Gasturbine;pev;1997-01-01 00:00:00;;5,1;18,5;naturgas;naturgas;;0;1;;;0;;;;;;
2025;1430;1396;1396-29;CHEMINOVA A/S;7673;Harboøre;665;Erhvervsværk;;;Gasturbine 3;Gasturbine;pev;1997-01-01 00:00:00;;5,1;18,5;Ej i drift i 2025;Ej i drift i 2025;;;;;;;;;;;;
2025;1432;1398;1398-1;ØSTDEPONI GAS OG EL ApS;7400;Herning;657;Lokalt værk;;;Østdeponi Amba;Forbrændingsmotor;pel;1989-07-01 00:00:00;;0,35;0;biogas;biogas;;0;;;1;0;;;;;;
2025;1438;1408;1408-2;Ege Carpets A/S;7400;Herning;657;Erhvervsværk;163;Herning-Ikast Fjernvarme;Overskudsvarme;Overskudsvarme;pvp;2017-01-01 00:00:00;;0;1;Ej i drift i 2025;Ej i drift i 2025;;;;;;;;;;;;
2025;1438;2326;2326-1;Ege Carpets A/S;6510;Gram;510;Erhvervsværk;101;Gram Fjernvarme;Overskudsvarme;Overskudsvarme;pvp;2017-01-01 00:00:00;;0;1;braendselsfrit;braendselsfrit;;0;;;;0;;1;;;;
2025;1448;1417;1417-1;SKY-LIGHT A/S;6800;Varde;573;Erhvervsværk;126;Esbjerg-Varde Fjernvarme;Overskudsvarme;Overskudsvarme;pvp;1997-01-01 00:00:00;;0;0,14;Ej i drift i 2025;Ej i drift i 2025;;;;;;;;;;;;
2025;1458;1932;1932-1;LILLEHEDEN A/S;9850;Hirtshals;860;Erhvervsværk;298;Hjørring Fjernvarme (inkl. Hirtshals Fjernvarme fra 2011);Spånfyr;Kedel;pvp;2004-12-01 00:00:00;;0;4,5;trae- og biomasseaffald;fast biomasse;;0;;;;1;;;;;;
2025;1481;1474;1474-1;NIELS MØLLER RASMUSSENS GARTNERIER I/S REGNEMARK;4140;Borup;259;Erhvervsværk;;;Kraftvarmeværket;Forbrændingsmotor;pev;1997-10-15 00:00:00;;3,14;4,02;naturgas;naturgas;;0;1;;;0;;;;;;
2025;1502;753;753-5;MARICOGEN A/S;9550;Mariager;846;Erhvervsværk;;;kraftvarmemotor;Kombianlæg;pev;1999-05-01 00:00:00;;30;32;naturgas;naturgas;;0;1;;;0;;;;;;
2025;1512;2021;2021-1;Eniig City Solutions A/S;8600;Silkeborg;740;Lokalt værk;;;Regulerkraft;Nødstrømsanlæg;kvt;2012-01-01 00:00:00;;0,64;0;naturgas;naturgas;;0;1;;;0;;;;;;
2025;1518;1512;1512-1;A/S GØDDING MØLLE SKOVBRUG;7183;Randbøl;630;Vandkraftværk;;;vandkraft;Vandkraft;vkt;1983-12-06 00:00:00;;0,02;0;vandkraft;vandkraft;;0;;;;0;;;;1;;
2025;1523;1143;1143-1;Den Selvejende Institution Tørning Mølle;6500;Vojens;510;Vandkraftværk;;;-;Vandkraft;vkt;1911-01-01 00:00:00;;0,25;0;vandkraft;vandkraft;;0;;;;0;;;;1;;
2025;1523;1517;1517-1;Den Selvejende Institution Tørning Mølle;6500;Vojens;510;Vandkraftværk;;;vandkraft;Vandkraft;vkt;1983-10-14 00:00:00;;0,04;0;vandkraft;vandkraft;;0;;;;0;;;;1;;
2025;1525;1519;1519-1;GRAM OG NYBØL GODSER A/S;6510;Gram;510;Vandkraftværk;;;vandkraft;Vandkraft;vkt;1962-01-01 00:00:00;;0,11;0;Ej i drift i 2025;Ej i drift i 2025;;;;;;;;;;;;
2025;1541;1536;1536-1;Lundsby Renewable Solutions A/S;8832;Skals;791;Lokalt værk;;;Bækagergård;Forbrændingsmotor;pev;2000-03-01 00:00:00;;0,1;0,2;Ej i drift i 2025;Ej i drift i 2025;;;;;;;;;;;;
2025;1542;820;820-2;DEPONIGAS ApS;6500;Vojens;510;Lokalt værk;;;Gasmotoranlæg;Forbrændingsmotor;pel;2014-05-31 00:00:00;;0,1;0;biogas;biogas;;0;;;1;0;;;;;;
2025;1542;1575;1575-2;DEPONIGAS ApS;4400;Kalundborg;326;Lokalt værk;;;Motorgeneratoranlæg;Forbrændingsmotor;kvt;2018-09-01 00:00:00;;0,04;0;biogas;biogas;;0;;;1;0;;;;;;
2025;1542;1576;1576-1;DEPONIGAS ApS;4000;Roskilde;265;Lokalt værk;;;Duo Fuel;Forbrændingsmotor;kvt;2002-02-15 00:00:00;;0,1;0,13;biogas;biogas;;0;;;1;0;;;;;;
2025;1542;1590;1590-2;DEPONIGAS ApS;6683;Føvling;575;Lokalt værk;;;Motorgenerator;Forbrændingsmotor;pel;2017-06-01 00:00:00;;0,04;0;biogas;biogas;;0;;;1;0;;;;;;
2025;1542;1620;1620-1;DEPONIGAS ApS;6310;Broager;540;Lokalt værk;;;Duo Fuel;Forbrændingsmotor;kvt;2002-11-15 00:00:00;;0,06;0,09;biogas;biogas;;0;;;1;0;;;;;;
2025;1542;2009;2009-2;DEPONIGAS ApS;8444;Balle;707;Lokalt værk;;;Deponianlæg;Forbrændingsmotor;pel;2017-05-08 00:00:00;;0,04;0;biogas;biogas;;0;;;1;0;;;;;;
2025;1542;2019;2019-1;DEPONIGAS ApS;4700;Næstved;370;Lokalt værk;;;-;Forbrændingsmotor;kvt;2012-01-01 00:00:00;;0,08;0,1;biogas;biogas;;0;;;1;0;;;;;;
2025;1542;2020;2020-2;DEPONIGAS ApS;4700;Næstved;370;Lokalt værk;;;Motorgeneratoranlnæg;Forbrændingsmotor;pel;2016-03-01 00:00:00;;0,04;0;biogas;biogas;;0;;;1;0;;;;;;
2025;1563;1554;1554-1;Sdr. Nissum Fjernvarme I/S Henry Toft/Britha Pilgaard Toft;6990;Ulfborg;661;Fjernvarmeværk;455;Sdr. Nissum;Kedel 1;Kedel;fvv;1999-08-26 00:00:00;;0;0,8;halm;fast biomasse;;0;;;;1;;;;;;
2025;1581;1568;1568-1;VIKING MALT A/S;4760;Vordingborg;390;Erhvervsværk;;;Gasmotorer;Forbrændingsmotor;pev;2000-05-15 00:00:00;;11;11,5;naturgas;naturgas;;0;1;;;0;;;;;;
2025;1585;1323;1323-3;BOULSTRUP-HOU KRAFTVARMEVÆRK AMBA;8300;Odder;727;Decentralt værk;420;Hov-Boulstrup;Kedel Loos;Kedel;fvv;1996-10-01 00:00:00;;0;4;naturgas;naturgas;;0;1;;;0;;;;;;
2025;1585;1323;1323-4;BOULSTRUP-HOU KRAFTVARMEVÆRK AMBA;8300;Odder;727;Decentralt værk;420;Hov-Boulstrup;Motor Jenbacher M1;Forbrændingsmotor;kvt;2006-09-01 00:00:00;;1,13;1,38;naturgas;naturgas;;0;1;;;0;;;;;;
2025;1585;1323;1323-5;BOULSTRUP-HOU KRAFTVARMEVÆRK AMBA;8300;Odder;727;Decentralt værk;420;Hov-Boulstrup;Motor Jenbacher M2;Forbrændingsmotor;kvt;2006-09-01 00:00:00;;1,13;1,38;naturgas;naturgas;;0;1;;;0;;;;;;
2025;1585;2136;2136-2;BOULSTRUP-HOU KRAFTVARMEVÆRK AMBA;8300;Odder;727;Fjernvarmeværk;420;Hov-Boulstrup;Halmkedel;Kedel;fvv;2016-07-01 00:00:00;;0;2;halm;fast biomasse;;0;;;;1;;;;;;
2025;1586;1140;1140-1;TREFOR EL-NET A/S;6000;Kolding;621;Vandkraftværk;;;-;Vandkraft;vkt;1920-01-01 00:00:00;;0,95;0;vandkraft;vandkraft;;0;;;;0;;;;1;;
2025;1593;289;289-1;Maabjerg Energy Center - BioHeat&Power A/S;7500;Holstebro;661;Decentralt værk;172;Holstebro-Struer Fjernvarme;"Affaldslinier2x34MWind &#43; NG/biogas-overh.2x2,4 MWind &#43; ovnl.3 biom.58MWind";Dampturbine;kvt;1993-02-01 00:00:00;;27;84;affald;affald;;7,98863E-06;0,010053609;0,694780511;0,044213575;0,250944316;;;;;;
2025;1593;289;289-3;Maabjerg Energy Center - BioHeat&Power A/S;7500;Holstebro;661;Decentralt værk;172;Holstebro-Struer Fjernvarme;Elkedel;Elpatron;fvv;2023-01-01 00:00:00;;0;32,9;elektricitet;elektricitet;;0;;;;0;;;;;1;
2025;1594;1101;1101-6;ARLA FOODS ENERGY A/S;6920;Videbæk;760;Erhvervsværk;190;Videbæk Fjernvarme;Motor 1;Forbrændingsmotor;pev;2016-07-01 00:00:00;;3,047;4,002;biogas;biogas;;0;;;1;0;;;;;;
2025;1594;1101;1101-7;ARLA FOODS ENERGY A/S;6920;Videbæk;760;Erhvervsværk;190;Videbæk Fjernvarme;Motor 2;Forbrændingsmotor;pev;2016-08-15 00:00:00;;3,047;4,002;biogas;biogas;;0;;;1;0;;;;;;
2025;1594;2227;2227-1;ARLA FOODS ENERGY A/S;8660;Skanderborg;746;Erhvervsværk;;;Gjesing Mejeri Kraftvarmeanlæg;Forbrændingsmotor;pev;2015-01-29 00:00:00;;0,8;1;naturgas;naturgas;;0;1;;;0;;;;;;
2025;1594;2245;2245-1;ARLA FOODS ENERGY A/S;9240;Nibe;851;Erhvervsværk;;;Motor;Forbrændingsmotor;pev;2015-12-14 00:00:00;;0,85;1,2;biogas;biogas;;0;;;1;0;;;;;;
2025;1594;2305;2305-1;ARLA FOODS ENERGY A/S;8840;Rødkærsbro;791;Erhvervsværk;232;Rødekærsbro Fjernvarme;Biogasmotor;Forbrændingsmotor;pev;2017-02-06 00:00:00;;3;4;biogas;biogas;;0;;;1;0;;;;;;
2025;1594;2306;2306-1;ARLA FOODS ENERGY A/S;7500;Holstebro;661;Erhvervsværk;172;Holstebro-Struer Fjernvarme;Biogasmotor;Forbrændingsmotor;pev;2017-03-31 00:00:00;;1,482;2,5;biogas;biogas;;0;;;1;0;;;;;;
2025;1594;2355;2355-1;ARLA FOODS ENERGY A/S;6920;Videbæk;760;Erhvervsværk;;;Biogasmotor;Forbrændingsmotor;pev;2018-01-01 00:00:00;;3;4;biogas;biogas;;0;;;1;0;;;;;;
2025;1597;1829;1829-3;Region Hovedstaden;2650;Hvidovre;167;Erhvervsværk;2;Storkøbenhavns Fjernvarme;Damp kedel 3a;Kedel;pvp;1993-02-23 00:00:00;;0;4,1;naturgas;naturgas;;0;1;;;0;;;;;;
2025;1597;1829;1829-4;Region Hovedstaden;2650;Hvidovre;167;Erhvervsværk;2;Storkøbenhavns Fjernvarme;Damp kedel 3b;Kedel;pvp;1993-02-23 00:00:00;;0;4;naturgas;naturgas;;0;1;;;0;;;;;;
2025;1598;1580;1580-1;KOPPERS DENMARK ApS;5800;Nyborg;450;Erhvervsværk;82;Nyborg Fjernvarme;Fjernvarmeanlæg;Overskudsvarme;pvp;2000-01-01 00:00:00;;0;4,5;braendselsfrit;braendselsfrit;;0;;;;0;;1;;;;
2025;1602;1583;1583-1;FLADDER DANMARK A/S;6823;Ansager;573;Erhvervsværk;;;Motor;Forbrændingsmotor;pev;2001-06-07 00:00:00;;0,04;0,21;Ej i drift i 2025;Ej i drift i 2025;;;;;;;;;;;;
2025;1609;1588;1588-1;SKRÆDDERGÅRDEN A/S;7990;Øster Assels;773;Lokalt værk;;;Motor;Forbrændingsmotor;pev;2001-07-09 00:00:00;;0,33;0,4;Ej i drift i 2025;Ej i drift i 2025;;;;;;;;;;;;
2025;1611;1592;1592-1;ULSTED BIOGAS ApS;9370;Hals;851;Erhvervsværk;;;Klitgaard;Forbrændingsmotor;kvt;2001-11-28 00:00:00;;0,6;0,75;Ej i drift i 2025;Ej i drift i 2025;;;;;;;;;;;;
2025;1611;1593;1593-2;ULSTED BIOGAS ApS;9370;Hals;851;Erhvervsværk;;;Badsbjerg;Forbrændingsmotor;kvt;2017-05-23 00:00:00;;0,901;1,35;biogas;biogas;;0;;;1;0;;;;;;
2025;1631;1598;1598-1;ONSBJERG VARMEVÆRK ApS;8305;Samsø;741;Fjernvarmeværk;466;Onsbjerg Fjernvarme;Onsbjerg;Kedel;fvv;2002-02-01 00:00:00;;0;0,85;halm;fast biomasse;;0;;;;1;;;;;;
2025;1640;1608;1608-2;GRØNGAS, HJØRRING A/S;9800;Hjørring;860;Erhvervsværk;298;Hjørring Fjernvarme (inkl. Hirtshals Fjernvarme fra 2011);Grøngas 2;Forbrændingsmotor;kvt;2009-07-01 00:00:00;;1,415;1,728;biogas;biogas;;0;;;1;0;;;;;;
2025;1640;1608;1608-3;GRØNGAS, HJØRRING A/S;9800;Hjørring;860;Erhvervsværk;298;Hjørring Fjernvarme (inkl. Hirtshals Fjernvarme fra 2011);Grøngas 1 (2017);Forbrændingsmotor;kvt;2017-10-18 00:00:00;;0,889;0,916;biogas;biogas;;0;;;1;0;;;;;;
2025;1659;1649;1649-1;FJERNVARME FYN AFFALDSENERGI A/S;5000;Odense C;461;Erhvervsværk;79;Fjernvarme Fyn;Affaldslinje 11;Dampturbine;pev;1996-01-01 00:00:00;;5,5;28;affald;affald;;0,006054754;;0,966028476;;0,02791677;;;;;;
2025;1659;1649;1649-2;FJERNVARME FYN AFFALDSENERGI A/S;5000;Odense C;461;Erhvervsværk;79;Fjernvarme Fyn;Affaldslinje 12;Dampturbine;pev;1996-01-01 00:00:00;;5,5;28;affald;affald;;0,006114774;;0,965891;;0,027994226;;;;;;
2025;1659;1649;1649-3;FJERNVARME FYN AFFALDSENERGI A/S;5000;Odense C;461;Erhvervsværk;79;Fjernvarme Fyn;Affaldslinje 13;Dampturbine;pev;2000-01-01 00:00:00;;13;56;affald;affald;;0,005284604;;0,964386893;;0,030328502;;;;;;
2025;1659;1649;1649-4;FJERNVARME FYN AFFALDSENERGI A/S;5000;Odense C;461;Erhvervsværk;79;Fjernvarme Fyn;Varmepumpe - FFA OVKFFA;Varmepumpe røggas;pvp;2020-12-01 00:00:00;;0;5,5;elektricitet;elektricitet;;0;;;;0;;;;;1;
2025;1670;318;318-1;Energnist;6000;Kolding;621;Erhvervsværk;81;TVIS;Ovnlinje 2;Dampturbine;pev;1994-01-01 00:00:00;;6,26;17,98;affald;affald;;0,007268262;;0,950847497;;0,041884241;;;;;;
2025;1670;318;318-4;Energnist;6000;Kolding;621;Erhvervsværk;81;TVIS;Ovnlinje 5;Kedel;pvp;2007-04-01 00:00:00;;0;32,5;affald;affald;;0,001048311;;0,956805006;;0,042146683;;;;;;
2025;1670;1658;1658-1;Energnist;6705;Esbjerg Ø;561;Erhvervsværk;126;Esbjerg-Varde Fjernvarme;KV1-Varmesalg;Dampturbine;pev;2003-03-24 00:00:00;;18,5;72;affald;affald;;0,004682811;;0,986438423;;0,008878766;;;;;;
2025;1677;1665;1665-1;S/I Ringkøbing Fjord Museer;6900;Skjern;760;Vandkraftværk;;;Bundsbæk Mølle;Vandkraft;vkt;1986-12-19 00:00:00;;0,002;0;Ej i drift i 2025;Ej i drift i 2025;;;;;;;;;;;;
2025;1714;1766;1766-14;ARDAGH GLASS HOLMEGAARD A/S;4684;Holmegaard;370;Erhvervsværk;44;Fensmark Fjernvarme;Overskudsvarme;Overskudsvarme;pvp;2014-03-04 00:00:00;;0;2,3;braendselsfrit;braendselsfrit;;0;;;;0;;1;;;;
2025;1739;1736;1736-71;Topsoe A/S;3600;Frederikssund;250;Erhvervsværk;12;Frederikssund Fjernvarme;Overskudsvarme;Overskudsvarme;pvp;2014-07-01 00:00:00;;0;12,6;braendselsfrit;braendselsfrit;;0;;;;0;;1;;;;
2025;1743;1726;1726-12;KNAUF A/S;9500;Hobro;846;Erhvervsværk;300;Hobro Fjernvarme;Overskudsvarmeveksler;Overskudsvarme;pvp;2020-09-07 00:00:00;;0;4;braendselsfrit;braendselsfrit;;0;;;;0;;1;;;;
2025;1750;1772;1772-3;Sonoco Skjern ApS;6900;Skjern;760;Erhvervsværk;183;Skjern Fjernvarme;Overskudsvarme varmepumper;Overskudsvarme;pvp;2013-01-01 00:00:00;;0;4,5;braendselsfrit;braendselsfrit;;0;;;;0;;0,894301994;;;0,105698006;
2025;1750;1772;1772-4;Sonoco Skjern ApS;6900;Skjern;760;Erhvervsværk;183;Skjern Fjernvarme;Weiss dampkedel;Dampkedel;pvp;2015-11-05 00:00:00;;0;19;skovflis;fast biomasse;;0;;;;1;;;;;;
2025;1750;1772;1772-5;Sonoco Skjern ApS;6900;Skjern;760;Erhvervsværk;183;Skjern Fjernvarme;Overskudsvarme fliskedel;Overskudsvarme;pvp;2016-10-01 00:00:00;;0;3;braendselsfrit;braendselsfrit;;0;;;;0;;1;;;;
2025;1759;1828;1828-1;FD Hvidovre AMBA;2650;Hvidovre;167;Fjernvarmeværk;2;Storkøbenhavns Fjernvarme;Hartmann PU;Kedel;fvv;2012-01-01 00:00:00;;0;6;gasolie;olie;;1;;;;0;;;;;;
2025;1759;1828;1828-2;FD Hvidovre AMBA;2650;Hvidovre;167;Fjernvarmeværk;2;Storkøbenhavns Fjernvarme;Hartmann PU;Kedel;fvv;2012-01-01 00:00:00;;0;6;Ej i drift i 2025;Ej i drift i 2025;;;;;;;;;;;;
2025;1759;1828;1828-3;FD Hvidovre AMBA;2650;Hvidovre;167;Fjernvarmeværk;2;Storkøbenhavns Fjernvarme;Saache;Kedel;fvv;2012-01-01 00:00:00;;0;6;Ej i drift i 2025;Ej i drift i 2025;;;;;;;;;;;;
2025;1759;1828;1828-4;FD Hvidovre AMBA;2650;Hvidovre;167;Fjernvarmeværk;2;Storkøbenhavns Fjernvarme;Saache;Kedel;fvv;2012-01-01 00:00:00;;0;6;Ej i drift i 2025;Ej i drift i 2025;;;;;;;;;;;;
2025;1759;1828;1828-5;FD Hvidovre AMBA;2650;Hvidovre;167;Fjernvarmeværk;2;Storkøbenhavns Fjernvarme;Saache;Kedel;fvv;2012-01-01 00:00:00;;0;6;Ej i drift i 2025;Ej i drift i 2025;;;;;;;;;;;;
2025;1759;1828;1828-6;FD Hvidovre AMBA;2650;Hvidovre;167;Fjernvarmeværk;2;Storkøbenhavns Fjernvarme;Saache;Kedel;fvv;2012-01-01 00:00:00;;0;6;Ej i drift i 2025;Ej i drift i 2025;;;;;;;;;;;;
2025;1760;992;992-4;HOFOR FJERNVARME P/S;2400;København NV;101;Fjernvarmeværk;2;Storkøbenhavns Fjernvarme;Kedel 1;Kedel;fvv;2018-10-08 00:00:00;;0;24,3;naturgas;naturgas;;6,51781E-05;0,999934822;;;0;;;;;;
2025;1760;992;992-5;HOFOR FJERNVARME P/S;2400;København NV;101;Fjernvarmeværk;2;Storkøbenhavns Fjernvarme;Kedel 2;Kedel;fvv;2018-10-08 00:00:00;;0;24,3;naturgas;naturgas;;2,00146E-05;0,999979985;;;0;;;;;;
2025;1760;992;992-6;HOFOR FJERNVARME P/S;2400;København NV;101;Fjernvarmeværk;2;Storkøbenhavns Fjernvarme;Kedel 3;Kedel;fvv;2018-10-02 00:00:00;;0;24,3;naturgas;naturgas;;0,000885677;0,999114323;;;0;;;;;;
2025;1760;992;992-7;HOFOR FJERNVARME P/S;2400;København NV;101;Fjernvarmeværk;2;Storkøbenhavns Fjernvarme;Kedel 4;Kedel;fvv;2018-10-02 00:00:00;;0;24,3;naturgas;naturgas;;4,9154E-06;0,999995085;;;0;;;;;;
2025;1760;994;994-1;HOFOR FJERNVARME P/S;2100;København Ø;101;Fjernvarmeværk;2;Storkøbenhavns Fjernvarme;Kedel 1;Kedel;fvv;1974-12-01 00:00:00;;0;23;gasolie;olie;;1;;;;0;;;;;;
2025;1760;994;994-2;HOFOR FJERNVARME P/S;2100;København Ø;101;Fjernvarmeværk;2;Storkøbenhavns Fjernvarme;Kedel 2;Kedel;fvv;1974-12-01 00:00:00;;0;23;gasolie;olie;;1;;;;0;;;;;;
2025;1760;994;994-3;HOFOR FJERNVARME P/S;2100;København Ø;101;Fjernvarmeværk;2;Storkøbenhavns Fjernvarme;Kedel 3;Kedel;fvv;1974-12-01 00:00:00;;0;23;gasolie;olie;;1;;;;0;;;;;;
2025;1760;995;995-10;HOFOR FJERNVARME P/S;2300;København S;101;Fjernvarmeværk;2;Storkøbenhavns Fjernvarme;Kedel 4;Kedel;fvv;2013-10-15 00:00:00;;0;18,2;gasolie;olie;;1;;;;0;;;;;;
2025;1760;995;995-11;HOFOR FJERNVARME P/S;2300;København S;101;Fjernvarmeværk;2;Storkøbenhavns Fjernvarme;Kedel 5;Kedel;fvv;2013-10-15 00:00:00;;0;18,2;gasolie;olie;;1;;;;0;;;;;;
2025;1760;995;995-7;HOFOR FJERNVARME P/S;2300;København S;101;Fjernvarmeværk;2;Storkøbenhavns Fjernvarme;Kedel 1;Kedel;fvv;2013-10-15 00:00:00;;0;19,4;naturgas;naturgas;;0;1;;;0;;;;;;
2025;1760;995;995-8;HOFOR FJERNVARME P/S;2300;København S;101;Fjernvarmeværk;2;Storkøbenhavns Fjernvarme;Kedel 2;Kedel;fvv;2013-10-15 00:00:00;;0;18,2;gasolie;olie;;1;;;;0;;;;;;
2025;1760;995;995-9;HOFOR FJERNVARME P/S;2300;København S;101;Fjernvarmeværk;2;Storkøbenhavns Fjernvarme;Kedel 3;Kedel;fvv;2013-10-15 00:00:00;;0;18,2;gasolie;olie;;1;;;;0;;;;;;
2025;1760;2397;2397-1;HOFOR FJERNVARME P/S;2150;Nordhavn;101;Fjernvarmeværk;2;Storkøbenhavns Fjernvarme;FlexHeat;Varmepumpe Grundvand;fvv;2019-09-01 00:00:00;;0;1;omgivelsesvarme;omgivelsesvarme;;0;;;;0;;;;;0,356666667;0,643333333
2025;1760;2397;2397-2;HOFOR FJERNVARME P/S;2150;Nordhavn;101;Fjernvarmeværk;2;Storkøbenhavns Fjernvarme;Elpatron;Elpatron;fvv;2019-09-01 00:00:00;;0;0,2;elektricitet;elektricitet;;0;;;;0;;;;;1;
2025;1760;2398;2398-1;HOFOR FJERNVARME P/S;2200;København N;101;Fjernvarmeværk;2;Storkøbenhavns Fjernvarme;Varmepumpe Novozymes;Varmepumpe Overskudsvarme;fvv;2020-07-01 00:00:00;;0;3,9;braendselsfrit;braendselsfrit;;0;;;;0;;0,75289727;;;0,24710273;
2025;1760;2472;2472-1;HOFOR FJERNVARME P/S;1704;København V;101;Fjernvarmeværk;2;Storkøbenhavns Fjernvarme;Varmepumpe;Varmepumpe Overskudsvarme;fvv;2024-08-15 00:00:00;;0;5;braendselsfrit;braendselsfrit;;0;;;;0;;0,646140267;;;0,353859733;
2025;1762;1859;1859-1;GFE KROGENSKÆR P/S;9700;Brønderslev;810;Erhvervsværk;;;-;Forbrændingsmotor;kvt;2004-04-21 00:00:00;;1,42;1,93;Ej i drift i 2025;Ej i drift i 2025;;;;;;;;;;;;
2025;1768;1835;1835-1;Ballen-Brundby Fjernvarme Amba;8305;Samsø;741;Fjernvarmeværk;447;Ballen-Brundby-Kolby-Permelill;-;Kedel;fvv;2004-04-01 00:00:00;;0;3,6;halm;fast biomasse;;0,000502162;;;;0,999497838;;;;;;
2025;1787;1934;1934-1;ENERGI FYN PRODUKTION A/S;5260;Odense S;461;Decentralt værk;79;Fjernvarme Fyn;Motor 1;Forbrændingsmotor;kvt;2006-09-22 00:00:00;;2;1,3;gasolie;olie;;1;;;;0;;;;;;
2025;1787;1934;1934-2;ENERGI FYN PRODUKTION A/S;5260;Odense S;461;Decentralt værk;79;Fjernvarme Fyn;Motor 2;Forbrændingsmotor;kvt;2006-09-22 00:00:00;;2;1,3;gasolie;olie;;1;;;;0;;;;;;
2025;1787;1934;1934-3;ENERGI FYN PRODUKTION A/S;5260;Odense S;461;Decentralt værk;79;Fjernvarme Fyn;Motor 3;Forbrændingsmotor;kvt;2006-09-22 00:00:00;;2;1,3;gasolie;olie;;1;;;;0;;;;;;
2025;1787;1934;1934-4;ENERGI FYN PRODUKTION A/S;5260;Odense S;461;Decentralt værk;79;Fjernvarme Fyn;Motor 4;Forbrændingsmotor;kvt;2006-09-22 00:00:00;;2;1,3;gasolie;olie;;1;;;;0;;;;;;
2025;1787;1934;1934-5;ENERGI FYN PRODUKTION A/S;5260;Odense S;461;Decentralt værk;79;Fjernvarme Fyn;Motor 5;Forbrændingsmotor;kvt;2006-09-22 00:00:00;;2;1,3;gasolie;olie;;1;;;;0;;;;;;
2025;1787;1934;1934-6;ENERGI FYN PRODUKTION A/S;5260;Odense S;461;Decentralt værk;79;Fjernvarme Fyn;Motor 6;Forbrændingsmotor;kvt;2006-09-22 00:00:00;;2;1,3;gasolie;olie;;1;;;;0;;;;;;
2025;1787;1934;1934-7;ENERGI FYN PRODUKTION A/S;5260;Odense S;461;Decentralt værk;79;Fjernvarme Fyn;Motor 7;Forbrændingsmotor;kvt;2006-09-22 00:00:00;;2;1,3;gasolie;olie;;1;;;;0;;;;;;
2025;1787;1934;1934-8;ENERGI FYN PRODUKTION A/S;5260;Odense S;461;Decentralt værk;79;Fjernvarme Fyn;Motor 8;Forbrændingsmotor;kvt;2006-09-22 00:00:00;;2;1,3;gasolie;olie;;1;;;;0;;;;;;
2025;1787;1934;1934-9;ENERGI FYN PRODUKTION A/S;5260;Odense S;461;Decentralt værk;79;Fjernvarme Fyn;Elkedel;Elpatron;fvv;2006-10-01 00:00:00;;0;16;Ej i drift i 2025;Ej i drift i 2025;;;;;;;;;;;;
2025;1787;1940;1940-1;ENERGI FYN PRODUKTION A/S;5610;Assens;420;Decentralt værk;71;Assens Fjernvarme;Motor 1;Forbrændingsmotor;kvt;2007-06-01 00:00:00;;2;1,3;gasolie;olie;;1;;;;0;;;;;;
2025;1787;1940;1940-2;ENERGI FYN PRODUKTION A/S;5610;Assens;420;Decentralt værk;71;Assens Fjernvarme;Motor 2;Forbrændingsmotor;kvt;2007-06-01 00:00:00;;2;1,3;gasolie;olie;;1;;;;0;;;;;;
2025;1787;1940;1940-3;ENERGI FYN PRODUKTION A/S;5610;Assens;420;Decentralt værk;71;Assens Fjernvarme;Motor 3;Forbrændingsmotor;kvt;2007-06-01 00:00:00;;2;1,3;gasolie;olie;;1;;;;0;;;;;;
2025;1787;1940;1940-4;ENERGI FYN PRODUKTION A/S;5610;Assens;420;Decentralt værk;71;Assens Fjernvarme;Motor 4;Forbrændingsmotor;kvt;2007-06-01 00:00:00;;2;1,3;gasolie;olie;;1;;;;0;;;;;;
2025;1787;1940;1940-5;ENERGI FYN PRODUKTION A/S;5610;Assens;420;Decentralt værk;71;Assens Fjernvarme;Motor 5;Forbrændingsmotor;kvt;2007-06-01 00:00:00;;2;1,3;gasolie;olie;;1;;;;0;;;;;;
2025;1787;1940;1940-6;ENERGI FYN PRODUKTION A/S;5610;Assens;420;Decentralt værk;71;Assens Fjernvarme;Motor 6;Forbrændingsmotor;kvt;2007-06-01 00:00:00;;2;1,3;gasolie;olie;;1;;;;0;;;;;;
2025;1787;1940;1940-7;ENERGI FYN PRODUKTION A/S;5610;Assens;420;Decentralt værk;71;Assens Fjernvarme;Motor 7;Forbrændingsmotor;kvt;2007-06-01 00:00:00;;2;1,3;gasolie;olie;;1;;;;0;;;;;;
2025;1787;1940;1940-8;ENERGI FYN PRODUKTION A/S;5610;Assens;420;Decentralt værk;71;Assens Fjernvarme;Motor 8;Forbrændingsmotor;kvt;2007-06-01 00:00:00;;2;1,3;gasolie;olie;;1;;;;0;;;;;;
2025;1787;1940;1940-9;ENERGI FYN PRODUKTION A/S;5610;Assens;420;Decentralt værk;71;Assens Fjernvarme;Elkedel;Elpatron;fvv;2007-06-01 00:00:00;;0;16;elektricitet;elektricitet;;0;;;;0;;;;;1;
2025;1787;1952;1952-1;ENERGI FYN PRODUKTION A/S;4700;Næstved;370;Decentralt værk;;;Motor 1;Forbrændingsmotor;kvt;2007-11-19 00:00:00;;2;1,6;gasolie;olie;;1;;;;0;;;;;;
2025;1787;1952;1952-2;ENERGI FYN PRODUKTION A/S;4700;Næstved;370;Decentralt værk;;;Motor 2;Forbrændingsmotor;kvt;2007-11-19 00:00:00;;2;1,6;gasolie;olie;;1;;;;0;;;;;;
2025;1787;1952;1952-3;ENERGI FYN PRODUKTION A/S;4700;Næstved;370;Decentralt værk;;;Motor 3;Forbrændingsmotor;kvt;2007-11-19 00:00:00;;2;1,6;gasolie;olie;;1;;;;0;;;;;;
2025;1787;1952;1952-4;ENERGI FYN PRODUKTION A/S;4700;Næstved;370;Decentralt værk;;;Motor 4;Forbrændingsmotor;kvt;2007-11-19 00:00:00;;2;1,6;gasolie;olie;;1;;;;0;;;;;;
2025;1787;1952;1952-5;ENERGI FYN PRODUKTION A/S;4700;Næstved;370;Decentralt værk;;;Motor 5;Forbrændingsmotor;kvt;2007-11-19 00:00:00;;2;1,6;gasolie;olie;;1;;;;0;;;;;;
2025;1787;1952;1952-6;ENERGI FYN PRODUKTION A/S;4700;Næstved;370;Decentralt værk;;;Motor 6;Forbrændingsmotor;kvt;2007-11-19 00:00:00;;2;1,6;gasolie;olie;;1;;;;0;;;;;;
2025;1787;1952;1952-7;ENERGI FYN PRODUKTION A/S;4700;Næstved;370;Decentralt værk;;;Motor 7;Forbrændingsmotor;kvt;2007-11-19 00:00:00;;2;1,6;gasolie;olie;;1;;;;0;;;;;;
2025;1787;1952;1952-8;ENERGI FYN PRODUKTION A/S;4700;Næstved;370;Decentralt værk;;;Motor 8;Forbrændingsmotor;kvt;2007-11-19 00:00:00;;2;1,6;gasolie;olie;;1;;;;0;;;;;;
2025;1787;1993;1993-1;ENERGI FYN PRODUKTION A/S;4700;Næstved;370;Decentralt værk;;;Regulerkraft - 10 stk. Caterpillar á 5,4;Forbrændingsmotor;kvt;2009-01-01 00:00:00;;20;0;gasolie;olie;;1;;;;0;;;;;;
2025;1787;2014;2014-1;ENERGI FYN PRODUKTION A/S;5000;Odense C;461;Decentralt værk;79;Fjernvarme Fyn;Motor 1;Forbrændingsmotor;kvt;2009-06-26 00:00:00;;2;1,3;gasolie;olie;;1;;;;0;;;;;;
2025;1787;2014;2014-2;ENERGI FYN PRODUKTION A/S;5000;Odense C;461;Decentralt værk;79;Fjernvarme Fyn;Motor 2;Forbrændingsmotor;kvt;2009-06-26 00:00:00;;2;1,3;gasolie;olie;;1;;;;0;;;;;;
2025;1787;2014;2014-3;ENERGI FYN PRODUKTION A/S;5000;Odense C;461;Decentralt værk;79;Fjernvarme Fyn;Motor 3;Forbrændingsmotor;kvt;2009-06-26 00:00:00;;2;1,3;gasolie;olie;;1;;;;0;;;;;;
2025;1787;2014;2014-4;ENERGI FYN PRODUKTION A/S;5000;Odense C;461;Decentralt værk;79;Fjernvarme Fyn;Motor 4;Forbrændingsmotor;kvt;2009-06-26 00:00:00;;2;1,3;gasolie;olie;;1;;;;0;;;;;;
2025;1787;2014;2014-5;ENERGI FYN PRODUKTION A/S;5000;Odense C;461;Decentralt værk;79;Fjernvarme Fyn;Motor 5;Forbrændingsmotor;kvt;2009-06-26 00:00:00;;2;1,3;gasolie;olie;;1;;;;0;;;;;;
2025;1787;2014;2014-6;ENERGI FYN PRODUKTION A/S;5000;Odense C;461;Decentralt værk;79;Fjernvarme Fyn;Motor 6;Forbrændingsmotor;kvt;2009-06-26 00:00:00;;2;1,3;gasolie;olie;;1;;;;0;;;;;;
2025;1787;2014;2014-7;ENERGI FYN PRODUKTION A/S;5000;Odense C;461;Decentralt værk;79;Fjernvarme Fyn;Motor 7;Forbrændingsmotor;kvt;2009-06-26 00:00:00;;2;1,3;gasolie;olie;;1;;;;0;;;;;;
2025;1787;2014;2014-8;ENERGI FYN PRODUKTION A/S;5000;Odense C;461;Decentralt værk;79;Fjernvarme Fyn;Motor 8;Forbrændingsmotor;kvt;2009-06-26 00:00:00;;2;1,3;gasolie;olie;;1;;;;0;;;;;;
2025;1794;1898;1898-1;LEMVIG BIOGASANLÆG A.M.B.A.;7620;Lemvig;665;Lokalt værk;176;Lemvig Fjernvarme;Biogasanlæg;Forbrændingsmotor;kvt;2005-10-01 00:00:00;;0,84;0,93;biogas;biogas;;0;;;1;0;;;;;;
2025;1794;1898;1898-2;LEMVIG BIOGASANLÆG A.M.B.A.;7620;Lemvig;665;Lokalt værk;176;Lemvig Fjernvarme;Lemvig Biogas;Forbrændingsmotor;kvt;2013-08-23 00:00:00;;1,56;1,611;biogas;biogas;;0;;;1;0;;;;;;
2025;1795;1883;1883-1;ENERGISELSKABET VED ANDELS- SAMFUNDET I HJORTSHØJ;8530;Hjortshøj;751;Lokalt værk;888;Blokvarme mv;Fliskedel;Kedel;fvv;2002-02-15 00:00:00;;0;0,16;traepiller;fast biomasse;;0;;;;1;;;;;;
2025;1795;1883;1883-2;ENERGISELSKABET VED ANDELS- SAMFUNDET I HJORTSHØJ;8530;Hjortshøj;751;Lokalt værk;888;Blokvarme mv;Træpillekedel;Kedel;fvv;1995-01-01 00:00:00;;0;0,19;traepiller;fast biomasse;;0;;;;1;;;;;;
2025;1795;1883;1883-3;ENERGISELSKABET VED ANDELS- SAMFUNDET I HJORTSHØJ;8530;Hjortshøj;751;Lokalt værk;888;Blokvarme mv;Stirling kraftvarmeanlæg;Stirlingmotor;kvt;2008-01-01 00:00:00;2025-09-30 00:00:00;0,04;0,12;Ej i drift i 2025;Ej i drift i 2025;;;;;;;;;;;;
2025;1804;1920;1920-1;Havneby Varmeværk A.m.b.a.;6792;Rømø;550;Fjernvarmeværk;471;Havneby Fjernvarme (Rømø);Fliskedel 1;Kedel;fvv;2006-11-29 00:00:00;;0;1;skovflis;fast biomasse;;0;;;;1;;;;;;
2025;1804;1920;1920-2;Havneby Varmeværk A.m.b.a.;6792;Rømø;550;Fjernvarmeværk;471;Havneby Fjernvarme (Rømø);Fliskedel 2;Kedel;fvv;2006-11-01 00:00:00;;0;1;skovflis;fast biomasse;;0;;;;1;;;;;;
2025;1804;1920;1920-3;Havneby Varmeværk A.m.b.a.;6792;Rømø;550;Fjernvarmeværk;471;Havneby Fjernvarme (Rømø);Nødoliekedel;Kedel;fvv;2017-12-01 00:00:00;;0;2,3;gasolie;olie;;1;;;;0;;;;;;
2025;1804;1920;1920-4;Havneby Varmeværk A.m.b.a.;6792;Rømø;550;Fjernvarmeværk;471;Havneby Fjernvarme (Rømø);Varmepumpe luft;Varmepumpe Luft;fvv;2022-05-01 00:00:00;;0;0,66;omgivelsesvarme;omgivelsesvarme;;0;;;;0;;;;;0,354334261;0,645665739
2025;1810;124;124-1;E.ON PRODUKTION DANMARK A/S;3600;Frederikssund;250;Decentralt værk;12;Frederikssund Fjernvarme;Gasmotor 2;Forbrændingsmotor;kvt;1996-01-01 00:00:00;;5,4;5,87;naturgas;naturgas;;0;1;;;0;;;;;;
2025;1810;124;124-11;E.ON PRODUKTION DANMARK A/S;3600;Frederikssund;250;Decentralt værk;12;Frederikssund Fjernvarme;Varmepumpe Spildevand;Varmepumpe Spildevand;fvv;2024-01-01 00:00:00;;0;2,5;omgivelsesvarme;omgivelsesvarme;;0;;;;0;;;;;0,326493857;0,673506143
2025;1810;124;124-3;E.ON PRODUKTION DANMARK A/S;3600;Frederikssund;250;Decentralt værk;12;Frederikssund Fjernvarme;Gasmotor 3;Forbrændingsmotor;kvt;1996-01-01 00:00:00;;5,4;5,87;naturgas;naturgas;;0;1;;;0;;;;;;
2025;1810;124;124-4;E.ON PRODUKTION DANMARK A/S;3600;Frederikssund;250;Decentralt værk;12;Frederikssund Fjernvarme;Kedel 1;Kedel;fvv;1986-01-01 00:00:00;;0;6,2;naturgas;naturgas;;0;1;;;0;;;;;;
2025;1810;124;124-5;E.ON PRODUKTION DANMARK A/S;3600;Frederikssund;250;Decentralt værk;12;Frederikssund Fjernvarme;Kedel 2;Kedel;fvv;1986-01-01 00:00:00;;0;6,2;naturgas;naturgas;;0;1;;;0;;;;;;
2025;1810;124;124-6;E.ON PRODUKTION DANMARK A/S;3600;Frederikssund;250;Decentralt værk;12;Frederikssund Fjernvarme;Kedel 3;Kedel;fvv;1986-01-01 00:00:00;;0;6,3;naturgas;naturgas;;0;1;;;0;;;;;;
2025;1810;124;124-7;E.ON PRODUKTION DANMARK A/S;3600;Frederikssund;250;Decentralt værk;12;Frederikssund Fjernvarme;Kedel 4;Kedel;fvv;1991-01-01 00:00:00;;0;8,3;naturgas;naturgas;;0;1;;;0;;;;;;
2025;1810;124;124-8;E.ON PRODUKTION DANMARK A/S;3600;Frederikssund;250;Decentralt værk;12;Frederikssund Fjernvarme;Elkedel;Elpatron;fvv;2012-01-01 00:00:00;;0;9,9;elektricitet;elektricitet;;0;;;;0;;;;;1;
2025;1810;124;124-9;E.ON PRODUKTION DANMARK A/S;3600;Frederikssund;250;Decentralt værk;12;Frederikssund Fjernvarme;Varmepumpe GK4;Varmepumpe Anden;fvv;2015-01-01 00:00:00;;0;0,8;omgivelsesvarme;omgivelsesvarme;;0;;;;0;;;;;0,240445026;0,759554974
2025;1810;275;275-1;E.ON PRODUKTION DANMARK A/S;3550;Slangerup;250;Decentralt værk;21;Slangerup Fjernvarme;-;Forbrændingsmotor;kvt;1990-01-01 00:00:00;;0,71;1,19;naturgas;naturgas;;0;1;;;0;;;;;;
2025;1810;780;780-1;E.ON PRODUKTION DANMARK A/S;3050;Humlebæk;210;Decentralt værk;383;Humlebæk Fjernvarme;-;Forbrændingsmotor;kvt;1996-01-01 00:00:00;;1,06;1,61;naturgas;naturgas;;0;1;;;0;;;;;;
2025;1810;814;814-1;E.ON PRODUKTION DANMARK A/S;2800;Kongens Lyngby;173;Lokalt værk;;;-;Forbrændingsmotor;kvt;1991-07-29 00:00:00;;0,29;0,39;naturgas;naturgas;;0;1;;;0;;;;;;
2025;1810;821;821-1;E.ON PRODUKTION DANMARK A/S;2750;Ballerup;151;Lokalt værk;;;-;Forbrændingsmotor;kvt;1991-12-06 00:00:00;;0,15;0,28;naturgas;naturgas;;0;1;;;0;;;;;;
2025;1810;822;822-2;E.ON PRODUKTION DANMARK A/S;2750;Ballerup;151;Lokalt værk;;;-;Forbrændingsmotor;kvt;1997-01-01 00:00:00;;0,66;0,99;naturgas;naturgas;;0;1;;;0;;;;;;
2025;1810;826;826-1;E.ON PRODUKTION DANMARK A/S;2800;Kongens Lyngby;173;Lokalt værk;;;-;Forbrændingsmotor;kvt;1993-01-01 00:00:00;;0,95;1,54;Ej i drift i 2025;Ej i drift i 2025;;;;;;;;;;;;
2025;1810;847;847-1;E.ON PRODUKTION DANMARK A/S;2750;Ballerup;151;Lokalt værk;;;motor 1;Forbrændingsmotor;kvt;1992-05-07 00:00:00;;0,99;1,44;naturgas;naturgas;;0;1;;;0;;;;;;
2025;1810;847;847-2;E.ON PRODUKTION DANMARK A/S;2750;Ballerup;151;Lokalt værk;;;motor 2;Forbrændingsmotor;kvt;1992-05-07 00:00:00;;0,99;1,44;naturgas;naturgas;;0;1;;;0;;;;;;
2025;1810;872;872-1;E.ON PRODUKTION DANMARK A/S;3450;Allerød;201;Lokalt værk;;;-;Forbrændingsmotor;kvt;1991-12-11 00:00:00;;1,07;1,89;naturgas;naturgas;;0;1;;;0;;;;;;
2025;1810;875;875-1;E.ON PRODUKTION DANMARK A/S;2830;Virum;173;Lokalt værk;;;-;Forbrændingsmotor;kvt;1994-01-01 00:00:00;;0,49;0,81;naturgas;naturgas;;0;1;;;0;;;;;;
2025;1810;903;903-1;E.ON PRODUKTION DANMARK A/S;3060;Espergærde;217;Lokalt værk;;;-;Forbrændingsmotor;kvt;1993-03-15 00:00:00;;0,42;0,61;naturgas;naturgas;;0;1;;;0;;;;;;
2025;1810;909;909-1;E.ON PRODUKTION DANMARK A/S;2950;Vedbæk;230;Lokalt værk;;;-;Forbrændingsmotor;kvt;1993-06-07 00:00:00;;0,29;0,47;naturgas;naturgas;;0;1;;;0;;;;;;
2025;1810;913;913-1;E.ON PRODUKTION DANMARK A/S;4030;Tune;253;Lokalt værk;;;-;Forbrændingsmotor;kvt;1993-12-23 00:00:00;;0,5;0,73;naturgas;naturgas;;0;1;;;0;;;;;;
2025;1810;918;918-1;E.ON PRODUKTION DANMARK A/S;3050;Humlebæk;210;Lokalt værk;;;-;Forbrændingsmotor;kvt;1994-08-25 00:00:00;;0,3;0,48;naturgas;naturgas;;0;1;;;0;;;;;;
2025;1810;1024;1024-1;E.ON PRODUKTION DANMARK A/S;2840;Holte;230;Lokalt værk;;;-;Forbrændingsmotor;kvt;1995-03-14 00:00:00;;1,05;1,45;naturgas;naturgas;;0;1;;;0;;;;;;
2025;1810;1049;1049-1;E.ON PRODUKTION DANMARK A/S;4690;Haslev;320;Decentralt værk;385;Ørslev-Terslev Fjernvarme;UB. KVGS-12G;Forbrændingsmotor;kvt;1996-01-01 00:00:00;;2,02;2,25;naturgas;naturgas;;0;1;;;0;;;;;;
2025;1810;1049;1049-2;E.ON PRODUKTION DANMARK A/S;4690;Haslev;320;Decentralt værk;385;Ørslev-Terslev Fjernvarme;DANSTOKER;Kedel;fvv;1996-01-01 00:00:00;;0;3,25;naturgas;naturgas;;0;1;;;0;;;;;;
2025;1810;1049;1049-3;E.ON PRODUKTION DANMARK A/S;4690;Haslev;320;Decentralt værk;385;Ørslev-Terslev Fjernvarme;Pillekedel;Kedel;fvv;2016-09-01 00:00:00;;0;0,9;traepiller;fast biomasse;;0;;;;1;;;;;;
2025;1810;1306;1306-1;E.ON PRODUKTION DANMARK A/S;2942;Skodsborg;230;Lokalt værk;;;-;Forbrændingsmotor;kvt;1995-09-01 00:00:00;;0,29;0,44;naturgas;naturgas;;0;1;;;0;;;;;;
2025;1810;1307;1307-1;E.ON PRODUKTION DANMARK A/S;3140;Ålsgårde;217;Lokalt værk;;;-;Forbrændingsmotor;kvt;1995-11-01 00:00:00;;0,3;0,49;naturgas;naturgas;;0;1;;;0;;;;;;
2025;1810;1307;1307-2;E.ON PRODUKTION DANMARK A/S;3140;Ålsgårde;217;Lokalt værk;;;Varmepumpe Luft;Varmepumpe Luft;fvv;2021-11-01 00:00:00;;0;0,4;omgivelsesvarme;omgivelsesvarme;;0;;;;0;;;;;0,347353504;0,652646496
2025;1810;1309;1309-1;E.ON PRODUKTION DANMARK A/S;2800;Kongens Lyngby;173;Lokalt værk;;;-;Forbrændingsmotor;kvt;1995-10-01 00:00:00;;0,31;0,45;naturgas;naturgas;;0;1;;;0;;;;;;
2025;1810;1310;1310-1;E.ON PRODUKTION DANMARK A/S;3500;Værløse;190;Lokalt værk;;;Motor Man;Forbrændingsmotor;kvt;1995-10-01 00:00:00;;0,31;0,46;naturgas;naturgas;;0;1;;;0;;;;;;
2025;1810;1358;1358-2;E.ON PRODUKTION DANMARK A/S;4600;Køge;259;Lokalt værk;;;1 Gasmotor;Forbrændingsmotor;kvt;1993-06-01 00:00:00;;1,1;1,33;naturgas;naturgas;;0;1;;;0;;;;;;
2025;1810;1603;1603-1;E.ON PRODUKTION DANMARK A/S;4780;Stege;390;Fjernvarmeværk;476;Lendemarke Fjernvarme;-;Kedel;fvv;2002-10-01 00:00:00;;0;5,6;skovflis;fast biomasse;;0,012187878;;;;0,987812122;;;;;;
2025;1822;1362;1362-2;Skive Kommune;7860;Spøttrup;779;Lokalt værk;;;Kåstrup Losseplads gasanlæg 2;Forbrændingsmotor;pev;2010-06-23 00:00:00;;0,1;0,12;biogas;biogas;;0;;;1;0;;;;;;
2025;1826;1922;1922-1;HGS - Hovedstadsområdets Geotermiske Samarbejde;2300;København S;101;Fjernvarmeværk;2;Storkøbenhavns Fjernvarme;Demonstrationsanlæg;Geotermi;fvv;2005-08-01 00:00:00;;0;14;Ej i drift i 2025;Ej i drift i 2025;;;;;;;;;;;;
2025;1826;2396;2396-1;HGS - Hovedstadsområdets Geotermiske Samarbejde;2300;København S;101;Fjernvarmeværk;2;Storkøbenhavns Fjernvarme;Varmepumpeanlæg ved Sjællandsbroens Pumpestation;Varmepumpe Anden;fvv;2019-02-01 00:00:00;;0;5,12;omgivelsesvarme;omgivelsesvarme;;0;;;;0;;;;;0,314229587;0,685770413
2025;1841;1929;1929-2;Bornholms Bioenergi ApS;3720;Aakirkeby;400;Decentralt værk;69;Aakirkeby og Lobbæk Fjernvarme;Motor 1;Forbrændingsmotor;kvt;2019-11-01 00:00:00;;1,484;1,876;biogas;biogas;;0;;;1;0;;;;;;
2025;1841;1929;1929-3;Bornholms Bioenergi ApS;3720;Aakirkeby;400;Decentralt værk;69;Aakirkeby og Lobbæk Fjernvarme;Motor 2;Forbrændingsmotor;kvt;2019-11-01 00:00:00;;1,484;1,876;biogas;biogas;;0;;;1;0;;;;;;
2025;1858;122;122-3;FREDERIKSHAVN VARME A/S;9900;Frederikshavn;813;Fjernvarmeværk;289;Frederikshavn Fjernvarme;kedel 3;Kedel;fvv;2012-01-01 00:00:00;;0;9;Ej i drift i 2025;Ej i drift i 2025;;;;;;;;;;;;
2025;1858;122;122-4;FREDERIKSHAVN VARME A/S;9900;Frederikshavn;813;Fjernvarmeværk;289;Frederikshavn Fjernvarme;kedel 4;Kedel;fvv;2012-01-01 00:00:00;;0;9;Ej i drift i 2025;Ej i drift i 2025;;;;;;;;;;;;
2025;1858;122;122-5;FREDERIKSHAVN VARME A/S;9900;Frederikshavn;813;Fjernvarmeværk;289;Frederikshavn Fjernvarme;kedel 5;Kedel;fvv;2012-12-01 00:00:00;;0;17;Ej i drift i 2025;Ej i drift i 2025;;;;;;;;;;;;
2025;1858;122;122-6;FREDERIKSHAVN VARME A/S;9900;Frederikshavn;813;Fjernvarmeværk;289;Frederikshavn Fjernvarme;kedel 6;Kedel;fvv;2012-12-01 00:00:00;;0;16,35;naturgas;naturgas;;0;1;;;0;;;;;;
2025;1858;123;123-1;FREDERIKSHAVN VARME A/S;9900;Frederikshavn;813;Fjernvarmeværk;289;Frederikshavn Fjernvarme;kedel 1;Kedel;fvv;2012-01-01 00:00:00;;0;3,75;Ej i drift i 2025;Ej i drift i 2025;;;;;;;;;;;;
2025;1858;123;123-2;FREDERIKSHAVN VARME A/S;9900;Frederikshavn;813;Fjernvarmeværk;289;Frederikshavn Fjernvarme;Kedel 2;Kedel;fvv;2012-01-01 00:00:00;;0;9,75;Ej i drift i 2025;Ej i drift i 2025;;;;;;;;;;;;
2025;1858;123;123-3;FREDERIKSHAVN VARME A/S;9900;Frederikshavn;813;Fjernvarmeværk;289;Frederikshavn Fjernvarme;kedel 3;Kedel;fvv;2012-01-01 00:00:00;;0;9,75;naturgas;naturgas;;0,04872063;0,95127937;;;0;;;;;;
2025;1858;123;123-4;FREDERIKSHAVN VARME A/S;9900;Frederikshavn;813;Fjernvarmeværk;289;Frederikshavn Fjernvarme;kedel 4;Kedel;fvv;2012-01-01 00:00:00;;0;9,75;Ej i drift i 2025;Ej i drift i 2025;;;;;;;;;;;;
2025;1858;635;635-2;FREDERIKSHAVN VARME A/S;9900;Frederikshavn;813;Decentralt værk;289;Frederikshavn Fjernvarme;Varmepumpe;Varmepumpe Luft;fvv;2021-07-01 00:00:00;;0;15;omgivelsesvarme;omgivelsesvarme;;0;;;;0;;;;;0,349851295;0,650148705
2025;1858;635;635-3;FREDERIKSHAVN VARME A/S;9900;Frederikshavn;813;Decentralt værk;289;Frederikshavn Fjernvarme;Kedel 1;Kedel;fvv;2021-01-01 00:00:00;;0;15;naturgas;naturgas;;0;1;;;0;;;;;;
2025;1858;2279;2279-1;FREDERIKSHAVN VARME A/S;9900;Frederikshavn;813;Erhvervsværk;289;Frederikshavn Fjernvarme;Overskudsvarme fra MAN Diesel;Overskudsvarme;pvp;2013-01-01 00:00:00;;0;10;braendselsfrit;braendselsfrit;;0;;;;0;;1;;;;
2025;1858;2279;2279-2;FREDERIKSHAVN VARME A/S;9900;Frederikshavn;813;Erhvervsværk;289;Frederikshavn Fjernvarme;Elkedel 1;Elpatron;pvp;2024-02-07 00:00:00;;0;15;elektricitet;elektricitet;;0;;;;0;;;;;1;
2025;1867;1949;1949-1;Skou Hansen I/S v/Carl Skou og Lars Peter Skou Hansen;6270;Tønder;550;Decentralt værk;;;12 stk. ens PM Energi diesel motor units;Forbrændingsmotor;kvt;2007-10-12 00:00:00;;20,4;0;gasolie;olie;;1;;;;0;;;;;;
2025;1885;1969;1969-10;DK Plant Udlejning ApS;5450;Otterup;480;Erhvervsværk;;;Motor 3;Forbrændingsmotor;pev;1999-06-01 00:00:00;;1,2;1,4;Ej i drift i 2025;Ej i drift i 2025;;;;;;;;;;;;
2025;1885;1969;1969-8;DK Plant Udlejning ApS;5450;Otterup;480;Erhvervsværk;;;Motor 1;Forbrændingsmotor;pev;1999-06-01 00:00:00;;1,2;1,4;Ej i drift i 2025;Ej i drift i 2025;;;;;;;;;;;;
2025;1885;1969;1969-9;DK Plant Udlejning ApS;5450;Otterup;480;Erhvervsværk;;;Motor 2;Forbrændingsmotor;pev;1999-06-01 00:00:00;;1,2;1,4;naturgas;naturgas;;0;1;;;0;;;;;;
2025;1894;1407;1407-1;Region Midtjylland;8800;Viborg;791;Lokalt værk;;;Zantingh (MAN);Forbrændingsmotor;pev;1997-07-01 00:00:00;;0,15;0,26;naturgas;naturgas;;0;1;;;0;;;;;;
2025;1895;1891;1891-1;Nordic Energy Invest AS;6700;Esbjerg;561;Decentralt værk;;;Gasturbine 25 MW;Gasturbine;kvt;2005-10-28 00:00:00;;25;0;gasolie;olie;;1;;;;0;;;;;;
2025;1895;1978;1978-1;Nordic Energy Invest AS;8500;Grenaa;707;Decentralt værk;;; Regulerkraftanlæg;Gasturbine;kvt;2008-08-27 00:00:00;;24,5;0;Ej i drift i 2025;Ej i drift i 2025;;;;;;;;;;;;
2025;1896;840;840-2;HJØRRING VANDSELSKAB A/S;9800;Hjørring;860;Lokalt værk;;;BIogasmotor 2;Forbrændingsmotor;pev;2017-02-07 00:00:00;;0,249;0,3;biogas;biogas;;0;;;1;0;;;;;;
2025;1898;1005;1005-1;Sorø Kommune;4293;Dianalund;340;Lokalt værk;;;Kraftvarmeværk;Forbrændingsmotor;pev;1994-10-01 00:00:00;;0,15;0,23;Ej i drift i 2025;Ej i drift i 2025;;;;;;;;;;;;
2025;2008;452;452-1;SILKEBORG VARME A/S;8600;Silkeborg;740;Fjernvarmeværk;226;Silkeborg Fjernvarme;40GK790;Kedel;fvv;1981-01-01 00:00:00;;0;9,3;naturgas;naturgas;;0;1;;;0;;;;;;
2025;2008;452;452-10;SILKEBORG VARME A/S;8600;Silkeborg;740;Fjernvarmeværk;226;Silkeborg Fjernvarme;Nødstrømsanlæg 1;Nødstrømsanlæg;kvt;1979-01-01 00:00:00;;0,28;0;gasolie;olie;;1;;;;0;;;;;;
2025;2008;452;452-2;SILKEBORG VARME A/S;8600;Silkeborg;740;Fjernvarmeværk;226;Silkeborg Fjernvarme;40GK720;Kedel;fvv;1971-01-01 00:00:00;;0;9,3;naturgas;naturgas;;0;1;;;0;;;;;;
2025;2008;452;452-3;SILKEBORG VARME A/S;8600;Silkeborg;740;Fjernvarmeværk;226;Silkeborg Fjernvarme;40GK0730;Kedel;fvv;1967-01-01 00:00:00;;0;9,3;naturgas;naturgas;;0;1;;;0;;;;;;
2025;2008;452;452-4;SILKEBORG VARME A/S;8600;Silkeborg;740;Fjernvarmeværk;226;Silkeborg Fjernvarme;40GK740;Kedel;fvv;1964-01-01 00:00:00;;0;9,3;naturgas;naturgas;;0;1;;;0;;;;;;
2025;2008;452;452-5;SILKEBORG VARME A/S;8600;Silkeborg;740;Fjernvarmeværk;226;Silkeborg Fjernvarme;40OK020;Kedel;fvv;1977-01-01 00:00:00;;0;8,5;gasolie;olie;;1;;;;0;;;;;;
2025;2008;452;452-6;SILKEBORG VARME A/S;8600;Silkeborg;740;Fjernvarmeværk;226;Silkeborg Fjernvarme;40OK070;Kedel;fvv;1962-01-01 00:00:00;;0;6,98;gasolie;olie;;1;;;;0;;;;;;
2025;2008;452;452-7;SILKEBORG VARME A/S;8600;Silkeborg;740;Fjernvarmeværk;226;Silkeborg Fjernvarme;40OK080;Kedel;fvv;1963-01-01 00:00:00;;0;6,98;Ej i drift i 2025;Ej i drift i 2025;;;;;;;;;;;;
2025;2008;452;452-8;SILKEBORG VARME A/S;8600;Silkeborg;740;Fjernvarmeværk;226;Silkeborg Fjernvarme;40OK090;Kedel;fvv;1975-01-01 00:00:00;;0;9,3;Ej i drift i 2025;Ej i drift i 2025;;;;;;;;;;;;
2025;2008;452;452-9;SILKEBORG VARME A/S;8600;Silkeborg;740;Fjernvarmeværk;226;Silkeborg Fjernvarme;Nødstrømsanlæg 2;Nødstrømsanlæg;kvt;1979-01-01 00:00:00;;0,28;0;gasolie;olie;;1;;;;0;;;;;;
2025;2008;453;453-1;SILKEBORG VARME A/S;8600;Silkeborg;740;Fjernvarmeværk;226;Silkeborg Fjernvarme;10OK070;Kedel;fvv;1967-01-01 00:00:00;;0;15,46;gasolie;olie;;1;;;;0;;;;;;
2025;2008;453;453-2;SILKEBORG VARME A/S;8600;Silkeborg;740;Fjernvarmeværk;226;Silkeborg Fjernvarme;10OK020;Kedel;fvv;1967-01-01 00:00:00;;0;15,46;gasolie;olie;;1;;;;0;;;;;;
2025;2008;453;453-3;SILKEBORG VARME A/S;8600;Silkeborg;740;Fjernvarmeværk;226;Silkeborg Fjernvarme;10OK030;Kedel;fvv;1978-01-01 00:00:00;;0;9,3;Ej i drift i 2025;Ej i drift i 2025;;;;;;;;;;;;
2025;2008;453;453-4;SILKEBORG VARME A/S;8600;Silkeborg;740;Fjernvarmeværk;226;Silkeborg Fjernvarme;10OK040;Kedel;fvv;1978-01-01 00:00:00;;0;9,3;gasolie;olie;;1;;;;0;;;;;;
2025;2008;453;453-5;SILKEBORG VARME A/S;8600;Silkeborg;740;Fjernvarmeværk;226;Silkeborg Fjernvarme;10OK080;Kedel;fvv;1971-01-01 00:00:00;;0;15,46;gasolie;olie;;1;;;;0;;;;;;
2025;2008;453;453-6;SILKEBORG VARME A/S;8600;Silkeborg;740;Fjernvarmeværk;226;Silkeborg Fjernvarme;10GK670;Kedel;fvv;1996-01-01 00:00:00;;0;15,46;naturgas;naturgas;;0;1;;;0;;;;;;
2025;2008;453;453-7;SILKEBORG VARME A/S;8600;Silkeborg;740;Fjernvarmeværk;226;Silkeborg Fjernvarme;10GK770;Kedel;fvv;1996-01-01 00:00:00;;0;15,46;naturgas;naturgas;;0;1;;;0;;;;;;
2025;2008;453;453-8;SILKEBORG VARME A/S;8600;Silkeborg;740;Fjernvarmeværk;226;Silkeborg Fjernvarme;Nødgenerator 1;Nødstrømsanlæg;kvt;1996-01-01 00:00:00;;0,68;0;gasolie;olie;;1;;;;0;;;;;;
2025;2008;453;453-9;SILKEBORG VARME A/S;8600;Silkeborg;740;Fjernvarmeværk;226;Silkeborg Fjernvarme;Nødgenerator 2;Nødstrømsanlæg;kvt;1996-01-01 00:00:00;;0,68;0;gasolie;olie;;1;;;;0;;;;;;
2025;2008;454;454-1;SILKEBORG VARME A/S;8600;Silkeborg;740;Fjernvarmeværk;226;Silkeborg Fjernvarme;70GK002;Kedel;fvv;1975-01-01 00:00:00;;0;4;naturgas;naturgas;;0;1;;;0;;;;;;
2025;2008;454;454-2;SILKEBORG VARME A/S;8600;Silkeborg;740;Fjernvarmeværk;226;Silkeborg Fjernvarme;70GK001;Kedel;fvv;1975-01-01 00:00:00;;0;3,3;Ej i drift i 2025;Ej i drift i 2025;;;;;;;;;;;;
2025;2008;1042;1042-1;SILKEBORG VARME A/S;8600;Silkeborg;740;Decentralt værk;226;Silkeborg Fjernvarme;GT1 (192-239);Kombianlæg;kvt;1995-02-12 00:00:00;;54,25;60;naturgas;naturgas;;0;1;;;0;;;;;;
2025;2008;1042;1042-10;SILKEBORG VARME A/S;8600;Silkeborg;740;Decentralt værk;226;Silkeborg Fjernvarme;Nødstrømsanlæg;Nødstrømsanlæg;kvt;2025-10-15 00:00:00;;0,568;0;Ej i drift i 2025;Ej i drift i 2025;;;;;;;;;;;;
2025;2008;1042;1042-2;SILKEBORG VARME A/S;8600;Silkeborg;740;Decentralt værk;226;Silkeborg Fjernvarme;GT2 (192-232);Kombianlæg;kvt;1995-11-01 00:00:00;;54,3;60;naturgas;naturgas;;0;1;;;0;;;;;;
2025;2008;1042;1042-4;SILKEBORG VARME A/S;8600;Silkeborg;740;Decentralt værk;226;Silkeborg Fjernvarme;Hjælpedampkedlen;Kedel;fvv;2002-03-12 00:00:00;;0;0;naturgas;naturgas;;0;1;;;0;;;;;;
2025;2008;1042;1042-5;SILKEBORG VARME A/S;8600;Silkeborg;740;Decentralt værk;226;Silkeborg Fjernvarme;Elkedel (EK17);Elpatron;fvv;2015-11-20 00:00:00;;0;30;elektricitet;elektricitet;;0;;;;0;;;;;1;
2025;2008;1042;1042-6;SILKEBORG VARME A/S;8600;Silkeborg;740;Decentralt værk;226;Silkeborg Fjernvarme;4H4 (Kedel 4);Dampkedel;fvv;2017-11-15 00:00:00;;0;25;naturgas;naturgas;;0;1;;;0;;;;;;
2025;2008;1042;1042-7;SILKEBORG VARME A/S;8600;Silkeborg;740;Decentralt værk;226;Silkeborg Fjernvarme;Elkedel (EK27);Elpatron;fvv;2023-01-09 00:00:00;;0;50;elektricitet;elektricitet;;0;;;;0;;;;;1;
2025;2008;1042;1042-8;SILKEBORG VARME A/S;8600;Silkeborg;740;Decentralt værk;226;Silkeborg Fjernvarme;Varmepumpe;Varmepumpe Luft;fvv;2025-05-19 00:00:00;;0;22;omgivelsesvarme;omgivelsesvarme;;0;;;;0;;;;;0,303165955;0,696834045
2025;2008;1042;1042-9;SILKEBORG VARME A/S;8600;Silkeborg;740;Decentralt værk;226;Silkeborg Fjernvarme;Biomassekedel;Kedel;fvv;2025-10-15 00:00:00;;0;20;skovflis;fast biomasse;;0;;;;1;;;;;;
2025;2008;2291;2291-1;SILKEBORG VARME A/S;8600;Silkeborg;740;Fjernvarmeværk;226;Silkeborg Fjernvarme;Solvarme - 156700m2;Solvarme;fvv;2017-01-01 00:00:00;;0;110;solenergi;solenergi;;0;;;;0;;;1;;;
2025;2014;203;203-3;HILLERØD VARME A/S;3400;Hillerød;219;Fjernvarmeværk;18;Hillerød-Farum-Værløse;Kedel 2;Kedel;fvv;2006-01-01 00:00:00;;0;12;naturgas;naturgas;;0;1;;;0;;;;;;
2025;2014;203;203-4;HILLERØD VARME A/S;3400;Hillerød;219;Fjernvarmeværk;18;Hillerød-Farum-Værløse;Kedel 3;Kedel;fvv;2006-01-01 00:00:00;;0;12;Ej i drift i 2025;Ej i drift i 2025;;;;;;;;;;;;
2025;2014;203;203-5;HILLERØD VARME A/S;3400;Hillerød;219;Fjernvarmeværk;18;Hillerød-Farum-Værløse;Kedel 4;Kedel;fvv;1967-01-01 00:00:00;;0;9,3;Ej i drift i 2025;Ej i drift i 2025;;;;;;;;;;;;
2025;2014;203;203-6;HILLERØD VARME A/S;3400;Hillerød;219;Fjernvarmeværk;18;Hillerød-Farum-Værløse;Kedel 5;Kedel;fvv;1967-01-01 00:00:00;;0;9,3;Ej i drift i 2025;Ej i drift i 2025;;;;;;;;;;;;
2025;2014;204;204-2;HILLERØD VARME A/S;3400;Hillerød;219;Fjernvarmeværk;18;Hillerød-Farum-Værløse;Kedel 1 (204-2);Kedel;fvv;1974-01-01 00:00:00;;0;10,5;naturgas;naturgas;;0;1;;;0;;;;;;
2025;2014;204;204-3;HILLERØD VARME A/S;3400;Hillerød;219;Fjernvarmeværk;18;Hillerød-Farum-Værløse;Kedel 2 (204-3);Kedel;fvv;1974-01-01 00:00:00;;0;10,5;Ej i drift i 2025;Ej i drift i 2025;;;;;;;;;;;;
2025;2014;204;204-4;HILLERØD VARME A/S;3400;Hillerød;219;Fjernvarmeværk;18;Hillerød-Farum-Værløse;Kedel 3 (204-4);Kedel;fvv;1978-01-01 00:00:00;;0;10,5;Ej i drift i 2025;Ej i drift i 2025;;;;;;;;;;;;
2025;2014;204;204-5;HILLERØD VARME A/S;3400;Hillerød;219;Fjernvarmeværk;18;Hillerød-Farum-Værløse;Solvarme Ullerød 778 m2;Solvarme;fvv;2010-01-01 00:00:00;;0;0,78;solenergi;solenergi;;0;;;;0;;;1;;;
2025;2014;205;205-3;HILLERØD VARME A/S;3400;Hillerød;219;Fjernvarmeværk;18;Hillerød-Farum-Værløse;Kedel 2 (205-3);Kedel;fvv;1974-01-01 00:00:00;;0;9,3;naturgas;naturgas;;0;1;;;0;;;;;;
2025;2014;205;205-4;HILLERØD VARME A/S;3400;Hillerød;219;Fjernvarmeværk;18;Hillerød-Farum-Værløse;Kedel 3 (205-4);Kedel;fvv;1974-01-01 00:00:00;;0;9,3;Ej i drift i 2025;Ej i drift i 2025;;;;;;;;;;;;
2025;2014;206;206-3;HILLERØD VARME A/S;3400;Hillerød;219;Fjernvarmeværk;18;Hillerød-Farum-Værløse;Kedel 2 (206-3);Kedel;fvv;1965-01-01 00:00:00;;0;7,3;naturgas;naturgas;;3,74458E-05;0,999962554;;;0;;;;;;
2025;2014;206;206-4;HILLERØD VARME A/S;3400;Hillerød;219;Fjernvarmeværk;18;Hillerød-Farum-Værløse;Kedel 3 (206-4);Kedel;fvv;1967-01-01 00:00:00;;0;7,3;Ej i drift i 2025;Ej i drift i 2025;;;;;;;;;;;;
2025;2014;206;206-5;HILLERØD VARME A/S;3400;Hillerød;219;Fjernvarmeværk;18;Hillerød-Farum-Værløse;Kedel 4 (206-5);Kedel;fvv;1969-01-01 00:00:00;;0;9,3;Ej i drift i 2025;Ej i drift i 2025;;;;;;;;;;;;
2025;2014;1937;1937-1;HILLERØD VARME A/S;3400;Hillerød;219;Fjernvarmeværk;18;Hillerød-Farum-Værløse;Gaskedel og biomassekedel;Kedel;fvv;2006-01-01 00:00:00;;0;9,5;traepiller;fast biomasse;;0;0,000448795;;;0,999551205;;;;;;
2025;2014;2059;2059-1;HILLERØD VARME A/S;3400;Hillerød;219;Fjernvarmeværk;18;Hillerød-Farum-Værløse;Ullerødbyen - Solvarme anlæg;Solvarme;fvv;2008-11-01 00:00:00;;0;2,1;solenergi;solenergi;;0;;;;0;;;1;;;
2025;2014;2159;2159-2;HILLERØD VARME A/S;3400;Hillerød;219;Fjernvarmeværk;18;Hillerød-Farum-Værløse;Fliskedel;Kedel;fvv;2013-10-01 00:00:00;;0;8,14;skovflis;fast biomasse;;0;;;;1;;;;;;
2025;2019;91;91-1;BORNHOLMS VARME A/S;3730;Nexø;400;Fjernvarmeværk;67;Neksø Fjernvarme;Halmkedel 1;Kedel;fvv;1989-08-01 00:00:00;;0;5;halm;fast biomasse;;0;;;;1;;;;;;
2025;2019;91;91-2;BORNHOLMS VARME A/S;3730;Nexø;400;Fjernvarmeværk;67;Neksø Fjernvarme;Oliekedel;Kedel;fvv;1989-04-01 00:00:00;;0;9;gasolie;olie;;1;;;;0;;;;;;
2025;2019;91;91-3;BORNHOLMS VARME A/S;3730;Nexø;400;Fjernvarmeværk;67;Neksø Fjernvarme;Halmkedel 3;Kedel;fvv;2016-03-31 00:00:00;;0;15;halm;fast biomasse;;0;;;;1;;;;;;
2025;2019;342;342-2;BORNHOLMS VARME A/S;3720;Aakirkeby;400;Fjernvarmeværk;69;Aakirkeby og Lobbæk Fjernvarme;Oliekedel;Kedel;fvv;1986-01-01 00:00:00;;0;1;Ej i drift i 2025;Ej i drift i 2025;;;;;;;;;;;;
2025;2019;342;342-3;BORNHOLMS VARME A/S;3720;Aakirkeby;400;Fjernvarmeværk;69;Aakirkeby og Lobbæk Fjernvarme;træpille;Kedel;fvv;1985-01-01 00:00:00;;0;1;traepiller;fast biomasse;;0;;;;1;;;;;;
2025;2019;639;639-4;BORNHOLMS VARME A/S;3782;Klemensker;400;Fjernvarmeværk;66;Klemensker Fjernvarme;Halmkedel;Kedel;fvv;1986-06-10 00:00:00;;0;3,5;halm;fast biomasse;;0;;;;1;;;;;;
2025;2019;639;639-5;BORNHOLMS VARME A/S;3782;Klemensker;400;Fjernvarmeværk;66;Klemensker Fjernvarme;Oliekedel;Kedel;fvv;1986-06-10 00:00:00;;0;3,5;gasolie;olie;;1;;;;0;;;;;;
2025;2019;2063;2063-1;BORNHOLMS VARME A/S;3790;Hasle;400;Fjernvarmeværk;470;Hasle Fjernvarme (Bornholms Forsyning tidl. Vestbornholms);Halmkedel;Kedel;fvv;2008-03-01 00:00:00;;0;5;halm;fast biomasse;;0;;;;1;;;;;;
2025;2019;2063;2063-2;BORNHOLMS VARME A/S;3790;Hasle;400;Fjernvarmeværk;470;Hasle Fjernvarme (Bornholms Forsyning tidl. Vestbornholms);Flis kedel;Kedel;fvv;2017-03-01 00:00:00;;0;15;skovflis;fast biomasse;;0;;;;1;;;;;;
2025;2019;2063;2063-3;BORNHOLMS VARME A/S;3790;Hasle;400;Fjernvarmeværk;470;Hasle Fjernvarme (Bornholms Forsyning tidl. Vestbornholms);Oliekedel;Kedel;fvv;2008-03-01 00:00:00;;0;3,15;Ej i drift i 2025;Ej i drift i 2025;;;;;;;;;;;;
2025;2019;2063;2063-4;BORNHOLMS VARME A/S;3790;Hasle;400;Fjernvarmeværk;470;Hasle Fjernvarme (Bornholms Forsyning tidl. Vestbornholms);Pillekedel;Kedel;fvv;2008-03-01 00:00:00;;0;2;traepiller;fast biomasse;;0;;;;1;;;;;;
2025;2019;2064;2064-1;BORNHOLMS VARME A/S;3700;Rønne;400;Fjernvarmeværk;470;Hasle Fjernvarme (Bornholms Forsyning tidl. Vestbornholms);Muleby træpillekedel;Kedel;fvv;2010-11-01 00:00:00;;0;1;Ej i drift i 2025;Ej i drift i 2025;;;;;;;;;;;;
2025;2019;2074;2074-1;BORNHOLMS VARME A/S;3720;Aakirkeby;400;Fjernvarmeværk;69;Aakirkeby og Lobbæk Fjernvarme;Fliskedel;Kedel;fvv;2010-04-01 00:00:00;;0;8;skovflis;fast biomasse;;0;;;;1;;;;;;
2025;2019;2074;2074-2;BORNHOLMS VARME A/S;3720;Aakirkeby;400;Fjernvarmeværk;69;Aakirkeby og Lobbæk Fjernvarme;Oliekedel;Kedel;fvv;2010-04-01 00:00:00;;0;6;gasolie;olie;;1;;;;0;;;;;;
2025;2019;2186;2186-1;BORNHOLMS VARME A/S;3760;Gudhjem;400;Fjernvarmeværk;475;Østerlars-Østermarie-Gudhjem Fjernvarme;Halmkedel;Kedel;fvv;2013-06-05 00:00:00;;0;4,5;halm;fast biomasse;;0;;;;1;;;;;;
2025;2019;2186;2186-2;BORNHOLMS VARME A/S;3760;Gudhjem;400;Fjernvarmeværk;475;Østerlars-Østermarie-Gudhjem Fjernvarme;Træpillekedel;Kedel;fvv;2013-01-01 00:00:00;;0;0,95;traepiller;fast biomasse;;0;;;;1;;;;;;
2025;2019;2186;2186-3;BORNHOLMS VARME A/S;3760;Gudhjem;400;Fjernvarmeværk;475;Østerlars-Østermarie-Gudhjem Fjernvarme;El-Kedel;Elpatron;fvv;2015-11-01 00:00:00;;0;2,4;elektricitet;elektricitet;;0;;;;0;;;;;1;
2025;2024;2012;2012-3;SILKEBORG SPILDEVAND A/S;8600;Silkeborg;740;Erhvervsværk;;;Mikrokraftvarmeanlæg;Forbrændingsmotor;pev;2019-12-15 00:00:00;;0,16;0,155;biogas;biogas;;0;;;1;0;;;;;;
2025;2027;2015;2015-1;HVALSØ SAVVÆRK A/S;4330;Hvalsø;350;Erhvervsværk;22;Hvalsø Fjernvarme;-;Kedel;pvp;2008-02-01 00:00:00;;0;3,8;skovflis;fast biomasse;;0;;;;1;;;;;;
2025;2031;68;68-1;KERTEMINDE FORSYNING - VARME A/S;5290;Marslev;440;Fjernvarmeværk;79;Fjernvarme Fyn;Spidslast/Veksler station;Kedel;fvv;1960-01-01 00:00:00;;0;1;gasolie;olie;;1;;;;0;;;;;;
2025;2031;308;308-1;KERTEMINDE FORSYNING - VARME A/S;5300;Kerteminde;440;Fjernvarmeværk;79;Fjernvarme Fyn;Oliekedel;Kedel;fvv;1963-01-01 00:00:00;;0;3,5;gasolie;olie;;1;;;;0;;;;;;
2025;2031;308;308-2;KERTEMINDE FORSYNING - VARME A/S;5300;Kerteminde;440;Fjernvarmeværk;79;Fjernvarme Fyn;Oliekedel;Kedel;fvv;2012-01-01 00:00:00;;0;3,5;gasolie;olie;;1;;;;0;;;;;;
2025;2031;308;308-3;KERTEMINDE FORSYNING - VARME A/S;5300;Kerteminde;440;Fjernvarmeværk;79;Fjernvarme Fyn;Oliekedel;Kedel;fvv;2012-01-01 00:00:00;;0;8,3;gasolie;olie;;1;;;;0;;;;;;
2025;2031;308;308-4;KERTEMINDE FORSYNING - VARME A/S;5300;Kerteminde;440;Fjernvarmeværk;79;Fjernvarme Fyn;Oliekedel;Kedel;fvv;2012-01-01 00:00:00;;0;4,7;gasolie;olie;;1;;;;0;;;;;;
2025;2031;308;308-5;KERTEMINDE FORSYNING - VARME A/S;5300;Kerteminde;440;Fjernvarmeværk;79;Fjernvarme Fyn;Oliekedel;Kedel;fvv;2012-01-01 00:00:00;;0;4,7;gasolie;olie;;1;;;;0;;;;;;
2025;2031;335;335-1;KERTEMINDE FORSYNING - VARME A/S;5550;Langeskov;440;Fjernvarmeværk;79;Fjernvarme Fyn;Oliekedel;Kedel;fvv;1963-01-01 00:00:00;;0;3,9;gasolie;olie;;1;;;;0;;;;;;
2025;2031;335;335-4;KERTEMINDE FORSYNING - VARME A/S;5550;Langeskov;440;Fjernvarmeværk;79;Fjernvarme Fyn;Oliekedel;Kedel;fvv;2012-01-01 00:00:00;;0;9,3;Ej i drift i 2025;Ej i drift i 2025;;;;;;;;;;;;
2025;2031;355;355-1;KERTEMINDE FORSYNING - VARME A/S;5330;Munkebo;440;Fjernvarmeværk;79;Fjernvarme Fyn;Munkebo Kommunale Værker;Kedel;fvv;2012-01-01 00:00:00;;0;10,6;naturgas;naturgas;;0,169205136;0,830794864;;;0;;;;;;
2025;2031;1080;1080-1;KERTEMINDE FORSYNING - VARME A/S;5380;Dalby;440;Decentralt værk;79;Fjernvarme Fyn;Bergen Motor;Forbrændingsmotor;kvt;1996-01-01 00:00:00;;2,7;3,2;Ej i drift i 2025;Ej i drift i 2025;;;;;;;;;;;;
2025;2031;1080;1080-2;KERTEMINDE FORSYNING - VARME A/S;5380;Dalby;440;Decentralt værk;79;Fjernvarme Fyn;Danstoker;Kedel;fvv;1996-01-01 00:00:00;;0;4;naturgas;naturgas;;0;1;;;0;;;;;;
2025;2031;1080;1080-3;KERTEMINDE FORSYNING - VARME A/S;5380;Dalby;440;Decentralt værk;79;Fjernvarme Fyn;Elkedel;Elpatron;fvv;2012-01-01 00:00:00;;0;2,95;elektricitet;elektricitet;;0;;;;0;;;;;1;
2025;2031;1975;1975-1;KERTEMINDE FORSYNING - VARME A/S;5550;Langeskov;440;Erhvervsværk;79;Fjernvarme Fyn;Kedel;Kedel;fvv;2012-01-01 00:00:00;;0;1;Ej i drift i 2025;Ej i drift i 2025;;;;;;;;;;;;
2025;2031;2135;2135-2;KERTEMINDE FORSYNING - VARME A/S;5330;Munkebo;440;Decentralt værk;79;Fjernvarme Fyn;Varmecentral 1, kedel 1;Kedel;fvv;2012-01-01 00:00:00;;0;2,4;gasolie;olie;;1;;;;0;;;;;;
2025;2031;2135;2135-3;KERTEMINDE FORSYNING - VARME A/S;5330;Munkebo;440;Decentralt værk;79;Fjernvarme Fyn;Varmecentral 1, kedel 2;Kedel;fvv;2012-01-01 00:00:00;;0;2,8;Ej i drift i 2025;Ej i drift i 2025;;;;;;;;;;;;
2025;2031;2135;2135-4;KERTEMINDE FORSYNING - VARME A/S;5330;Munkebo;440;Decentralt værk;79;Fjernvarme Fyn;Varmecentral 2, kedel 1;Kedel;fvv;2012-01-01 00:00:00;;0;5,22;naturgas;naturgas;;0;1;;;0;;;;;;
2025;2031;2135;2135-5;KERTEMINDE FORSYNING - VARME A/S;5330;Munkebo;440;Decentralt værk;79;Fjernvarme Fyn;Varmecentral 2, kedel 2;Kedel;fvv;2012-01-01 00:00:00;;0;1,78;naturgas;naturgas;;0;1;;;0;;;;;;
2025;2033;81;81-1;International N&H Denmark ApS;7200;Grindsted;530;Erhvervsværk;128;Grindsted Fjernvarme;Kedel 4;Dampturbine;pev;1986-01-01 00:00:00;;1,91;35;skovflis;fast biomasse;;0,016094206;0,007626982;;;0,976278812;;;;;;
2025;2033;81;81-11;International N&H Denmark ApS;7200;Grindsted;530;Erhvervsværk;128;Grindsted Fjernvarme;overskudsvarme veksler til GEV varma;Overskudsvarme;pvp;2011-09-01 00:00:00;;0;3,5;braendselsfrit;braendselsfrit;;0;;;;0;;1;;;;
2025;2033;81;81-13;International N&H Denmark ApS;7200;Grindsted;530;Erhvervsværk;128;Grindsted Fjernvarme;Overskudsvarme Veksler Skrubber;Overskudsvarme;pvp;2017-01-10 00:00:00;;0;7,5;braendselsfrit;braendselsfrit;;0;;;;0;;1;;;;
2025;2035;1999;1999-1;REFA, STUBBEKØBING FJERNVARME A/S;4850;Stubbekøbing;376;Fjernvarmeværk;60;Stubbekøbing Fjernvarme;Hollensen;Kedel;fvv;2008-10-31 00:00:00;;0;6,5;skovflis;fast biomasse;;0;;;;1;;;;;;
2025;2035;1999;1999-2;REFA, STUBBEKØBING FJERNVARME A/S;4850;Stubbekøbing;376;Fjernvarmeværk;60;Stubbekøbing Fjernvarme;Oliekedel;Kedel;fvv;2008-10-31 00:00:00;;0;6,5;gasolie;olie;;1;;;;0;;;;;;
2025;2036;88;88-1;Ebeltoft Fjernvarmeværk a.m.b.a;8400;Ebeltoft;706;Fjernvarmeværk;198;Ebeltoft Fjernvarme;Fliskedel 1;Kedel;fvv;1990-01-01 00:00:00;;0;10;skovflis;fast biomasse;;0;;;;1;;;;;;
2025;2036;88;88-3;Ebeltoft Fjernvarmeværk a.m.b.a;8400;Ebeltoft;706;Fjernvarmeværk;198;Ebeltoft Fjernvarme;Oliekedel 3;Kedel;fvv;1989-01-01 00:00:00;;0;7,3;Ej i drift i 2025;Ej i drift i 2025;;;;;;;;;;;;
2025;2036;88;88-4;Ebeltoft Fjernvarmeværk a.m.b.a;8400;Ebeltoft;706;Fjernvarmeværk;198;Ebeltoft Fjernvarme;Fliskedel 2;Kedel;fvv;1995-01-01 00:00:00;2025-12-31 00:00:00;0;6;Ej i drift i 2025;Ej i drift i 2025;;;;;;;;;;;;
2025;2036;88;88-5;Ebeltoft Fjernvarmeværk a.m.b.a;8400;Ebeltoft;706;Fjernvarmeværk;198;Ebeltoft Fjernvarme;Oliekedel 4;Kedel;fvv;2005-12-01 00:00:00;;0;10;gasolie;olie;;1;;;;0;;;;;;
2025;2036;88;88-7;Ebeltoft Fjernvarmeværk a.m.b.a;8400;Ebeltoft;706;Fjernvarmeværk;198;Ebeltoft Fjernvarme;Fliskedel 5;Kedel;fvv;2016-01-01 00:00:00;;0;12,7;skovflis;fast biomasse;;0;;;;1;;;;;;
2025;2036;2274;2274-1;Ebeltoft Fjernvarmeværk a.m.b.a;8400;Ebeltoft;706;Erhvervsværk;198;Ebeltoft Fjernvarme;Overskudsvarme;Overskudsvarme;pvp;2013-01-01 00:00:00;;0;0,05;braendselsfrit;braendselsfrit;;0;;;;0;;1;;;;
2025;2037;24;24-1;MARIBO VARMEVÆRK AMBA;4930;Maribo;360;Fjernvarmeværk;48;Maribo Fjernvarme;BIO-VÆRKET;Kedel;fvv;1982-01-01 00:00:00;;0;12;traepiller;fast biomasse;;0;;;;1;;;;;;
2025;2037;24;24-2;MARIBO VARMEVÆRK AMBA;4930;Maribo;360;Fjernvarmeværk;48;Maribo Fjernvarme;Maribo Varmeværk, C. E. Christiansensvej 40;Kedel;fvv;1986-01-01 00:00:00;;0;7;traepiller;fast biomasse;;0;;;;1;;;;;;
2025;2037;2357;2357-1;MARIBO VARMEVÆRK AMBA;4930;Maribo;360;Fjernvarmeværk;48;Maribo Fjernvarme;Fliskedel m vamepumpe;Kedel;fvv;2018-02-03 00:00:00;;0;9,5;skovflis;fast biomasse;;0;;;;1;;;;;;
2025;2039;304;304-3;KJELLERUP FJERNVARME AMBA;8620;Kjellerup;740;Fjernvarmeværk;244;Kjellerup Fjernvarme;Fliskedel 2;Kedel;fvv;2004-07-01 00:00:00;;0;4;skovflis;fast biomasse;;0;;;;1;0;;;;;
2025;2039;304;304-4;KJELLERUP FJERNVARME AMBA;8620;Kjellerup;740;Fjernvarmeværk;244;Kjellerup Fjernvarme;Naturgaskedel 1;Kedel;fvv;2005-06-01 00:00:00;;0;10;naturgas;naturgas;;0;1;;;0;;;;;;
2025;2039;2384;2384-1;KJELLERUP FJERNVARME AMBA;8620;Kjellerup;740;Fjernvarmeværk;244;Kjellerup Fjernvarme;Kedel m avp;Kedel;fvv;2019-09-01 00:00:00;;0;13,8;skovflis;fast biomasse;;0;;;;1;;;;;;
2025;2040;361;361-1;LOLLAND VARME A/S;4900;Nakskov;360;Fjernvarmeværk;50;Nakskov Fjernvarme;Naskov Fjernvarme-Svingelsvej;Kedel;fvv;1966-08-01 00:00:00;;0;19;gasolie;olie;;1;;;;0;;;;;;
2025;2040;510;510-2;LOLLAND VARME A/S;4920;Søllested;360;Fjernvarmeværk;45;Søllested Fjernvarme;Søllested Fjernvarmeselskab;Kedel;fvv;2008-03-01 00:00:00;;0;9;halm;fast biomasse;;0;;;;1;;;;;;
2025;2040;510;510-3;LOLLAND VARME A/S;4920;Søllested;360;Fjernvarmeværk;45;Søllested Fjernvarme;Solvarmeanlæg - 4700m2;Solvarme;fvv;2016-10-01 00:00:00;;0;3,3;solenergi;solenergi;;0;;;;0;;;1;;;
2025;2040;1913;1913-1;LOLLAND VARME A/S;4900;Nakskov;360;Fjernvarmeværk;50;Nakskov Fjernvarme;Stensø Fjernvarme;Kedel;fvv;2004-03-10 00:00:00;;0;19;skovflis;fast biomasse;;0;;;;1;;;;;;
2025;2040;2141;2141-1;LOLLAND VARME A/S;4900;Nakskov;360;Fjernvarmeværk;50;Nakskov Fjernvarme;Kedel 1, 2, 3;Kedel;fvv;2011-01-31 00:00:00;;0;22;halm;fast biomasse;;0;;;;1;;;;;;
2025;2041;523;523-10;TARM VARMEVÆRK A M B A;6880;Tarm;760;Fjernvarmeværk;162;Tarm Fjernvarme (fra 2013 incl. Ådum);Pillekedel 2 (ombygget kulkedel fra 1982);Kedel;fvv;2023-07-01 00:00:00;;0;4,16;traepiller;fast biomasse;;0;;;;1;;;;;;
2025;2041;523;523-3;TARM VARMEVÆRK A M B A;6880;Tarm;760;Fjernvarmeværk;162;Tarm Fjernvarme (fra 2013 incl. Ådum);Fliskedel m. absorptionsvarmepumpe;Kedel;fvv;2003-02-01 00:00:00;;0;10;skovflis;fast biomasse;;0;;;;1;;;;;;
2025;2041;523;523-4;TARM VARMEVÆRK A M B A;6880;Tarm;760;Fjernvarmeværk;162;Tarm Fjernvarme (fra 2013 incl. Ådum);Solvarmeanlæg på Smedesvinget - 18585 m2;Solvarme;fvv;2013-04-01 00:00:00;;0;13;solenergi;solenergi;;0;;;;0;;;1;;;
2025;2041;523;523-5;TARM VARMEVÆRK A M B A;6880;Tarm;760;Fjernvarmeværk;162;Tarm Fjernvarme (fra 2013 incl. Ådum);El-varmepumper;Varmepumpe Anden;fvv;2020-11-01 00:00:00;;0;4,7;elektricitet;elektricitet;;0;;;;0;;;;;2,673109244;-1,673109244
2025;2041;523;523-7;TARM VARMEVÆRK A M B A;6880;Tarm;760;Fjernvarmeværk;162;Tarm Fjernvarme (fra 2013 incl. Ådum);El-varmepumpe (CO2);Varmepumpe Luft;fvv;2023-03-01 00:00:00;;0;5,4;omgivelsesvarme;omgivelsesvarme;;0;;;;0;;;;;0,348728817;0,651271183
2025;2041;523;523-8;TARM VARMEVÆRK A M B A;6880;Tarm;760;Fjernvarmeværk;162;Tarm Fjernvarme (fra 2013 incl. Ådum);El-kedel;Elpatron;fvv;2023-03-01 00:00:00;;0;15;elektricitet;elektricitet;;0;;;;0;;;;;1;
2025;2041;523;523-9;TARM VARMEVÆRK A M B A;6880;Tarm;760;Fjernvarmeværk;162;Tarm Fjernvarme (fra 2013 incl. Ådum);Pillekedel 1 (ombygget kulkedel fra 1982);Kedel;fvv;2023-07-01 00:00:00;;0;4,16;Ej i drift i 2025;Ej i drift i 2025;;;;;;;;;;;;
2025;2047;94;94-2;DIN Forsyning Varme A/S;6715;Esbjerg N;561;Fjernvarmeværk;126;Esbjerg-Varde Fjernvarme;Hollesen kedel, Weishaup;Kedel;fvv;1988-01-01 00:00:00;;0;1,25;Ej i drift i 2025;Ej i drift i 2025;;;;;;;;;;;;
2025;2047;96;96-1;DIN Forsyning Varme A/S;6715;Esbjerg N;561;Fjernvarmeværk;126;Esbjerg-Varde Fjernvarme;-;Kedel;fvv;1964-01-01 00:00:00;;0;9,3;Ej i drift i 2025;Ej i drift i 2025;;;;;;;;;;;;
2025;2047;97;97-2;DIN Forsyning Varme A/S;6710;Esbjerg V;561;Fjernvarmeværk;126;Esbjerg-Varde Fjernvarme;Kedel 1;Kedel;fvv;1972-01-01 00:00:00;;0;6,6;gasolie;olie;;1;;;;0;0;;;;;
2025;2047;97;97-3;DIN Forsyning Varme A/S;6710;Esbjerg V;561;Fjernvarmeværk;126;Esbjerg-Varde Fjernvarme;Kedel 2;Kedel;fvv;1973-01-01 00:00:00;;0;10,1;Ej i drift i 2025;Ej i drift i 2025;;;;;;;;;;;;
2025;2047;98;98-2;DIN Forsyning Varme A/S;6715;Esbjerg N;561;Fjernvarmeværk;126;Esbjerg-Varde Fjernvarme;Kedel 1;Kedel;fvv;1972-01-01 00:00:00;;0;10,85;naturgas;naturgas;;0;1;;;0;;;;;;
2025;2047;98;98-3;DIN Forsyning Varme A/S;6715;Esbjerg N;561;Fjernvarmeværk;126;Esbjerg-Varde Fjernvarme;Kedel 2;Kedel;fvv;1984-01-01 00:00:00;;0;12,47;bio-olie;bio-olie;;0;;;;0;1;;;;;
2025;2047;99;99-2;DIN Forsyning Varme A/S;6710;Esbjerg V;561;Fjernvarmeværk;126;Esbjerg-Varde Fjernvarme;kedel 1;Kedel;fvv;1965-01-01 00:00:00;;0;7,42;bio-olie;bio-olie;;0,001103026;;;;0;0,998896974;;;;;
2025;2047;99;99-3;DIN Forsyning Varme A/S;6710;Esbjerg V;561;Fjernvarmeværk;126;Esbjerg-Varde Fjernvarme;kedel 2;Kedel;fvv;1966-01-01 00:00:00;;0;7,19;Ej i drift i 2025;Ej i drift i 2025;;;;;;;;;;;;
2025;2047;99;99-4;DIN Forsyning Varme A/S;6710;Esbjerg V;561;Fjernvarmeværk;126;Esbjerg-Varde Fjernvarme;kedel 3;Kedel;fvv;1970-01-01 00:00:00;;0;5,32;bio-olie;bio-olie;;0;;;;0;1;;;;;
2025;2047;99;99-5;DIN Forsyning Varme A/S;6710;Esbjerg V;561;Fjernvarmeværk;126;Esbjerg-Varde Fjernvarme;kedel 4;Kedel;fvv;1970-01-01 00:00:00;;0;16,05;Ej i drift i 2025;Ej i drift i 2025;;;;;;;;;;;;
2025;2047;99;99-6;DIN Forsyning Varme A/S;6710;Esbjerg V;561;Fjernvarmeværk;126;Esbjerg-Varde Fjernvarme;Elkedel;Elpatron;fvv;2025-01-01 00:00:00;;0;10;elektricitet;elektricitet;;0;;;;0;;;;;1;
2025;2047;100;100-1;DIN Forsyning Varme A/S;6731;Tjæreborg;561;Fjernvarmeværk;126;Esbjerg-Varde Fjernvarme;-;Kedel;fvv;1966-01-01 00:00:00;;0;8,76;gasolie;olie;;1;;;;0;;;;;;
2025;2047;101;101-1;DIN Forsyning Varme A/S;6705;Esbjerg Ø;561;Fjernvarmeværk;126;Esbjerg-Varde Fjernvarme;2;Kedel;fvv;1964-01-01 00:00:00;;0;3,57;gasolie;olie;;1;;;;0;;;;;;
2025;2047;556;556-1;DIN Forsyning Varme A/S;6800;Varde;573;Fjernvarmeværk;126;Esbjerg-Varde Fjernvarme;Spids & reservelast Kedel 1;Kedel;fvv;1980-11-27 00:00:00;;0;7,23;Ej i drift i 2025;Ej i drift i 2025;;;;;;;;;;;;
2025;2047;556;556-2;DIN Forsyning Varme A/S;6800;Varde;573;Fjernvarmeværk;126;Esbjerg-Varde Fjernvarme;Spids & reservelast Kedel 2;Kedel;fvv;2002-08-01 00:00:00;;0;13,81;naturgas;naturgas;;0;1;;;0;;;;;;
2025;2047;557;557-2;DIN Forsyning Varme A/S;6800;Varde;573;Fjernvarmeværk;126;Esbjerg-Varde Fjernvarme;Spids & Reservelast Kedel 2;Kedel;fvv;1998-08-01 00:00:00;;0;12,39;Ej i drift i 2025;Ej i drift i 2025;;;;;;;;;;;;
2025;2047;557;557-3;DIN Forsyning Varme A/S;6800;Varde;573;Fjernvarmeværk;126;Esbjerg-Varde Fjernvarme;Spids & Reservelast Kedel 3;Kedel;fvv;1989-09-01 00:00:00;;0;13,8;Ej i drift i 2025;Ej i drift i 2025;;;;;;;;;;;;
2025;2047;557;557-4;DIN Forsyning Varme A/S;6800;Varde;573;Fjernvarmeværk;126;Esbjerg-Varde Fjernvarme;"Spids &amp; Reservelast Kedel 1";Kedel;fvv;2014-01-01 00:00:00;;0;14,35;gasolie;olie;;1;;;;0;;;;;;
2025;2047;2138;2138-1;DIN Forsyning Varme A/S;6700;Esbjerg;561;Fjernvarmeværk;126;Esbjerg-Varde Fjernvarme;Danstoker 1;Kedel;fvv;2011-03-01 00:00:00;;0;51,7;bio-olie;bio-olie;;4,56673E-05;;;;0;0,999954333;;;;;
2025;2047;2138;2138-10;DIN Forsyning Varme A/S;6700;Esbjerg;561;Fjernvarmeværk;126;Esbjerg-Varde Fjernvarme;Midlertidig kedel 4;Kedel;fvv;2024-12-01 00:00:00;;0;8;Ej i drift i 2025;Ej i drift i 2025;;;;;;;;;;;;
2025;2047;2138;2138-11;DIN Forsyning Varme A/S;6700;Esbjerg;561;Fjernvarmeværk;126;Esbjerg-Varde Fjernvarme;Midlertidig kedel 5;Kedel;fvv;2024-11-21 00:00:00;;0;8;Ej i drift i 2025;Ej i drift i 2025;;;;;;;;;;;;
2025;2047;2138;2138-12;DIN Forsyning Varme A/S;6700;Esbjerg;561;Fjernvarmeværk;126;Esbjerg-Varde Fjernvarme;Midlertidig generator;Nødstrømsanlæg;kvt;2024-11-21 00:00:00;;0,4;0;Ej i drift i 2025;Ej i drift i 2025;;;;;;;;;;;;
2025;2047;2138;2138-13;DIN Forsyning Varme A/S;6700;Esbjerg;561;Fjernvarmeværk;126;Esbjerg-Varde Fjernvarme;Varmepumpe 1;Varmepumpe Havvand;fvv;2024-11-25 00:00:00;;0;35;omgivelsesvarme;omgivelsesvarme;;0;;;;0;;;;;0,33616185;0,66383815
2025;2047;2138;2138-14;DIN Forsyning Varme A/S;6700;Esbjerg;561;Fjernvarmeværk;126;Esbjerg-Varde Fjernvarme;Fliskedel;Kedel;fvv;2025-01-06 00:00:00;;0;54,464;skovflis;fast biomasse;;0;0,111243852;;;0,888756148;;;;;;
2025;2047;2138;2138-2;DIN Forsyning Varme A/S;6700;Esbjerg;561;Fjernvarmeværk;126;Esbjerg-Varde Fjernvarme;Danstoker 2;Kedel;fvv;2011-03-01 00:00:00;;0;49,9;Ej i drift i 2025;Ej i drift i 2025;;;;;;;;;;;;
2025;2047;2138;2138-3;DIN Forsyning Varme A/S;6700;Esbjerg;561;Fjernvarmeværk;126;Esbjerg-Varde Fjernvarme;Danstoker 3;Kedel;fvv;2019-10-22 00:00:00;;0;58,07;naturgas;naturgas;;0;1;;;0;;;;;;
2025;2047;2138;2138-5;DIN Forsyning Varme A/S;6700;Esbjerg;561;Fjernvarmeværk;126;Esbjerg-Varde Fjernvarme;Gas motor;Nødstrømsanlæg;kvt;2023-03-20 00:00:00;;2,535;2,59;naturgas;naturgas;;0;1;;;0;;;;;;
2025;2047;2138;2138-6;DIN Forsyning Varme A/S;6700;Esbjerg;561;Fjernvarmeværk;126;Esbjerg-Varde Fjernvarme;El-kedel;Elpatron;fvv;2023-11-01 00:00:00;;0;40;elektricitet;elektricitet;;0;;;;0;;;;;1;
2025;2047;2138;2138-7;DIN Forsyning Varme A/S;6700;Esbjerg;561;Fjernvarmeværk;126;Esbjerg-Varde Fjernvarme;Midlertidig kedel 1;Kedel;fvv;2024-12-01 00:00:00;;0;8;Ej i drift i 2025;Ej i drift i 2025;;;;;;;;;;;;
2025;2047;2138;2138-8;DIN Forsyning Varme A/S;6700;Esbjerg;561;Fjernvarmeværk;126;Esbjerg-Varde Fjernvarme;Midlertidig kedel 2;Kedel;fvv;2024-12-01 00:00:00;;0;8;Ej i drift i 2025;Ej i drift i 2025;;;;;;;;;;;;
2025;2047;2138;2138-9;DIN Forsyning Varme A/S;6700;Esbjerg;561;Fjernvarmeværk;126;Esbjerg-Varde Fjernvarme;Midlertidig kedel 3;Kedel;fvv;2024-12-01 00:00:00;;0;8;Ej i drift i 2025;Ej i drift i 2025;;;;;;;;;;;;
2025;2047;2275;2275-1;DIN Forsyning Varme A/S;6705;Esbjerg Ø;561;Erhvervsværk;126;Esbjerg-Varde Fjernvarme;Overskudsvarme fra Esbjerg Krematorium;Overskudsvarme;pvp;2013-01-01 00:00:00;;0;0,3;braendselsfrit;braendselsfrit;;0;;;;0;;1;;;;
2025;2047;2277;2277-1;DIN Forsyning Varme A/S;6715;Esbjerg N;561;Erhvervsværk;126;Esbjerg-Varde Fjernvarme;Overskudsvarme fra Dangrid;Overskudsvarme;pvp;2013-01-01 00:00:00;;0;0,01;braendselsfrit;braendselsfrit;;0;;;;0;;1;;;;
2025;2047;2311;2311-1;DIN Forsyning Varme A/S;6715;Esbjerg N;561;Fjernvarmeværk;126;Esbjerg-Varde Fjernvarme;Mobilt anlæg;Kedel;fvv;2017-01-01 00:00:00;;0;5;Ej i drift i 2025;Ej i drift i 2025;;;;;;;;;;;;
2025;2047;2381;2381-1;DIN Forsyning Varme A/S;6800;Varde;573;Erhvervsværk;126;Esbjerg-Varde Fjernvarme;Varde laks- overskudsvarme;Overskudsvarme;pvp;2019-01-01 00:00:00;;0;0,1;braendselsfrit;braendselsfrit;;0;;;;0;;1;;;;
2025;2047;2382;2382-1;DIN Forsyning Varme A/S;6800;Varde;573;Erhvervsværk;126;Esbjerg-Varde Fjernvarme;Sydvestjysk Pelscenter - overskudsvarme;Overskudsvarme;pvp;2019-01-01 00:00:00;;0;0,1;Ej i drift i 2025;Ej i drift i 2025;;;;;;;;;;;;
2025;2047;2386;2386-1;DIN Forsyning Varme A/S;6800;Varde;573;Erhvervsværk;126;Esbjerg-Varde Fjernvarme;Kvickly overskudsvarme;Overskudsvarme;pvp;2020-01-01 00:00:00;;0;0,1;braendselsfrit;braendselsfrit;;0;;;;0;;1;;;;
2025;2047;2387;2387-1;DIN Forsyning Varme A/S;6715;Esbjerg N;561;Erhvervsværk;126;Esbjerg-Varde Fjernvarme;Superbrugsen overskudsvarme;Overskudsvarme;pvp;2020-01-01 00:00:00;;0;0,1;braendselsfrit;braendselsfrit;;0;;;;0;;1;;;;
2025;2047;2388;2388-1;DIN Forsyning Varme A/S;6715;Esbjerg N;561;Erhvervsværk;126;Esbjerg-Varde Fjernvarme;Slagter Theilgaard overskudsvarme;Overskudsvarme;pvp;2020-01-01 00:00:00;;0;0,05;braendselsfrit;braendselsfrit;;0;;;;0;;1;;;;
2025;2047;2389;2389-1;DIN Forsyning Varme A/S;6731;Tjæreborg;561;Erhvervsværk;126;Esbjerg-Varde Fjernvarme;Superbrugsen Tjæreborg overskudsvarme;Overskudsvarme;pvp;2020-01-01 00:00:00;;0;0,05;Ej i drift i 2025;Ej i drift i 2025;;;;;;;;;;;;
2025;2047;2485;2485-1;DIN Forsyning Varme A/S;6715;Esbjerg N;561;Erhvervsværk;126;Esbjerg-Varde Fjernvarme;Overskudsvarme fra Bilka;Overskudsvarme;pvp;2025-01-01 00:00:00;;0;0,25;braendselsfrit;braendselsfrit;;0;;;;0;;1;;;;
2025;2047;2486;2486-1;DIN Forsyning Varme A/S;6710;Esbjerg V;561;Erhvervsværk;126;Esbjerg-Varde Fjernvarme;Overskudsvarme fra den Røde Okse;Overskudsvarme;pvp;2025-01-01 00:00:00;;0;0,25;braendselsfrit;braendselsfrit;;0;;;;0;;1;;;;
2025;2048;1159;1159-6;AARHUS VAND A/S;8000;Århus C;751;Lokalt værk;206;Århus Fjernvarme;Motor 1 (250 kW);Forbrændingsmotor;pev;2011-01-01 00:00:00;;0,25;0,34;biogas;biogas;;0;;;1;0;;;;;;
2025;2048;1159;1159-7;AARHUS VAND A/S;8000;Århus C;751;Lokalt værk;206;Århus Fjernvarme;Motor 2 (250 kW);Forbrændingsmotor;pev;2011-01-01 00:00:00;;0,25;0,34;biogas;biogas;;0;;;1;0;;;;;;
2025;2048;1159;1159-8;AARHUS VAND A/S;8000;Århus C;751;Lokalt værk;206;Århus Fjernvarme;Motor 3 (357 kW);Forbrændingsmotor;pev;2015-10-15 00:00:00;;0,357;0,441;biogas;biogas;;0;;;1;0;;;;;;
2025;2048;2197;2197-1;AARHUS VAND A/S;8260;Viby J;751;Lokalt værk;;;Viby renseanlæg motor 2;Forbrændingsmotor;pev;2013-03-01 00:00:00;;0,25;0,34;biogas;biogas;;0;;;1;0;;;;;;
2025;2048;2197;2197-2;AARHUS VAND A/S;8260;Viby J;751;Lokalt værk;;;Viby renseanlæg Motor 1;Forbrændingsmotor;pev;2019-12-04 00:00:00;;0,357;0,373;biogas;biogas;;0;;;1;0;;;;;;
2025;2048;2234;2234-2;AARHUS VAND A/S;8230;Åbyhøj;751;Erhvervsværk;206;Århus Fjernvarme;Kedel 1;Kedel;pvp;2019-09-15 00:00:00;;0;0,44;biogas;biogas;;0;;;1;0;;;;;;
2025;2048;2259;2259-1;AARHUS VAND A/S;8240;Risskov;751;Erhvervsværk;206;Århus Fjernvarme;Motor 1;Forbrændingsmotor;pev;2016-10-31 00:00:00;;0,357;0,5;biogas;biogas;;0;;;1;0;;;;;;
2025;2049;572;572-1;VORDINGBORG FJERNVARME A/S;4760;Vordingborg;390;Fjernvarmeværk;65;Vordingborg Fjernvarme;Gaskedel;Kedel;fvv;1994-01-01 00:00:00;;0;11;naturgas;naturgas;;0;1;;;0;;;;;;
2025;2049;573;573-1;VORDINGBORG FJERNVARME A/S;4760;Vordingborg;390;Fjernvarmeværk;65;Vordingborg Fjernvarme;Gaskedel;Kedel;fvv;1989-01-01 00:00:00;;0;9,3;naturgas;naturgas;;0;1;;;0;;;;;;
2025;2051;370;370-1;GULDBORGSUND VARME A/S;4800;Nykøbing F;376;Fjernvarmeværk;51;Nykøbing Falster Fjernvarme;Kedel 1;Kedel;fvv;1969-01-01 00:00:00;;0;5,4;bio-olie;bio-olie;;0,000143567;;;;0;0,999856433;;;;;
2025;2051;370;370-2;GULDBORGSUND VARME A/S;4800;Nykøbing F;376;Fjernvarmeværk;51;Nykøbing Falster Fjernvarme;Kedel 2;Kedel;fvv;1969-01-01 00:00:00;;0;5,4;bio-olie;bio-olie;;6,19812E-05;;;;0;0,999938019;;;;;
2025;2051;370;370-3;GULDBORGSUND VARME A/S;4800;Nykøbing F;376;Fjernvarmeværk;51;Nykøbing Falster Fjernvarme;Kedel 3;Kedel;fvv;1969-01-01 00:00:00;;0;5,4;bio-olie;bio-olie;;0,000130989;;;;0;0,999869011;;;;;
2025;2051;370;370-4;GULDBORGSUND VARME A/S;4800;Nykøbing F;376;Fjernvarmeværk;51;Nykøbing Falster Fjernvarme;Kedel 4;Kedel;fvv;1969-01-01 00:00:00;;0;8,6;bio-olie;bio-olie;;0,00017664;;;;0;0,99982336;;;;;
2025;2051;370;370-5;GULDBORGSUND VARME A/S;4800;Nykøbing F;376;Fjernvarmeværk;51;Nykøbing Falster Fjernvarme;Kedel 5;Kedel;fvv;1999-01-01 00:00:00;;0;10,3;bio-olie;bio-olie;;0,000167516;;;;0;0,999832484;;;;;
2025;2051;371;371-2;GULDBORGSUND VARME A/S;4800;Nykøbing F;376;Fjernvarmeværk;51;Nykøbing Falster Fjernvarme;Kedel 2;Kedel;fvv;1969-01-01 00:00:00;;0;5,4;bio-olie;bio-olie;;0,000649498;;;;0;0,999350502;;;;;
2025;2051;371;371-3;GULDBORGSUND VARME A/S;4800;Nykøbing F;376;Fjernvarmeværk;51;Nykøbing Falster Fjernvarme;Kedel 3;Kedel;fvv;1969-01-01 00:00:00;;0;5,4;bio-olie;bio-olie;;0,000664999;;;;0;0,999335001;;;;;
2025;2051;371;371-4;GULDBORGSUND VARME A/S;4800;Nykøbing F;376;Fjernvarmeværk;51;Nykøbing Falster Fjernvarme;Kedel 4;Kedel;fvv;1969-01-01 00:00:00;;0;5,4;bio-olie;bio-olie;;0,000685886;;;;0;0,999314114;;;;;
2025;2051;371;371-5;GULDBORGSUND VARME A/S;4800;Nykøbing F;376;Fjernvarmeværk;51;Nykøbing Falster Fjernvarme;Kedel 5;Kedel;fvv;1969-01-01 00:00:00;;0;6,9;bio-olie;bio-olie;;0,000631812;;;;0;0,999368188;;;;;
2025;2051;371;371-6;GULDBORGSUND VARME A/S;4800;Nykøbing F;376;Fjernvarmeværk;51;Nykøbing Falster Fjernvarme;Kedel 6;Kedel;fvv;1999-01-01 00:00:00;;0;8,6;bio-olie;bio-olie;;0,00066853;;;;0;0,99933147;;;;;
2025;2057;45;45-1;Sønderborg Varme A/S;6440;Augustenborg;540;Decentralt værk;114;Sønderborg Fjernvarmenet (inkl. Augustenborg);Gaskedel (Kedel 2);Kedel;fvv;1984-10-01 00:00:00;;0;5,8;naturgas;naturgas;;0;1;;;0;;;;;;
2025;2057;45;45-2;Sønderborg Varme A/S;6440;Augustenborg;540;Decentralt værk;114;Sønderborg Fjernvarmenet (inkl. Augustenborg);Kombikedel olie/gas (Kedel 3);Kedel;fvv;2003-12-01 00:00:00;;0;11,6;naturgas;naturgas;;0;1;;;0;;;;;;
2025;2057;45;45-7;Sønderborg Varme A/S;6440;Augustenborg;540;Decentralt værk;114;Sønderborg Fjernvarmenet (inkl. Augustenborg);Oliekedel Bro;Kedel;fvv;2007-01-01 00:00:00;;0;0,02;Ej i drift i 2025;Ej i drift i 2025;;;;;;;;;;;;
2025;2057;62;62-1;Sønderborg Varme A/S;6310;Broager;540;Decentralt værk;99;Broager Fjernvarme;Bergen KVSS 18 S - motor;Forbrændingsmotor;kvt;1994-09-01 00:00:00;;3;4;naturgas;naturgas;;0;1;;;0;;;;;;
2025;2057;62;62-2;Sønderborg Varme A/S;6310;Broager;540;Decentralt værk;99;Broager Fjernvarme;Gaskedel;Kedel;fvv;1998-01-01 00:00:00;;0;6,3;naturgas;naturgas;;0;1;;;0;;;;;;
2025;2057;62;62-3;Sønderborg Varme A/S;6310;Broager;540;Decentralt værk;99;Broager Fjernvarme;El-Kedel;Elpatron;fvv;2022-12-19 00:00:00;;0;5;elektricitet;elektricitet;;0;;;;0;;;;;1;
2025;2057;156;156-1;Sønderborg Varme A/S;6300;Gråsten;540;Decentralt værk;102;Gråsten Fjernvarmenet;Rolls-Royce/Bergen gas motor;Forbrændingsmotor;kvt;2012-01-01 00:00:00;;2,7;3,6;naturgas;naturgas;;0;1;;;0;;;;;;
2025;2057;156;156-2;Sønderborg Varme A/S;6300;Gråsten;540;Decentralt værk;102;Gråsten Fjernvarmenet;Danstoker kedel med gasbrænder;Kedel;fvv;1955-01-01 00:00:00;;0;5,5;naturgas;naturgas;;0;1;;;0;;;;;;
2025;2057;156;156-3;Sønderborg Varme A/S;6300;Gråsten;540;Decentralt værk;102;Gråsten Fjernvarmenet;Rolls-Royce/Bergen gas motor;Forbrændingsmotor;kvt;2012-01-01 00:00:00;;2,7;3,6;naturgas;naturgas;;0;1;;;0;;;;;;
2025;2057;156;156-4;Sønderborg Varme A/S;6300;Gråsten;540;Decentralt værk;102;Gråsten Fjernvarmenet;Danstoker kedel med gasbrænder;Kedel;fvv;1994-11-01 00:00:00;;0;5,5;naturgas;naturgas;;0;1;;;0;;;;;;
2025;2057;156;156-5;Sønderborg Varme A/S;6300;Gråsten;540;Decentralt værk;102;Gråsten Fjernvarmenet;Danstoker kedel med gasbrænder;Kedel;fvv;2012-01-01 00:00:00;;0;3,51;naturgas;naturgas;;0;1;;;0;;;;;;
2025;2057;511;511-1;Sønderborg Varme A/S;6400;Sønderborg;540;Fjernvarmeværk;114;Sønderborg Fjernvarmenet (inkl. Augustenborg);Danstoker kedel med rotationsbrænder;Kedel;fvv;1963-01-01 00:00:00;;0;12;naturgas;naturgas;;0;1;;;0;;;;;;
2025;2057;511;511-2;Sønderborg Varme A/S;6400;Sønderborg;540;Fjernvarmeværk;114;Sønderborg Fjernvarmenet (inkl. Augustenborg);Danstoker kedel med rotationsbrænder;Kedel;fvv;2001-01-01 00:00:00;;0;12;naturgas;naturgas;;0;1;;;0;;;;;;
2025;2057;511;511-3;Sønderborg Varme A/S;6400;Sønderborg;540;Fjernvarmeværk;114;Sønderborg Fjernvarmenet (inkl. Augustenborg);Danstoker kedel med rotationsbrænder;Kedel;fvv;2001-01-01 00:00:00;;0;12;naturgas;naturgas;;0;1;;;0;;;;;;
2025;2057;512;512-2;Sønderborg Varme A/S;6400;Sønderborg;540;Fjernvarmeværk;114;Sønderborg Fjernvarmenet (inkl. Augustenborg);Danstoker 1;Kedel;fvv;1971-01-01 00:00:00;;0;6;Ej i drift i 2025;Ej i drift i 2025;;;;;;;;;;;;
2025;2057;512;512-3;Sønderborg Varme A/S;6400;Sønderborg;540;Fjernvarmeværk;114;Sønderborg Fjernvarmenet (inkl. Augustenborg);Danstoker 2;Kedel;fvv;1971-01-01 00:00:00;;0;6;Ej i drift i 2025;Ej i drift i 2025;;;;;;;;;;;;
2025;2057;512;512-4;Sønderborg Varme A/S;6400;Sønderborg;540;Fjernvarmeværk;114;Sønderborg Fjernvarmenet (inkl. Augustenborg);SEMPAR;Kedel;fvv;1964-01-01 00:00:00;;0;7;Ej i drift i 2025;Ej i drift i 2025;;;;;;;;;;;;
2025;2057;514;514-2;Sønderborg Varme A/S;6400;Sønderborg;540;Fjernvarmeværk;114;Sønderborg Fjernvarmenet (inkl. Augustenborg);Kedel 1;Kedel;fvv;1973-01-01 00:00:00;;0;2,5;naturgas;naturgas;;0;1;;;0;;;;;;
2025;2057;514;514-3;Sønderborg Varme A/S;6400;Sønderborg;540;Fjernvarmeværk;114;Sønderborg Fjernvarmenet (inkl. Augustenborg);Kedel 2;Kedel;fvv;1995-01-01 00:00:00;;0;2,5;naturgas;naturgas;;0;1;;;0;;;;;;
2025;2057;515;515-1;Sønderborg Varme A/S;6400;Sønderborg;540;Fjernvarmeværk;114;Sønderborg Fjernvarmenet (inkl. Augustenborg);Danstokerkedel med gasbrænder;Kedel;fvv;1998-01-01 00:00:00;;0;10;naturgas;naturgas;;0;1;;;0;;;;;;
2025;2057;515;515-2;Sønderborg Varme A/S;6400;Sønderborg;540;Fjernvarmeværk;114;Sønderborg Fjernvarmenet (inkl. Augustenborg);Danstoker kedel med rotationsbrænder;Kedel;fvv;1998-01-01 00:00:00;;0;10;naturgas;naturgas;;0;1;;;0;;;;;;
2025;2057;515;515-3;Sønderborg Varme A/S;6400;Sønderborg;540;Fjernvarmeværk;114;Sønderborg Fjernvarmenet (inkl. Augustenborg);Danstoker kedel med rotationsbrænder;Kedel;fvv;1998-01-01 00:00:00;;0;10;naturgas;naturgas;;0;1;;;0;;;;;;
2025;2057;515;515-4;Sønderborg Varme A/S;6400;Sønderborg;540;Fjernvarmeværk;114;Sønderborg Fjernvarmenet (inkl. Augustenborg);Danstoker kedel med rotationsbrænder;Kedel;fvv;1998-01-01 00:00:00;;0;10;naturgas;naturgas;;0;1;;;0;;;;;;
2025;2057;2048;2048-1;Sønderborg Varme A/S;6310;Broager;540;Fjernvarmeværk;99;Broager Fjernvarme;Solvarmeanlæg - 9988 m2 (Arcon);Solvarme;fvv;2009-10-01 00:00:00;;0;7;solenergi;solenergi;;0;;;;0;;;1;;;
2025;2057;2048;2048-2;Sønderborg Varme A/S;6310;Broager;540;Fjernvarmeværk;99;Broager Fjernvarme;Varmepumpe;Varmepumpe Grundvand;fvv;2016-12-18 00:00:00;;0;4;omgivelsesvarme;omgivelsesvarme;;0;;;;0;;;;;0,458635093;0,541364907
2025;2057;2057;2057-1;Sønderborg Varme A/S;6400;Sønderborg;540;Fjernvarmeværk;114;Sønderborg Fjernvarmenet (inkl. Augustenborg);Solvarmeanlæg - 5866 m2 (Sunmark);Solvarme;fvv;2009-04-04 00:00:00;;0;4;solenergi;solenergi;;0;;;;0;;;1;;;
2025;2057;2057;2057-2;Sønderborg Varme A/S;6400;Sønderborg;540;Fjernvarmeværk;114;Sønderborg Fjernvarmenet (inkl. Augustenborg);Kedel;Kedel;fvv;2009-04-04 00:00:00;;0;5;Ej i drift i 2025;Ej i drift i 2025;;;;;;;;;;;;
2025;2057;2057;2057-3;Sønderborg Varme A/S;6400;Sønderborg;540;Fjernvarmeværk;114;Sønderborg Fjernvarmenet (inkl. Augustenborg);Solvarmeanlæg -2929 m2;Solvarme;fvv;2012-04-01 00:00:00;;0;2,1;solenergi;solenergi;;0;;;;0;;;1;;;
2025;2057;2137;2137-1;Sønderborg Varme A/S;6440;Augustenborg;540;Decentralt værk;114;Sønderborg Fjernvarmenet (inkl. Augustenborg);Gasmotor (Caterpillar);Forbrændingsmotor;kvt;1997-12-01 00:00:00;;3,8;4,9;naturgas;naturgas;;0;1;;;0;;;;;;
2025;2057;2137;2137-2;Sønderborg Varme A/S;6440;Augustenborg;540;Decentralt værk;114;Sønderborg Fjernvarmenet (inkl. Augustenborg);Elkedel (ikke kvoteomfattet);Elpatron;fvv;2011-09-01 00:00:00;;0;8;elektricitet;elektricitet;;0;;;;0;;;;;1;
2025;2057;2157;2157-1;Sønderborg Varme A/S;6400;Sønderborg;540;Fjernvarmeværk;114;Sønderborg Fjernvarmenet (inkl. Augustenborg);Flis kedel;Kedel;fvv;2012-06-18 00:00:00;;0;20;skovflis;fast biomasse;;0;;;;1;;;;;;
2025;2057;2158;2158-1;Sønderborg Varme A/S;6400;Sønderborg;540;Fjernvarmeværk;114;Sønderborg Fjernvarmenet (inkl. Augustenborg);Geotermi anlæg;Geotermi;fvv;2014-07-01 00:00:00;;0;10;Ej i drift i 2025;Ej i drift i 2025;;;;;;;;;;;;
2025;2057;2240;2240-1;Sønderborg Varme A/S;6400;Sønderborg;540;Fjernvarmeværk;114;Sønderborg Fjernvarmenet (inkl. Augustenborg);Biomasseanlæg;Kedel;fvv;2015-10-01 00:00:00;;0;9;skovflis;fast biomasse;;0;;;;1;;;;;;
2025;2057;2260;2260-1;Sønderborg Varme A/S;6300;Gråsten;540;Fjernvarmeværk;102;Gråsten Fjernvarmenet;Halmkedel;Kedel;fvv;2013-09-01 00:00:00;;0;12;halm;fast biomasse;;0;;;;1;;;;;;
2025;2057;2260;2260-2;Sønderborg Varme A/S;6300;Gråsten;540;Fjernvarmeværk;102;Gråsten Fjernvarmenet;Træpillekedel;Kedel;fvv;2012-07-01 00:00:00;;0;0,95;traepiller;fast biomasse;;0;;;;1;;;;;;
2025;2057;2260;2260-3;Sønderborg Varme A/S;6300;Gråsten;540;Fjernvarmeværk;102;Gråsten Fjernvarmenet;Solvarme;Solvarme;fvv;2012-07-01 00:00:00;;0;13;solenergi;solenergi;;0;;;;0;;;1;;;
2025;2059;839;839-3;HERNING VAND HOLDING A/S;7400;Herning;657;Lokalt værk;;;839-1 Gasgeneratoranlæg nr. 2;Forbrændingsmotor;pev;2016-06-20 00:00:00;;0,357;0,405;biogas;biogas;;0;;;1;0;;;;;;
2025;2068;190;190-1;FORSYNING HELSINGØR VARME A/S;3000;Helsingør;217;Fjernvarmeværk;17;Nordøstsjællands Fjernvarme;Kedel 1 kombi brænder;Kedel;fvv;1967-01-01 00:00:00;;0;13,5;naturgas;naturgas;;0;1;;;0;;;;;;
2025;2068;190;190-2;FORSYNING HELSINGØR VARME A/S;3000;Helsingør;217;Fjernvarmeværk;17;Nordøstsjællands Fjernvarme;Kedel 4 fliskedel;Kedel;fvv;2009-01-01 00:00:00;;0;6,5;skovflis;fast biomasse;;0;;;;1;;;;;;
2025;2068;190;190-3;FORSYNING HELSINGØR VARME A/S;3000;Helsingør;217;Fjernvarmeværk;17;Nordøstsjællands Fjernvarme;Kedel 2 kombi brænder;Kedel;fvv;2009-01-01 00:00:00;;0;10,5;naturgas;naturgas;;0;1;;;0;;;;;;
2025;2068;190;190-4;FORSYNING HELSINGØR VARME A/S;3000;Helsingør;217;Fjernvarmeværk;17;Nordøstsjællands Fjernvarme;Kedel 3 kombi brænder;Kedel;fvv;2010-11-01 00:00:00;;0;11;naturgas;naturgas;;0;1;;;0;;;;;;
2025;2068;191;191-1;FORSYNING HELSINGØR VARME A/S;3000;Helsingør;217;Fjernvarmeværk;17;Nordøstsjællands Fjernvarme;Kedel 1 kombi brænder;Kedel;fvv;2010-11-01 00:00:00;;0;10;naturgas;naturgas;;0;1;;;0;;;;;;
2025;2068;191;191-2;FORSYNING HELSINGØR VARME A/S;3000;Helsingør;217;Fjernvarmeværk;17;Nordøstsjællands Fjernvarme;kedel 2;Kedel;fvv;1965-01-01 00:00:00;;0;7,3;naturgas;naturgas;;0;1;;;0;;;;;;
2025;2068;191;191-3;FORSYNING HELSINGØR VARME A/S;3000;Helsingør;217;Fjernvarmeværk;17;Nordøstsjællands Fjernvarme;kedel 3 kombi brænder;Kedel;fvv;1965-01-01 00:00:00;;0;7,3;naturgas;naturgas;;0;1;;;0;;;;;;
2025;2068;191;191-4;FORSYNING HELSINGØR VARME A/S;3000;Helsingør;217;Fjernvarmeværk;17;Nordøstsjællands Fjernvarme;kedel 4 kombi brænder;Kedel;fvv;1965-01-01 00:00:00;;0;9,3;naturgas;naturgas;;0;1;;;0;;;;;;
2025;2068;191;191-5;FORSYNING HELSINGØR VARME A/S;3000;Helsingør;217;Fjernvarmeværk;17;Nordøstsjællands Fjernvarme;kedel 5 kombi brænder;Kedel;fvv;1965-01-01 00:00:00;;0;10,5;naturgas;naturgas;;0;1;;;0;;;;;;
2025;2069;856;856-4;MIDDELFART SPILDEVAND A/S;5500;Middelfart;410;Lokalt værk;;;MAN Gasmotor;Forbrændingsmotor;pev;2025-03-21 00:00:00;;0,105;0,125;biogas;biogas;;0;;;1;0;;;;;;
2025;2070;64;64-1;BRØNDERSLEV VARME A/S;9700;Brønderslev;810;Fjernvarmeværk;277;Brønderslev Fjernvarme;Eventyrvej;Kedel;fvv;1971-09-01 00:00:00;;0;11,5;Ej i drift i 2025;Ej i drift i 2025;;;;;;;;;;;;
2025;2070;67;67-1;BRØNDERSLEV VARME A/S;9700;Brønderslev;810;Fjernvarmeværk;277;Brønderslev Fjernvarme;Nordens Alle;Kedel;fvv;1975-09-01 00:00:00;;0;14,8;Ej i drift i 2025;Ej i drift i 2025;;;;;;;;;;;;
2025;2070;1070;1070-1;BRØNDERSLEV VARME A/S;9700;Brønderslev;810;Decentralt værk;277;Brønderslev Fjernvarme;Kedel 1.;Kedel;fvv;2006-03-01 00:00:00;;0;17,3;naturgas;naturgas;;0;1;;;0;;;;;;
2025;2070;1070;1070-11;BRØNDERSLEV VARME A/S;9700;Brønderslev;810;Decentralt værk;277;Brønderslev Fjernvarme;El-kedel;Elpatron;fvv;2014-01-02 00:00:00;;0;19,85;elektricitet;elektricitet;;0;;;;0;;;;;1;
2025;2070;1070;1070-2;BRØNDERSLEV VARME A/S;9700;Brønderslev;810;Decentralt værk;277;Brønderslev Fjernvarme;Kedel 2.;Kedel;fvv;2006-03-01 00:00:00;;0;17,3;naturgas;naturgas;;0;1;;;0;;;;;;
2025;2070;1070;1070-3;BRØNDERSLEV VARME A/S;9700;Brønderslev;810;Decentralt værk;277;Brønderslev Fjernvarme;Motor 1.;Forbrændingsmotor;kvt;1995-09-01 00:00:00;;3,2;4,2;naturgas;naturgas;;0;1;;;0;;;;;;
2025;2070;1070;1070-4;BRØNDERSLEV VARME A/S;9700;Brønderslev;810;Decentralt værk;277;Brønderslev Fjernvarme;Motor 2.;Forbrændingsmotor;kvt;1995-09-01 00:00:00;;3,2;4,2;naturgas;naturgas;;0;1;;;0;;;;;;
2025;2070;1070;1070-5;BRØNDERSLEV VARME A/S;9700;Brønderslev;810;Decentralt værk;277;Brønderslev Fjernvarme;Motor 3.;Forbrændingsmotor;kvt;1995-09-01 00:00:00;;3,2;4,2;naturgas;naturgas;;0;1;;;0;;;;;;
2025;2070;1070;1070-6;BRØNDERSLEV VARME A/S;9700;Brønderslev;810;Decentralt værk;277;Brønderslev Fjernvarme;Motor 4.;Forbrændingsmotor;kvt;1995-09-01 00:00:00;;3,2;4,2;naturgas;naturgas;;0;1;;;0;;;;;;
2025;2070;1070;1070-7;BRØNDERSLEV VARME A/S;9700;Brønderslev;810;Decentralt værk;277;Brønderslev Fjernvarme;Motor 5.;Forbrændingsmotor;kvt;1995-09-01 00:00:00;;3,2;4,2;naturgas;naturgas;;0;1;;;0;;;;;;
2025;2070;1070;1070-8;BRØNDERSLEV VARME A/S;9700;Brønderslev;810;Decentralt værk;277;Brønderslev Fjernvarme;Motor 6.;Forbrændingsmotor;kvt;1995-09-01 00:00:00;;3,2;4,2;naturgas;naturgas;;0;1;;;0;;;;;;
2025;2070;1070;1070-9;BRØNDERSLEV VARME A/S;9700;Brønderslev;810;Decentralt værk;277;Brønderslev Fjernvarme;Motor 7.;Forbrændingsmotor;kvt;1995-09-01 00:00:00;;3,2;4,2;naturgas;naturgas;;0;1;;;0;;;;;;
2025;2070;1245;1245-1;BRØNDERSLEV VARME A/S;9700;Brønderslev;810;Decentralt værk;277;Brønderslev Fjernvarme;Kedelanlæg;Kedel;fvv;1996-01-01 00:00:00;;0;2,5;Ej i drift i 2025;Ej i drift i 2025;;;;;;;;;;;;
2025;2070;1245;1245-2;BRØNDERSLEV VARME A/S;9700;Brønderslev;810;Decentralt værk;277;Brønderslev Fjernvarme;Motoranlæg;Forbrændingsmotor;kvt;1996-06-01 00:00:00;;1,84;2,41;Ej i drift i 2025;Ej i drift i 2025;;;;;;;;;;;;
2025;2070;1245;1245-3;BRØNDERSLEV VARME A/S;9700;Brønderslev;810;Decentralt værk;277;Brønderslev Fjernvarme;Solvarmeanlæg - 4990m2;Solvarme;fvv;2018-01-01 00:00:00;;0;2;solenergi;solenergi;;0;;;;0;;;1;;;
2025;2070;2354;2354-1;BRØNDERSLEV VARME A/S;9700;Brønderslev;810;Decentralt værk;277;Brønderslev Fjernvarme;Flisværket;Organic Rankine (ORC);kvt;2018-01-01 00:00:00;;4;23;skovflis;fast biomasse;;0;;;;1;;;;;;
2025;2070;2354;2354-2;BRØNDERSLEV VARME A/S;9700;Brønderslev;810;Decentralt værk;277;Brønderslev Fjernvarme;Solvarmeanlæg;Solvarme;fvv;2017-01-01 00:00:00;;0;17;solenergi;solenergi;;0;;;;0;;;1;;;
2025;2072;1494;1494-1;REFA Maribo-Sakskøbing Kraftvarmeværk A/S;4990;Sakskøbing;376;Decentralt værk;48;Maribo Fjernvarme;MSKV 81 Fast biomasse (halm) (og gasolie;Dampturbine;kvt;2000-01-01 00:00:00;;11,5;24,5;halm;fast biomasse;;0,000379003;;;;0,999620997;;;;;;
2025;2074;1151;1151-1;TØNDER DEPONI A/S;6280;Højer;550;Lokalt værk;;;Højer losseplads;Forbrændingsmotor;pev;1993-01-01 00:00:00;;0,16;0,3;Ej i drift i 2025;Ej i drift i 2025;;;;;;;;;;;;
2025;2075;871;871-1;RØNBJERG ATTRAKTIONER OG SERVICES A/S;9681;Ranum;820;Lokalt værk;;;Zantec 165;Forbrændingsmotor;pev;1999-01-01 00:00:00;;0,15;0,25;Ej i drift i 2025;Ej i drift i 2025;;;;;;;;;;;;
2025;2076;1208;1208-1;Fyns Affalds Koordinerings Selskab;5672;Broby;430;Lokalt værk;;;Sandholt losseplads;Forbrændingsmotor;pev;1992-09-01 00:00:00;;0,5;0,48;biogas;biogas;;0;;;1;0;;;;;;
2025;2081;2047;2047-1;BIO VÆKST ApS;4532;Gislinge;316;Lokalt værk;;;Gasmotor;Forbrændingsmotor;pev;2010-01-20 00:00:00;;0,19;0,22;Ej i drift i 2025;Ej i drift i 2025;;;;;;;;;;;;
2025;2082;86;86-1;MORSØ VARME A/S;7900;Nykøbing M;773;Fjernvarmeværk;246;Dueholm Fjernvarme;Kedel 1;Kedel;fvv;1970-01-01 00:00:00;;0;1,2;Ej i drift i 2025;Ej i drift i 2025;;;;;;;;;;;;
2025;2082;86;86-3;MORSØ VARME A/S;7900;Nykøbing M;773;Fjernvarmeværk;246;Dueholm Fjernvarme;Kedel 3, DanStoker;Kedel;fvv;1981-01-01 00:00:00;;0;1,8;naturgas;naturgas;;0;1;;;0;;;;;;
2025;2082;86;86-4;MORSØ VARME A/S;7900;Nykøbing M;773;Fjernvarmeværk;246;Dueholm Fjernvarme;KSM fliskedel;Kedel;fvv;2023-10-01 00:00:00;;0;1,4;skovflis;fast biomasse;;0;;;;1;;;;;;
2025;2082;2278;2278-1;MORSØ VARME A/S;7900;Nykøbing M;773;Erhvervsværk;246;Dueholm Fjernvarme;Overskudsvarme fra Morsø Vand;Overskudsvarme;pvp;2014-03-01 00:00:00;;0;0,12;braendselsfrit;braendselsfrit;;0;;;;0;;1;;;;
2025;2084;2054;2054-1;Tønder Kommune;6534;Agerskov;550;Lokalt værk;;;Gasmotor;Forbrændingsmotor;pev;2010-06-01 00:00:00;;0,015;0,0306;naturgas;naturgas;;0;1;;;0;;;;;;
2025;2088;125;125-3;HALSNÆS VARME A/S;3300;Frederiksværk;260;Fjernvarmeværk;13;Frederiksværk Fjernvarme;Olie/gas kedel;Kedel;fvv;1987-10-01 00:00:00;;0;7,5;Ej i drift i 2025;Ej i drift i 2025;;;;;;;;;;;;
2025;2088;125;125-5;HALSNÆS VARME A/S;3300;Frederiksværk;260;Fjernvarmeværk;13;Frederiksværk Fjernvarme;Fliskedel 1;Kedel;fvv;2002-01-01 00:00:00;;0;8,7;skovflis;fast biomasse;;0;;;;1;;;;;;
2025;2088;125;125-6;HALSNÆS VARME A/S;3300;Frederiksværk;260;Fjernvarmeværk;13;Frederiksværk Fjernvarme;Fliskedel2;Kedel;fvv;2004-05-26 00:00:00;;0;8,7;skovflis;fast biomasse;;0;;;;1;;;;;;
2025;2088;125;125-7;HALSNÆS VARME A/S;3300;Frederiksværk;260;Fjernvarmeværk;13;Frederiksværk Fjernvarme;Træpillekedel;Kedel;fvv;2013-11-01 00:00:00;;0;10;traepiller;fast biomasse;;0;;;;1;;;;;;
2025;2088;125;125-8;HALSNÆS VARME A/S;3300;Frederiksværk;260;Fjernvarmeværk;13;Frederiksværk Fjernvarme;Oliekedel;Kedel;fvv;2016-11-01 00:00:00;;0;10;bio-olie;bio-olie;;0;;;;0;1;;;;;
2025;2088;126;126-1;HALSNÆS VARME A/S;3300;Frederiksværk;260;Fjernvarmeværk;13;Frederiksværk Fjernvarme;Oliekedel 1;Kedel;fvv;1986-01-01 00:00:00;;0;7,5;Ej i drift i 2025;Ej i drift i 2025;;;;;;;;;;;;
2025;2093;804;804-5;Vejle Kommune;7100;Vejle;630;Erhvervsværk;81;TVIS;Vejle renseanlæg;Forbrændingsmotor;pev;2014-12-04 00:00:00;;0,53;0,557;biogas;biogas;;0;;;1;0;;;;;;
2025;2093;804;804-6;Vejle Kommune;7100;Vejle;630;Erhvervsværk;81;TVIS;Vejle renseanlæg;Forbrændingsmotor;pev;2019-10-25 00:00:00;;0,357;0,372;biogas;biogas;;0;;;1;0;;;;;;
2025;2095;301;301-1;FORS Varme Holbæk A/S;4450;Jyderup;316;Decentralt værk;39;Jyderup Fjernvarme;kedel 1;Kedel;fvv;1988-10-01 00:00:00;;0;6;naturgas;naturgas;;0;1;;;0;;;;;;
2025;2095;301;301-2;FORS Varme Holbæk A/S;4450;Jyderup;316;Decentralt værk;39;Jyderup Fjernvarme;Kedel 2;Kedel;fvv;1978-10-01 00:00:00;;0;7;naturgas;naturgas;;0;1;;;0;;;;;;
2025;2095;301;301-3;FORS Varme Holbæk A/S;4450;Jyderup;316;Decentralt værk;39;Jyderup Fjernvarme;Motor 1;Forbrændingsmotor;kvt;1994-12-22 00:00:00;;2,75;3,5;naturgas;naturgas;;0;1;;;0;;;;;;
2025;2095;301;301-4;FORS Varme Holbæk A/S;4450;Jyderup;316;Decentralt værk;39;Jyderup Fjernvarme;Motor2;Forbrændingsmotor;kvt;1994-12-22 00:00:00;;2,75;3,5;naturgas;naturgas;;0;1;;;0;;;;;;
2025;2095;301;301-5;FORS Varme Holbæk A/S;4450;Jyderup;316;Decentralt værk;39;Jyderup Fjernvarme;Solvarme - 10000m2;Solvarme;fvv;2017-01-01 00:00:00;;0;7;solenergi;solenergi;;0;;;;0;;;1;;;
2025;2095;301;301-6;FORS Varme Holbæk A/S;4450;Jyderup;316;Decentralt værk;39;Jyderup Fjernvarme;Varmepumpe 1;Varmepumpe Luft;fvv;2024-11-20 00:00:00;;0;2,21;omgivelsesvarme;omgivelsesvarme;;0;;;;0;;;;;0,360381862;0,639618138
2025;2095;301;301-7;FORS Varme Holbæk A/S;4450;Jyderup;316;Decentralt værk;39;Jyderup Fjernvarme;Varmepumpe 2;Varmepumpe Luft;fvv;2024-11-20 00:00:00;;0;2,21;omgivelsesvarme;omgivelsesvarme;;0;;;;0;;;;;0,366402116;0,633597884
2025;2095;301;301-8;FORS Varme Holbæk A/S;4450;Jyderup;316;Decentralt værk;39;Jyderup Fjernvarme;Varmepumpe 3;Varmepumpe Luft;fvv;2024-11-20 00:00:00;;0;2,21;omgivelsesvarme;omgivelsesvarme;;0;;;;0;;;;;0,359260038;0,640739962
2025;2095;301;301-9;FORS Varme Holbæk A/S;4450;Jyderup;316;Decentralt værk;39;Jyderup Fjernvarme;Varmepumpe 4;Varmepumpe Luft;fvv;2024-11-20 00:00:00;;0;2,21;omgivelsesvarme;omgivelsesvarme;;0;;;;0;;;;;0,357431341;0,642568659
2025;2095;544;544-2;FORS Varme Holbæk A/S;4370;Store Merløse;316;Fjernvarmeværk;41;Store Merløse Fjernvarme;Oliekedel;Kedel;fvv;1984-09-01 00:00:00;;0;2,7;gasolie;olie;;1;;;;0;;;;;;
2025;2095;544;544-3;FORS Varme Holbæk A/S;4370;Store Merløse;316;Fjernvarmeværk;41;Store Merløse Fjernvarme;St. Merløse halmvarmeværk;Kedel;fvv;2013-01-02 00:00:00;;0;4;halm;fast biomasse;;0;;;;1;;;;;;
2025;2095;2450;2450-1;FORS Varme Holbæk A/S;4300;Holbæk;316;Fjernvarmeværk;479;Holbæk Have;Holbæk Have Olie;Kedel;fvv;2022-10-01 00:00:00;2025-07-01 00:00:00;0;0,56;fuelolie;olie;;1;;;;0;;;;;;
2025;2095;2450;2450-2;FORS Varme Holbæk A/S;4300;Holbæk;316;Fjernvarmeværk;479;Holbæk Have;Holbæk Have Gas;Kedel;fvv;2022-11-09 00:00:00;2026-01-15 00:00:00;0;0,38;naturgas;naturgas;;0;1;;;0;;;;;;
2025;2095;2450;2450-3;FORS Varme Holbæk A/S;4300;Holbæk;316;Fjernvarmeværk;479;Holbæk Have;Holbæk Have Gaskedel Central;Kedel;fvv;2025-06-18 00:00:00;;0;0,78;naturgas;naturgas;;0;1;;;0;;;;;;
2025;2095;2458;2458-1;FORS Varme Holbæk A/S;4300;Holbæk;316;Fjernvarmeværk;480;Kalvehave;Kalvehaven Gas;Kedel;fvv;2023-10-03 00:00:00;;0;0,75;naturgas;naturgas;;0;1;;;0;;;;;;
2025;2101;565;565-3;VIDEBÆK VARME A/S;6920;Videbæk;760;Fjernvarmeværk;190;Videbæk Fjernvarme;K8;Kedel;fvv;1987-04-01 00:00:00;;0;10,5;naturgas;naturgas;;0;1;;;0;;;;;;
2025;2101;566;566-1;VIDEBÆK VARME A/S;6920;Videbæk;760;Decentralt værk;190;Videbæk Fjernvarme;Jenbacher;Forbrændingsmotor;kvt;1994-12-01 00:00:00;;3,2;4,3;naturgas;naturgas;;0;1;;;0;;;;;;
2025;2101;566;566-3;VIDEBÆK VARME A/S;6920;Videbæk;760;Decentralt værk;190;Videbæk Fjernvarme;Jenbacher 3;Forbrændingsmotor;kvt;2012-01-02 00:00:00;;3;4;naturgas;naturgas;;0;1;;;0;;;;;;
2025;2101;566;566-4;VIDEBÆK VARME A/S;6920;Videbæk;760;Decentralt værk;190;Videbæk Fjernvarme;Elkedel;Elpatron;fvv;2011-07-01 00:00:00;;0;10;elektricitet;elektricitet;;0;;;;0;;;;;1;
2025;2106;1496;1496-1;RINGKØBING-SKJERN FORSYNING A/S;6950;Ringkøbing;760;Lokalt værk;;;Totem No. 1;Forbrændingsmotor;pev;1998-12-01 00:00:00;;0,1;0,2;biogas;biogas;;0;;;1;0;;;;;;
2025;2106;1496;1496-2;RINGKØBING-SKJERN FORSYNING A/S;6950;Ringkøbing;760;Lokalt værk;;;Totem No.2;Forbrændingsmotor;pev;1998-12-01 00:00:00;;0,1;0,2;biogas;biogas;;0;;;1;0;;;;;;
2025;2107;1181;1181-4;FAXE SPILDEVAND A/S;4640;Fakse;320;Lokalt værk;42;Faxe Fjernvarme;MAN E3262 LE212;Forbrændingsmotor;pev;2015-04-01 00:00:00;;0,53;0,557;biogas;biogas;;0;;;1;0;;;;;;
2025;2111;430;430-1;FORS Varme Roskilde A/S;4000;Roskilde;265;Fjernvarmeværk;2;Storkøbenhavns Fjernvarme;Kedel 1;Kedel;fvv;1970-01-01 00:00:00;;0;28;naturgas;naturgas;;0,015684486;0,984315514;;;0;;;;;;
2025;2111;430;430-3;FORS Varme Roskilde A/S;4000;Roskilde;265;Fjernvarmeværk;2;Storkøbenhavns Fjernvarme;Kedel 3;Kedel;fvv;2000-01-01 00:00:00;;0;21,5;gasolie;olie;;1;;;;0;;;;;;
2025;2111;432;432-1;FORS Varme Roskilde A/S;4000;Roskilde;265;Fjernvarmeværk;2;Storkøbenhavns Fjernvarme;CKA Kedel 1;Kedel;fvv;1997-01-01 00:00:00;;0;20,5;gasolie;olie;;1;;;;0;;;;;;
2025;2111;432;432-2;FORS Varme Roskilde A/S;4000;Roskilde;265;Fjernvarmeværk;2;Storkøbenhavns Fjernvarme;CKA Kedel 2;Kedel;fvv;1999-01-01 00:00:00;;0;20,5;gasolie;olie;;1;;;;0;;;;;;
2025;2111;963;963-2;FORS Varme Roskilde A/S;4000;Roskilde;265;Fjernvarmeværk;2;Storkøbenhavns Fjernvarme;Ibsgården Varmecentral;Kedel;fvv;2006-12-01 00:00:00;;0;8,7;gasolie;olie;;1;;;;0;0;;;;;
2025;2111;2406;2406-1;FORS Varme Roskilde A/S;4000;Roskilde;265;Fjernvarmeværk;2;Storkøbenhavns Fjernvarme;Gaskedel 1;Kedel;fvv;2019-07-01 00:00:00;;0;0,29;Ej i drift i 2025;Ej i drift i 2025;;;;;;;;;;;;
2025;2111;2406;2406-2;FORS Varme Roskilde A/S;4000;Roskilde;265;Fjernvarmeværk;2;Storkøbenhavns Fjernvarme;Gaskedel 2;Kedel;fvv;2019-07-01 00:00:00;;0;0,29;Ej i drift i 2025;Ej i drift i 2025;;;;;;;;;;;;
2025;2111;2406;2406-3;FORS Varme Roskilde A/S;4000;Roskilde;265;Fjernvarmeværk;2;Storkøbenhavns Fjernvarme;Gaskedel 3;Kedel;fvv;2024-01-01 00:00:00;;0;0,29;Ej i drift i 2025;Ej i drift i 2025;;;;;;;;;;;;
2025;2111;2407;2407-1;FORS Varme Roskilde A/S;4000;Roskilde;265;Fjernvarmeværk;2;Storkøbenhavns Fjernvarme;Varmepumpe;Varmepumpe Spildevand;fvv;2020-09-01 00:00:00;;0;8;omgivelsesvarme;omgivelsesvarme;;0;;;;0;;;;;0,317252304;0,682747696
2025;2114;272;272-4;HILLERØD KRAFTVARME ApS;3400;Hillerød;219;Decentralt værk;18;Hillerød-Farum-Værløse;Elkedel;Elpatron;fvv;2025-04-01 00:00:00;;0;50;elektricitet;elektricitet;;0;;;;0;;;;;1;
2025;2114;1072;1072-1;HILLERØD KRAFTVARME ApS;3320;Skævinge;219;Decentralt værk;18;Hillerød-Farum-Værløse;motor 1;Forbrændingsmotor;kvt;1997-01-01 00:00:00;;0,97;1,59;naturgas;naturgas;;0;1;;;0;;;;;;
2025;2114;1072;1072-2;HILLERØD KRAFTVARME ApS;3320;Skævinge;219;Decentralt værk;18;Hillerød-Farum-Værløse;motor 2;Forbrændingsmotor;kvt;2012-01-01 00:00:00;;0,97;1,59;naturgas;naturgas;;0;1;;;0;;;;;;
2025;2114;1072;1072-3;HILLERØD KRAFTVARME ApS;3320;Skævinge;219;Decentralt værk;18;Hillerød-Farum-Værløse;Kedel 1;Kedel;fvv;1997-01-01 00:00:00;;0;2,1;naturgas;naturgas;;0;1;;;0;;;;;;
2025;2114;1367;1367-2;HILLERØD KRAFTVARME ApS;3320;Skævinge;219;Decentralt værk;18;Hillerød-Farum-Værløse;Jenbacher 612;Forbrændingsmotor;kvt;2011-10-17 00:00:00;;2;2,5;naturgas;naturgas;;0;1;;;0;;;;;;
2025;2114;1367;1367-3;HILLERØD KRAFTVARME ApS;3320;Skævinge;219;Decentralt værk;18;Hillerød-Farum-Værløse;Kedel;Kedel;fvv;2011-10-17 00:00:00;;0;2,5;naturgas;naturgas;;0;1;;;0;;;;;;
2025;2114;1488;1488-2;HILLERØD KRAFTVARME ApS;3300;Frederiksværk;219;Decentralt værk;18;Hillerød-Farum-Værløse;Kedel;Kedel;fvv;2012-01-01 00:00:00;;0;2,6;naturgas;naturgas;;0;1;;;0;;;;;;
2025;2114;2307;2307-1;HILLERØD KRAFTVARME ApS;3400;Hillerød;219;Decentralt værk;18;Hillerød-Farum-Værløse;Biokraftvarme (BKV);Bioforgasn. m. FM;kvt;2016-09-15 00:00:00;;5,12;25,46;skovflis;fast biomasse;;0;;;;1;;;;;;
2025;2116;827;827-3;DIN Forsyning Spildevand A/S;6700;Esbjerg;561;Lokalt værk;126;Esbjerg-Varde Fjernvarme;Gasmotor 3;Forbrændingsmotor;pev;2010-07-01 00:00:00;;0,53;0,72;biogas;biogas;;0;;;1;0;;;;;;
2025;2116;1002;1002-2;DIN Forsyning Spildevand A/S;6700;Esbjerg;561;Erhvervsværk;126;Esbjerg-Varde Fjernvarme;Gasgeneratoranlæg;Forbrændingsmotor;pev;2021-04-01 00:00:00;;0,33;0,4;biogas;biogas;;0;;;1;0;;;;;;
2025;2119;1996;1996-1;FORSYNING HELSINGØR AFFALD A/S;3140;Ålsgårde;217;Lokalt værk;;;Biogasmotor;Forbrændingsmotor;pev;2009-07-01 00:00:00;;0,03;0,05;biogas;biogas;;0;;;1;0;;;;;;
2025;2120;1855;1855-1;RØNNE VARME A/S;3700;Rønne;400;Fjernvarmeværk;68;Rønne Fjernvarme;Kedel 1;Kedel;fvv;1996-01-26 00:00:00;;0;13,77;gasolie;olie;;1;;;;0;;;;;;
2025;2120;1855;1855-2;RØNNE VARME A/S;3700;Rønne;400;Fjernvarmeværk;68;Rønne Fjernvarme;Kedel 2;Kedel;fvv;1996-01-26 00:00:00;;0;13,77;gasolie;olie;;1;;;;0;;;;;;
2025;2120;1855;1855-3;RØNNE VARME A/S;3700;Rønne;400;Fjernvarmeværk;68;Rønne Fjernvarme;Kedel 3;Kedel;fvv;1996-01-26 00:00:00;;0;10,37;gasolie;olie;;1;;;;0;;;;;;
2025;2121;271;271-1;HELSINGØR KRAFTVARMEVÆRK A/S;3000;Helsingør;217;Decentralt værk;17;Nordøstsjællands Fjernvarme;HØK (CC-anlæg);Gasturbine;kvt;1993-01-01 00:00:00;;55;54;naturgas;naturgas;;0;1;;;0;;;;;;
2025;2121;271;271-2;HELSINGØR KRAFTVARMEVÆRK A/S;3000;Helsingør;217;Decentralt værk;17;Nordøstsjællands Fjernvarme;motor;Forbrændingsmotor;kvt;1993-01-01 00:00:00;;1;1,5;naturgas;naturgas;;0;1;;;0;;;;;;
2025;2121;271;271-3;HELSINGØR KRAFTVARMEVÆRK A/S;3000;Helsingør;217;Decentralt værk;17;Nordøstsjællands Fjernvarme;271-3 HØK biomassekedel (chp-anlæg);Dampturbine;kvt;2018-08-30 00:00:00;;15,7;60,4;skovflis;fast biomasse;;0;0,001122898;;;0,998877102;;;;;;
2025;2121;271;271-6;HELSINGØR KRAFTVARMEVÆRK A/S;3000;Helsingør;217;Decentralt værk;17;Nordøstsjællands Fjernvarme;Elkedel;Elpatron;fvv;2025-01-01 00:00:00;;0;30;elektricitet;elektricitet;;0;;;;0;;;;;1;
2025;2121;271;271-7;HELSINGØR KRAFTVARMEVÆRK A/S;3000;Helsingør;217;Decentralt værk;17;Nordøstsjællands Fjernvarme;271-6 Elkedel fejloprettet;Elpatron;fvv;2025-01-14 00:00:00;2025-01-14 00:00:00;0;30;Ej i drift i 2025;Ej i drift i 2025;;;;;;;;;;;;
2025;2130;2105;2105-1;ARWOS SPILDEVAND A/S;6200;Aabenraa;580;Lokalt værk;;;Stegholt Biogas;Forbrændingsmotor;pev;2012-05-15 00:00:00;;0,11;0,18;biogas;biogas;;0;;;1;0;;;;;;
2025;2136;1893;1893-2;EFFEKTMARKED.DK ApS;7430;Ikast;756;Decentralt værk;163;Herning-Ikast Fjernvarme;Ulstein Bergen 1 (UB1);Forbrændingsmotor;kvt;2006-01-01 00:00:00;;3,1;1,7;naturgas;naturgas;;0;1;;;0;;;;;;
2025;2136;1893;1893-3;EFFEKTMARKED.DK ApS;7430;Ikast;756;Decentralt værk;163;Herning-Ikast Fjernvarme;Ulstein Bergen 2 (UB2);Forbrændingsmotor;kvt;2006-01-01 00:00:00;;3,1;1,7;naturgas;naturgas;;0;1;;;0;;;;;;
2025;2145;2131;2131-3;VORDINGBORG KRAFTVARME A/S;4760;Vordingborg;390;Decentralt værk;65;Vordingborg Fjernvarme;Halm-og flisfyret anlæg MKV77;Dampturbine;kvt;1995-09-01 00:00:00;;9,98;22,5;halm;fast biomasse;;0;;;;1;;;;;;
2025;2145;2131;2131-4;VORDINGBORG KRAFTVARME A/S;4760;Vordingborg;390;Decentralt værk;65;Vordingborg Fjernvarme;Fliskedel MKV87;Kedel;fvv;2010-12-01 00:00:00;;0;6;skovflis;fast biomasse;;0;;;;1;;;;;;
2025;2145;2131;2131-5;VORDINGBORG KRAFTVARME A/S;4760;Vordingborg;390;Decentralt værk;65;Vordingborg Fjernvarme;VKV 90 - Elkedel;Elpatron;fvv;2024-01-01 00:00:00;;0;30;elektricitet;elektricitet;;0;;;;0;;;;;1;
2025;2148;1428;1428-2;HORSENS VAND ENERGI A/S;8700;Horsens;615;Lokalt værk;148;Horsens Fjernvarme;Jenbacher JMS416 GS-B21;Forbrændingsmotor;pev;2017-06-01 00:00:00;;1,13;1,46;biogas;biogas;;0;;;1;0;;;;;;
2025;2148;1428;1428-3;HORSENS VAND ENERGI A/S;8700;Horsens;615;Lokalt værk;148;Horsens Fjernvarme;Danstoker VBN1250;Kedel;pvp;1996-01-01 00:00:00;;0;1,13;biogas;biogas;;0;0,001406981;;0,998593019;0;;;;;;
2025;2149;922;922-5;ØSTERVANG SJÆLLAND A/S;4652;Hårlev;336;Erhvervsværk;;;K/V-Motor 1;Forbrændingsmotor;pev;1993-01-01 00:00:00;;0,76;1,07;naturgas;naturgas;;0;1;;;0;;;;;;
2025;2149;922;922-6;ØSTERVANG SJÆLLAND A/S;4652;Hårlev;336;Erhvervsværk;;;K/V-Motor 2;Forbrændingsmotor;pev;1996-01-01 00:00:00;;0,76;1,07;naturgas;naturgas;;0;1;;;0;;;;;;
2025;2149;922;922-7;ØSTERVANG SJÆLLAND A/S;4652;Hårlev;336;Erhvervsværk;;;K/V-Motor 3;Forbrændingsmotor;pev;1997-01-01 00:00:00;;2,09;3;naturgas;naturgas;;0;1;;;0;;;;;;
2025;2149;922;922-8;ØSTERVANG SJÆLLAND A/S;4652;Hårlev;336;Erhvervsværk;;;K/V-Motor 4;Forbrændingsmotor;pev;1999-01-01 00:00:00;;2,72;2,85;naturgas;naturgas;;0;1;;;0;;;;;;
2025;2151;1574;1574-1;ARWOS DEPONI A/S;6200;Aabenraa;580;Lokalt værk;;;Duo Fuel;Forbrændingsmotor;pev;2001-01-02 00:00:00;;0,11;0,18;biogas;biogas;;0;;;1;0;;;;;;
2025;2152;225;225-3;REFA, HORBELEV FJERNVARME A/S;4871;Horbelev;376;Fjernvarmeværk;61;Horbelev Fjernvarme;Danstoker halmkedel;Kedel;fvv;2005-01-01 00:00:00;;0;1,6;halm;fast biomasse;;0;;;;1;;;;;;
2025;2157;714;714-1;ODSHERRED VARME A/S;4571;Grevinge;306;Decentralt værk;365;Grevinge-Herrestrup Fjernvarme;Volund Danstoker;Kedel;fvv;1994-06-01 00:00:00;;0;2,9;naturgas;naturgas;;0;1;;;0;;;;;;
2025;2157;714;714-2;ODSHERRED VARME A/S;4571;Grevinge;306;Decentralt værk;365;Grevinge-Herrestrup Fjernvarme;Bergen;Forbrændingsmotor;kvt;1994-01-01 00:00:00;;2,02;2,4;naturgas;naturgas;;0;1;;;0;;;;;;
2025;2157;714;714-3;ODSHERRED VARME A/S;4571;Grevinge;306;Decentralt værk;365;Grevinge-Herrestrup Fjernvarme;Biokedel;Kedel;fvv;2017-03-01 00:00:00;;0;1;trae- og biomasseaffald;fast biomasse;;0;;;;1;;;;;;
2025;2157;714;714-4;ODSHERRED VARME A/S;4571;Grevinge;306;Decentralt værk;365;Grevinge-Herrestrup Fjernvarme;Varmepumpe Luft til Vand;Varmepumpe Luft;fvv;2022-02-09 00:00:00;;0;0,88;omgivelsesvarme;omgivelsesvarme;;0;;;;0;;;;;0,404039743;0,595960257
2025;2157;1441;1441-1;ODSHERRED VARME A/S;4573;Højby;306;Decentralt værk;442;Højby, Svinninge, Nr.Asmindrup;Motor 1;Forbrændingsmotor;kvt;1999-01-01 00:00:00;;0,92;1,24;naturgas;naturgas;;0;1;;;0;;;;;;
2025;2157;1441;1441-2;ODSHERRED VARME A/S;4573;Højby;306;Decentralt værk;442;Højby, Svinninge, Nr.Asmindrup;Motor 2;Forbrændingsmotor;kvt;1999-01-01 00:00:00;;0,92;1,24;naturgas;naturgas;;0;1;;;0;;;;;;
2025;2157;1441;1441-3;ODSHERRED VARME A/S;4573;Højby;306;Decentralt værk;442;Højby, Svinninge, Nr.Asmindrup;Motor 3;Forbrændingsmotor;kvt;1999-01-01 00:00:00;;0,92;1,24;naturgas;naturgas;;0;1;;;0;;;;;;
2025;2157;1441;1441-4;ODSHERRED VARME A/S;4573;Højby;306;Decentralt værk;442;Højby, Svinninge, Nr.Asmindrup;Kedel;Kedel;fvv;1999-01-01 00:00:00;;0;5,3;naturgas;naturgas;;0;1;;;0;;;;;;
2025;2157;1441;1441-5;ODSHERRED VARME A/S;4573;Højby;306;Decentralt værk;442;Højby, Svinninge, Nr.Asmindrup;Varmepumpe;Varmepumpe Luft;fvv;2020-08-01 00:00:00;;0;2,5;omgivelsesvarme;omgivelsesvarme;;0;;;;0;;;;;0,32841114;0,67158886
2025;2157;1441;1441-6;ODSHERRED VARME A/S;4573;Højby;306;Decentralt værk;442;Højby, Svinninge, Nr.Asmindrup;Biokedel;Kedel;fvv;2022-11-02 00:00:00;;0;0,99;skovflis;fast biomasse;;0;;;;1;;;;;;
2025;2157;1442;1442-1;ODSHERRED VARME A/S;4560;Vig;306;Decentralt værk;443;Vig;Motor 1;Forbrændingsmotor;kvt;1999-01-01 00:00:00;;0,92;1,24;naturgas;naturgas;;0;1;;;0;;;;;;
2025;2157;1442;1442-2;ODSHERRED VARME A/S;4560;Vig;306;Decentralt værk;443;Vig;Motor 2;Forbrændingsmotor;kvt;1999-01-01 00:00:00;;0,92;1,24;naturgas;naturgas;;0;1;;;0;;;;;;
2025;2157;1442;1442-3;ODSHERRED VARME A/S;4560;Vig;306;Decentralt værk;443;Vig;Kedel;Kedel;fvv;1999-01-01 00:00:00;;0;4,2;naturgas;naturgas;;0;1;;;0;;;;;;
2025;2157;1442;1442-4;ODSHERRED VARME A/S;4560;Vig;306;Decentralt værk;443;Vig;Varmepumpe;Varmepumpe Luft;fvv;2020-08-01 00:00:00;;0;2,5;omgivelsesvarme;omgivelsesvarme;;0;;;;0;;;;;0,345290436;0,654709564
2025;2157;1442;1442-5;ODSHERRED VARME A/S;4560;Vig;306;Decentralt værk;443;Vig;Biokedel;Kedel;fvv;2022-11-02 00:00:00;;0;0,99;skovflis;fast biomasse;;0;;;;1;;;;;;
2025;2157;2437;2437-1;ODSHERRED VARME A/S;4500;Nykøbing Sj;306;Fjernvarmeværk;477;Egebjerg;Biokedel1;Kedel;fvv;2018-08-01 00:00:00;;0;0,494;skovflis;fast biomasse;;0;;;;1;;;;;;
2025;2157;2437;2437-2;ODSHERRED VARME A/S;4500;Nykøbing Sj;306;Fjernvarmeværk;477;Egebjerg;Biokedel2;Kedel;fvv;2018-08-01 00:00:00;;0;0,494;skovflis;fast biomasse;;0;;;;1;;;;;;
2025;2157;2438;2438-1;ODSHERRED VARME A/S;4581;Rørvig;306;Fjernvarmeværk;478;Rørvig;Varmepumpe Luft til Vand;Varmepumpe Luft;fvv;2022-11-04 00:00:00;;0;1,539;omgivelsesvarme;omgivelsesvarme;;0;;;;0;;;;;0,382237236;0,617762764
2025;2157;2438;2438-2;ODSHERRED VARME A/S;4581;Rørvig;306;Fjernvarmeværk;478;Rørvig;Elkedel;Elpatron;fvv;2022-01-01 00:00:00;;0;2;elektricitet;elektricitet;;0;;;;0;;;;;1;
2025;2157;2474;2474-1;ODSHERRED VARME A/S;4540;Fårevejle;306;Fjernvarmeværk;483;Fårevejle fjernvarme;Varmepumpe luft til vand;Varmepumpe Luft;fvv;2024-02-01 00:00:00;;0;3,6;omgivelsesvarme;omgivelsesvarme;;0;;;;0;;;;;0,444090183;0,555909817
2025;2157;2474;2474-2;ODSHERRED VARME A/S;4540;Fårevejle;306;Fjernvarmeværk;483;Fårevejle fjernvarme;Elkedel;Elpatron;fvv;2024-02-01 00:00:00;;0;2,5;Ej i drift i 2025;Ej i drift i 2025;;;;;;;;;;;;
2025;2157;2474;2474-3;ODSHERRED VARME A/S;4540;Fårevejle;306;Fjernvarmeværk;483;Fårevejle fjernvarme;Varmepumpe Spildevand;Varmepumpe Spildevand;fvv;2024-02-01 00:00:00;;0;1,2;omgivelsesvarme;omgivelsesvarme;;0;;;;0;;;;;0,405166769;0,594833231
2025;2157;2475;2475-1;ODSHERRED VARME A/S;4550;Asnæs;306;Fjernvarmeværk;482;Asnæs fjernvarme;Oliekedel;Kedel;fvv;2024-03-01 00:00:00;;0;1;gasolie;olie;;1;;;;0;;;;;;
2025;2158;1420;1420-1;GARTNERIET SKOVLUNDEN ApS;5300;Kerteminde;440;Erhvervsværk;;;Hundslev;Forbrændingsmotor;pev;1997-06-01 00:00:00;;1,6;1,9;naturgas;naturgas;;0;1;;;0;;;;;;
2025;2160;833;833-3;FREDERICIA SPILDEVAND OG ENERGI A/S;7000;Fredericia;607;Lokalt værk;81;TVIS;Gasmotor;Forbrændingsmotor;pev;2017-10-01 00:00:00;;0,4;0,5;biogas;biogas;;0;0,004495426;;0,995504574;0;;;;;;
2025;2161;259;259-13;Ørsted Bioenergy & Thermal Power A/S;8541;Skødstrup;751;Centralt værk;206;Århus Fjernvarme;SSV18 Elkedler;Elpatron;fvv;2023-02-01 00:00:00;;0;200;elektricitet;elektricitet;;0;;;;0;;;;;1;
2025;2161;259;259-14;Ørsted Bioenergy & Thermal Power A/S;8541;Skødstrup;751;Centralt værk;206;Århus Fjernvarme;SSV EL-patron Damppudegenerator;Elpatron;fvv;1998-10-28 00:00:00;;0;0,098;elektricitet;elektricitet;;0;;;;0;;;;;1;
2025;2161;259;259-3;Ørsted Bioenergy & Thermal Power A/S;8541;Skødstrup;751;Centralt værk;206;Århus Fjernvarme;SSV 3;Dampturbine;cev;1984-01-01 00:00:00;;361,7;512,8;traepiller;fast biomasse;0;0,009464412;;;;0,990535588;;;;;;
2025;2161;259;259-4;Ørsted Bioenergy & Thermal Power A/S;8541;Skødstrup;751;Centralt værk;206;Århus Fjernvarme;SSV 4;Dampturbine;cev;1985-01-01 00:00:00;;357;485;Ej i drift i 2025;Ej i drift i 2025;;;;;;;;;;;;
2025;2161;259;259-5;Ørsted Bioenergy & Thermal Power A/S;8541;Skødstrup;751;Centralt værk;206;Århus Fjernvarme;SSV 5 - Nødstartanlæg;Gasturbine;cel;1986-01-01 00:00:00;;14;0;gasolie;olie;;1;;;;0;;;;;;
2025;2161;259;259-6;Ørsted Bioenergy & Thermal Power A/S;8541;Skødstrup;751;Centralt værk;206;Århus Fjernvarme;Hjælpekedel;Kedel;fvv;2012-01-01 00:00:00;;0;0;gasolie;olie;;1;;;;0;;;;;;
2025;2161;269;269-1;Ørsted Bioenergy & Thermal Power A/S;2650;Hvidovre;167;Centralt værk;2;Storkøbenhavns Fjernvarme;AVV1 Dampturbine;Dampturbine;cev;1990-01-01 00:00:00;;257,6;353,5;traepiller;fast biomasse;0;0,006283029;;;;0,993716971;;;;;;
2025;2161;269;269-2;Ørsted Bioenergy & Thermal Power A/S;2650;Hvidovre;167;Centralt værk;2;Storkøbenhavns Fjernvarme;AVV2 Kombianlæg;Kombianlæg;cev;2001-01-01 00:00:00;;548;583;traepiller;fast biomasse;0;7,51423E-05;0,026809911;;;0,973114947;;;;;;
2025;2161;269;269-3;Ørsted Bioenergy & Thermal Power A/S;2650;Hvidovre;167;Centralt værk;2;Storkøbenhavns Fjernvarme;AVV1 Dieselmotor;Kedel;fvv;1990-01-01 00:00:00;;0;0;gasolie;olie;;1;;;;0;;;;;;
2025;2161;269;269-4;Ørsted Bioenergy & Thermal Power A/S;2650;Hvidovre;167;Centralt værk;2;Storkøbenhavns Fjernvarme;AVV1 Hjælpedampkedel;Kedel;fvv;1990-01-01 00:00:00;;0;0;gasolie;olie;;1;;;;0;;;;;;
2025;2161;269;269-5;Ørsted Bioenergy & Thermal Power A/S;2650;Hvidovre;167;Centralt værk;2;Storkøbenhavns Fjernvarme;AVV2 Dieselmotor;Forbrændingsmotor;cel;2001-01-01 00:00:00;;0;0;gasolie;olie;;1;;;;0;;;;;;
2025;2161;269;269-7;Ørsted Bioenergy & Thermal Power A/S;2650;Hvidovre;167;Centralt værk;2;Storkøbenhavns Fjernvarme;AVV EL-patron Damppudegenerator;Elpatron;fvv;1992-06-01 00:00:00;;0;0,015;elektricitet;elektricitet;;0;;;;0;;;;;1;
2025;2161;274;274-13;Ørsted Bioenergy & Thermal Power A/S;3630;Jægerspris;250;Centralt værk;;;KYV27 Elkedel;Elpatron;fvv;2024-08-01 00:00:00;;0;5;elektricitet;elektricitet;;0;;;;0;;;;;1;
2025;2161;274;274-2;Ørsted Bioenergy & Thermal Power A/S;3630;Jægerspris;250;Centralt værk;;;KYV21 Dampturbine;Dampturbine;cel;1974-01-01 00:00:00;;260;0;Ej i drift i 2025;Ej i drift i 2025;;;;;;;;;;;;
2025;2161;274;274-3;Ørsted Bioenergy & Thermal Power A/S;3630;Jægerspris;250;Centralt værk;;;KYV22 Dampturbine;Dampturbine;cel;1976-01-01 00:00:00;;260;0;gasolie;olie;;1;;;;0;;;;;;
2025;2161;274;274-4;Ørsted Bioenergy & Thermal Power A/S;3630;Jægerspris;250;Centralt værk;;;KYV41 Motor;Forbrændingsmotor;cel;1973-01-01 00:00:00;;18;0;gasolie;olie;;1;;;;0;;;;;;
2025;2161;274;274-5;Ørsted Bioenergy & Thermal Power A/S;3630;Jægerspris;250;Centralt værk;;;KYV51 Gasturbine;Gasturbine;cel;1973-01-01 00:00:00;;63;0;gasolie;olie;;1;;;;0;;;;;;
2025;2161;274;274-6;Ørsted Bioenergy & Thermal Power A/S;3630;Jægerspris;250;Centralt værk;;;KYV52 Gasturbine;Gasturbine;cel;1973-01-01 00:00:00;;63;0;gasolie;olie;;1;;;;0;;;;;;
2025;2161;274;274-7;Ørsted Bioenergy & Thermal Power A/S;3630;Jægerspris;250;Centralt værk;;;KYV50 Gasturbine;Gasturbine;cel;1983-01-01 00:00:00;;2;0;Ej i drift i 2025;Ej i drift i 2025;;;;;;;;;;;;
2025;2161;274;274-8;Ørsted Bioenergy & Thermal Power A/S;3630;Jægerspris;250;Centralt værk;;;Hjælpedampkedel (28);Kedel;fvv;1973-01-01 00:00:00;;0;0;Ej i drift i 2025;Ej i drift i 2025;;;;;;;;;;;;
2025;2161;274;274-9;Ørsted Bioenergy & Thermal Power A/S;3630;Jægerspris;250;Centralt værk;;;Hjælpedampkedel (26);Kedel;fvv;1997-01-01 00:00:00;;0;0;naturgas;naturgas;;0,004018231;0,995981769;;;0;;;;;;
2025;2161;277;277-1;Ørsted Bioenergy & Thermal Power A/S;4400;Kalundborg;326;Centralt værk;31;Kalundborg Fjernvarme;ASV5 Dampturbine;Dampturbine;cev;1981-01-01 00:00:00;;640;150;Ej i drift i 2025;Ej i drift i 2025;;;;;;;;;;;;
2025;2161;277;277-10;Ørsted Bioenergy & Thermal Power A/S;4400;Kalundborg;326;Centralt værk;31;Kalundborg Fjernvarme;ASV8 Elkedel;Elpatron;fvv;2002-01-01 00:00:00;;0;85;elektricitet;elektricitet;;0;;;;0;;;;;1;
2025;2161;277;277-11;Ørsted Bioenergy & Thermal Power A/S;4400;Kalundborg;326;Centralt værk;31;Kalundborg Fjernvarme;ASV6;Dampturbine;cev;2019-08-27 00:00:00;;26;125;skovflis;fast biomasse;;0,001360075;;;;0,998639925;;;;;;
2025;2161;277;277-13;Ørsted Bioenergy & Thermal Power A/S;4400;Kalundborg;326;Centralt værk;31;Kalundborg Fjernvarme;ASV7 Elkedel;Elpatron;fvv;2023-01-12 00:00:00;;0;42;elektricitet;elektricitet;;0;;;;0;;;;;1;
2025;2161;277;277-4;Ørsted Bioenergy & Thermal Power A/S;4400;Kalundborg;326;Centralt værk;31;Kalundborg Fjernvarme;ASV2 Dampturbine;Dampturbine;cev;1961-01-01 00:00:00;;142;100;Ej i drift i 2025;Ej i drift i 2025;;;;;;;;;;;;
2025;2161;277;277-6;Ørsted Bioenergy & Thermal Power A/S;4400;Kalundborg;326;Centralt værk;31;Kalundborg Fjernvarme;ASV21+41 -Hjælpedampkedler;Kedel;fvv;1981-01-01 00:00:00;;0;37;gasolie;olie;;1;;;;0;;;;;;
2025;2161;277;277-9;Ørsted Bioenergy & Thermal Power A/S;4400;Kalundborg;326;Centralt værk;31;Kalundborg Fjernvarme;Pyroneer demoanlæg (ikke kvoteomfattet) Biogas anvendes i Blok 2;Bioforgasn. m. KE;fvv;2012-06-01 00:00:00;;0;0;Ej i drift i 2025;Ej i drift i 2025;;;;;;;;;;;;
2025;2161;280;280-2;Ørsted Bioenergy & Thermal Power A/S;4760;Vordingborg;390;Centralt værk;;;Masnedø GT MAV31;Gasturbine;cel;1975-01-01 00:00:00;;70;0;gasolie;olie;;1;;;;0;;;;;;
2025;2161;282;282-3;Ørsted Bioenergy & Thermal Power A/S;7000;Fredericia;607;Centralt værk;81;TVIS;SKV B3;Dampturbine;cev;1997-01-01 00:00:00;;385;453,3;naturgas;naturgas;;0;1;;;0;;;;;;
2025;2161;282;282-4;Ørsted Bioenergy & Thermal Power A/S;7000;Fredericia;607;Centralt værk;81;TVIS;Hjælpedampkedel;Kedel;fvv;1997-01-01 00:00:00;;0;27;naturgas;naturgas;;0;1;;;0;;;;;;
2025;2161;282;282-7;Ørsted Bioenergy & Thermal Power A/S;7000;Fredericia;607;Centralt værk;81;TVIS;SKV40;Dampturbine;cev;2017-05-01 00:00:00;;97,1;249,4;skovflis;fast biomasse;;0;0,000218951;;;0,999781049;;;;;;
2025;2161;288;288-1;Ørsted Bioenergy & Thermal Power A/S;7400;Herning;657;Centralt værk;163;Herning-Ikast Fjernvarme;HEV Herningværket;Dampturbine;cev;1982-10-01 00:00:00;;88,1;200;skovflis;fast biomasse;;0;0,022247289;;;0,977752711;;;;;;
2025;2161;288;288-2;Ørsted Bioenergy & Thermal Power A/S;7400;Herning;657;Centralt værk;163;Herning-Ikast Fjernvarme;Hjælpedampkedel;Kedel;fvv;1982-01-01 00:00:00;;0;0;naturgas;naturgas;;0;1;;;0;;;;;;
2025;2161;331;331-2;Ørsted Bioenergy & Thermal Power A/S;2450;København SV;101;Centralt værk;2;Storkøbenhavns Fjernvarme;HCV Blok 7;Dampturbine;cev;1985-01-01 00:00:00;;44,2;142,7;Ej i drift i 2025;Ej i drift i 2025;;;;;;;;;;;;
2025;2161;331;331-4;Ørsted Bioenergy & Thermal Power A/S;2450;København SV;101;Centralt værk;2;Storkøbenhavns Fjernvarme;HCV blok 8;Gasturbine;cev;2004-01-01 00:00:00;;21;92,5;naturgas;naturgas;;0;1;;;0;;;;;;
2025;2161;331;331-5;Ørsted Bioenergy & Thermal Power A/S;2450;København SV;101;Centralt værk;2;Storkøbenhavns Fjernvarme;HCV kedel 21;Kedel;fvv;2006-01-01 00:00:00;;0;99,6;naturgas;naturgas;;0;1;;;0;;;;;;
2025;2161;331;331-6;Ørsted Bioenergy & Thermal Power A/S;2450;København SV;101;Centralt værk;2;Storkøbenhavns Fjernvarme;HCV Kedel 22;Kedel;fvv;2006-01-01 00:00:00;;0;99,6;naturgas;naturgas;;0;1;;;0;;;;;;
2025;2161;332;332-2;Ørsted Bioenergy & Thermal Power A/S;2100;København Ø;101;Centralt værk;2;Storkøbenhavns Fjernvarme;"SMV Blok 7 &#43; SMV1";Gasturbine;cev;1995-01-01 00:00:00;;78,5;135;Ej i drift i 2025;Ej i drift i 2025;;;;;;;;;;;;
2025;2161;332;332-3;Ørsted Bioenergy & Thermal Power A/S;2100;København Ø;101;Centralt værk;2;Storkøbenhavns Fjernvarme;SMV Kedel 21;Kedel;fvv;2007-03-15 00:00:00;;0;128;naturgas;naturgas;;0;1;;;0;;;;;;
2025;2161;332;332-4;Ørsted Bioenergy & Thermal Power A/S;2100;København Ø;101;Centralt værk;2;Storkøbenhavns Fjernvarme;SMV Kedel 22;Kedel;fvv;2008-06-01 00:00:00;;0;128;naturgas;naturgas;;0;1;;;0;;;;;;
2025;2161;990;990-1;Ørsted Bioenergy & Thermal Power A/S;6700;Esbjerg;561;Centralt værk;126;Esbjerg-Varde Fjernvarme;ESV 3;Dampturbine;cev;1992-07-01 00:00:00;;373,3;443,9;Ej i drift i 2025;Ej i drift i 2025;;;;;;;;;;;;
2025;2161;990;990-3;Ørsted Bioenergy & Thermal Power A/S;6700;Esbjerg;561;Centralt værk;126;Esbjerg-Varde Fjernvarme;Elkedel;Elpatron;fvv;1992-07-01 00:00:00;;0;30;Ej i drift i 2025;Ej i drift i 2025;;;;;;;;;;;;
2025;2163;1717;1717-8;DAKA DENMARK A/S;8723;Løsning;766;Erhvervsværk;147;Løsning Fjernvarme;Overskudsvarmeanlæg;Overskudsvarme;pvp;1970-01-01 00:00:00;;0;40;braendselsfrit;braendselsfrit;;0;;;;0;;1;;;;
2025;2167;670;670-2;Greve Fjernvarme A.m.b.a.;2670;Greve;253;Fjernvarmeværk;2;Storkøbenhavns Fjernvarme;Kedel 1;Kedel;fvv;1980-01-01 00:00:00;;0;3,67;naturgas;naturgas;;0;1;;;0;;;;;;
2025;2167;670;670-3;Greve Fjernvarme A.m.b.a.;2670;Greve;253;Fjernvarmeværk;2;Storkøbenhavns Fjernvarme;Kedel 2;Kedel;fvv;1980-01-01 00:00:00;;0;5,83;naturgas;naturgas;;0;1;;;0;;;;;;
2025;2167;670;670-4;Greve Fjernvarme A.m.b.a.;2670;Greve;253;Fjernvarmeværk;2;Storkøbenhavns Fjernvarme;Kedel 3;Kedel;fvv;1985-06-01 00:00:00;;0;7,32;naturgas;naturgas;;0;1;;;0;;;;;;
2025;2167;673;673-1;Greve Fjernvarme A.m.b.a.;2670;Greve;253;Fjernvarmeværk;2;Storkøbenhavns Fjernvarme;Kedel 1;Kedel;fvv;1972-01-01 00:00:00;;0;9,3;gasolie;olie;;1;;;;0;;;;;;
2025;2167;673;673-3;Greve Fjernvarme A.m.b.a.;2670;Greve;253;Fjernvarmeværk;2;Storkøbenhavns Fjernvarme;Kedel 3;Kedel;fvv;1974-01-01 00:00:00;;0;5,83;gasolie;olie;;1;;;;0;;;;;;
2025;2167;673;673-4;Greve Fjernvarme A.m.b.a.;2670;Greve;253;Fjernvarmeværk;2;Storkøbenhavns Fjernvarme;Kedel 4;Kedel;fvv;1976-01-01 00:00:00;;0;18,6;gasolie;olie;;1;;;;0;;;;;;
2025;2170;2150;2150-1;Novafos Måløv Rens A/S;2760;Måløv;151;Lokalt værk;;;Biogas anlæg;Forbrændingsmotor;pev;2013-01-01 00:00:00;;0,1;0,1;biogas;biogas;;0;;;1;0;;;;;;
2025;2171;829;829-4;Novafos Spildevand Furesø A/S;3520;Farum;190;Lokalt værk;;;Stavnsholt, ny gasmotor;Forbrændingsmotor;pev;2014-12-19 00:00:00;;0,063;0,09;biogas;biogas;;0;;;1;0;;;;;;
2025;2172;1056;1056-3;Skørping Varmeværk;9520;Skørping;840;Decentralt værk;318;Skørping Fjernvarme;Kedel;Kedel;fvv;1995-01-01 00:00:00;;0;2;naturgas;naturgas;;0;1;;;0;;;;;;
2025;2172;1998;1998-2;Skørping Varmeværk;9520;Skørping;840;Fjernvarmeværk;318;Skørping Fjernvarme;Euro Therm kedel incl. røgvasker;Kedel;fvv;2008-03-16 00:00:00;;0;8,5;skovflis;fast biomasse;;0;;;;1;;;;;;
2025;2172;1998;1998-3;Skørping Varmeværk;9520;Skørping;840;Fjernvarmeværk;318;Skørping Fjernvarme;Solvarmeanlæg - 2000m2;Solvarme;fvv;2012-05-01 00:00:00;;0;1,4;solenergi;solenergi;;0;;;;0;;;1;;;
2025;2172;1998;1998-4;Skørping Varmeværk;9520;Skørping;840;Fjernvarmeværk;318;Skørping Fjernvarme;Solvarme - etape 2;Solvarme;fvv;2015-09-01 00:00:00;;0;3,7;solenergi;solenergi;;0;;;;0;;;1;;;
2025;2172;1998;1998-5;Skørping Varmeværk;9520;Skørping;840;Fjernvarmeværk;318;Skørping Fjernvarme;Oliekedel Danstoker;Kedel;fvv;2021-11-16 00:00:00;;0;10;gasolie;olie;;1;;;;0;;;;;;
2025;2172;1998;1998-6;Skørping Varmeværk;9520;Skørping;840;Fjernvarmeværk;318;Skørping Fjernvarme;Danstoker fliskedel incl.røgvasker og varmepumpe;Kedel;fvv;2021-09-03 00:00:00;;0;5,5;skovflis;fast biomasse;;0;;;;1;;;;;;
2025;2184;330;330-1;HOFOR ENERGIPRODUKTION A/S;2300;København S;101;Centralt værk;2;Storkøbenhavns Fjernvarme;AMV1;Dampturbine;cev;1971-01-01 00:00:00;;64;251;traepiller;fast biomasse;;0,004236177;;;;0,995763823;;;;;;
2025;2184;330;330-6;HOFOR ENERGIPRODUKTION A/S;2300;København S;101;Centralt værk;2;Storkøbenhavns Fjernvarme;AMV4;Dampturbine;cev;2019-09-01 00:00:00;;150;400;skovflis;fast biomasse;;0,006437539;;;;0,993562461;;;;;;
2025;2185;80;80-1;FJERNVARME HORSENS A/S;8700;Horsens;615;Fjernvarmeværk;148;Horsens Fjernvarme;Kedel 1;Kedel;fvv;1991-10-15 00:00:00;;0;5;naturgas;naturgas;;0;1;;;0;;;;;;
2025;2185;80;80-2;FJERNVARME HORSENS A/S;8700;Horsens;615;Fjernvarmeværk;148;Horsens Fjernvarme;Kedel 2;Kedel;fvv;1991-10-15 00:00:00;;0;10;naturgas;naturgas;;0;1;;;0;;;;;;
2025;2185;80;80-3;FJERNVARME HORSENS A/S;8700;Horsens;615;Fjernvarmeværk;148;Horsens Fjernvarme;kedel 3;Kedel;fvv;1991-10-15 00:00:00;;0;10;naturgas;naturgas;;0;1;;;0;;;;;;
2025;2185;227;227-1;FJERNVARME HORSENS A/S;8700;Horsens;615;Fjernvarmeværk;148;Horsens Fjernvarme;Kedel 1;Kedel;fvv;1963-04-01 00:00:00;;0;8,37;naturgas;naturgas;;0;1;;;0;;;;;;
2025;2185;227;227-2;FJERNVARME HORSENS A/S;8700;Horsens;615;Fjernvarmeværk;148;Horsens Fjernvarme;Kedel 2;Kedel;fvv;1965-01-01 00:00:00;;0;8,37;naturgas;naturgas;;0;1;;;0;;;;;;
2025;2185;227;227-3;FJERNVARME HORSENS A/S;8700;Horsens;615;Fjernvarmeværk;148;Horsens Fjernvarme;Kedel 3;Kedel;fvv;1967-01-01 00:00:00;;0;9,36;naturgas;naturgas;;0;1;;;0;;;;;;
2025;2185;227;227-4;FJERNVARME HORSENS A/S;8700;Horsens;615;Fjernvarmeværk;148;Horsens Fjernvarme;Kedel 4;Kedel;fvv;1970-01-01 00:00:00;;0;9,36;naturgas;naturgas;;0;1;;;0;;;;;;
2025;2185;228;228-1;FJERNVARME HORSENS A/S;8700;Horsens;615;Fjernvarmeværk;148;Horsens Fjernvarme;Kedel 1;Kedel;fvv;1967-01-01 00:00:00;;0;8,37;naturgas;naturgas;;0;1;;;0;;;;;;
2025;2185;228;228-2;FJERNVARME HORSENS A/S;8700;Horsens;615;Fjernvarmeværk;148;Horsens Fjernvarme;Kedel 2;Kedel;fvv;1974-01-01 00:00:00;;0;10,47;naturgas;naturgas;;0;1;;;0;;;;;;
2025;2185;228;228-3;FJERNVARME HORSENS A/S;8700;Horsens;615;Fjernvarmeværk;148;Horsens Fjernvarme;Kedel 3;Kedel;fvv;2012-12-01 00:00:00;;0;9;naturgas;naturgas;;0;1;;;0;;;;;;
2025;2185;283;283-1;FJERNVARME HORSENS A/S;8700;Horsens;615;Decentralt værk;148;Horsens Fjernvarme;HOV naturgasturbine;Kombianlæg;kvt;1992-01-01 00:00:00;;26;27;naturgas;naturgas;;0;1;;;0;;;;;;
2025;2185;283;283-2;FJERNVARME HORSENS A/S;8700;Horsens;615;Decentralt værk;148;Horsens Fjernvarme;HOV 2 affaldskedler;Kombianlæg;kvt;1992-01-01 00:00:00;;7;33;affald;affald;;0,000149199;;0,969211493;;0,030639308;;;;;;
2025;2185;283;283-4;FJERNVARME HORSENS A/S;8700;Horsens;615;Decentralt værk;148;Horsens Fjernvarme;Fjernvarme Horsens A/S - LV VP;Varmepumpe Luft;fvv;2021-11-01 00:00:00;;0;15;omgivelsesvarme;omgivelsesvarme;;0;;;;0;;;;;0,310563198;0,689436802
2025;2185;1443;1443-1;FJERNVARME HORSENS A/S;8700;Horsens;615;Fjernvarmeværk;148;Horsens Fjernvarme;Varmecentral Syd;Kedel;fvv;1999-04-01 00:00:00;;0;14;naturgas;naturgas;;0;1;;;0;;;;;;
2025;2185;2363;2363-1;FJERNVARME HORSENS A/S;8700;Horsens;615;Fjernvarmeværk;148;Horsens Fjernvarme;Flisværk;Kedel;fvv;2017-11-16 00:00:00;;0;30;skovflis;fast biomasse;;0;;;;1;;;;;;
2025;2185;2410;2410-1;FJERNVARME HORSENS A/S;8700;Horsens;615;Fjernvarmeværk;148;Horsens Fjernvarme;Varmepumpe;Varmepumpe Overskudsvarme;fvv;2019-12-18 00:00:00;;0;10,786;braendselsfrit;braendselsfrit;;0;;;;0;;0,824712267;;;0,175287733;
2025;2185;2411;2411-1;FJERNVARME HORSENS A/S;8700;Horsens;615;Fjernvarmeværk;148;Horsens Fjernvarme;Elkedel;Elpatron;fvv;2021-03-22 00:00:00;;0;15;elektricitet;elektricitet;;0;;;;0;;;;;1;
2025;2185;2477;2477-1;FJERNVARME HORSENS A/S;8700;Horsens;615;Fjernvarmeværk;148;Horsens Fjernvarme;Varmepumpe;Varmepumpe Overskudsvarme;fvv;2024-01-01 00:00:00;;0;8,3;braendselsfrit;braendselsfrit;;0;;;;0;;0,690868341;;;0,309131659;
2025;2210;2190;2190-1;Kolind Fjernvarmeværk A.M.B.A;8560;Kolind;706;Fjernvarmeværk;211;Kolind Fjernvarme;Halmkedel;Kedel;fvv;2010-12-23 00:00:00;;0;5;halm;fast biomasse;;0;;;;1;;;;;;
2025;2210;2190;2190-2;Kolind Fjernvarmeværk A.M.B.A;8560;Kolind;706;Fjernvarmeværk;211;Kolind Fjernvarme;oliekedel;Kedel;fvv;2010-12-23 00:00:00;;0;6,3;Ej i drift i 2025;Ej i drift i 2025;;;;;;;;;;;;
2025;2211;1130;1130-3;Virksomhed 30906551 A/S;5471;Søndersø;480;Erhvervsværk;;;Caterpillar 3520 SITA E;Forbrændingsmotor;pev;2002-06-01 00:00:00;;1,75;2,15;Ej i drift i 2025;Ej i drift i 2025;;;;;;;;;;;;
2025;2211;1130;1130-5;Virksomhed 30906551 A/S;5471;Søndersø;480;Erhvervsværk;;;Caterpillar 3516 SITA B;Forbrændingsmotor;pev;2000-06-01 00:00:00;;1,178;1,5;Ej i drift i 2025;Ej i drift i 2025;;;;;;;;;;;;
2025;2211;1130;1130-6;Virksomhed 30906551 A/S;5471;Søndersø;480;Erhvervsværk;;;Caterpillar 3516 SITA A;Forbrændingsmotor;pev;1997-04-01 00:00:00;;1,047;1,3;Ej i drift i 2025;Ej i drift i 2025;;;;;;;;;;;;
2025;2213;1107;1107-1;GRAFF Growing A/S;8471;Sabro;751;Erhvervsværk;;;Graff Aps;Forbrændingsmotor;pev;1999-10-10 00:00:00;;1,47;2,24;naturgas;naturgas;;0;1;;;0;;;;;;
2025;2214;426;426-2;RINGSTED FJERNVARME A/S;4100;Ringsted;329;Decentralt værk;34;Ringsted Fjernvarme;Motor 20;Forbrændingsmotor;kvt;1997-01-01 00:00:00;;5,5;6,5;naturgas;naturgas;;0;1;;;0;;;;;;
2025;2214;426;426-3;RINGSTED FJERNVARME A/S;4100;Ringsted;329;Decentralt værk;34;Ringsted Fjernvarme;Motor 30;Forbrændingsmotor;kvt;1997-01-01 00:00:00;;5,5;6,5;naturgas;naturgas;;0;1;;;0;;;;;;
2025;2214;428;428-1;RINGSTED FJERNVARME A/S;4100;Ringsted;329;Fjernvarmeværk;34;Ringsted Fjernvarme;Central Syd;Kedel;fvv;1970-01-01 00:00:00;;0;8;naturgas;naturgas;;0;1;;;0;;;;;;
2025;2214;429;429-1;RINGSTED FJERNVARME A/S;4100;Ringsted;329;Fjernvarmeværk;34;Ringsted Fjernvarme;Central Nord;Kedel;fvv;1970-01-01 00:00:00;;0;9;naturgas;naturgas;;0;1;;;0;;;;;;
2025;2214;1213;1213-1;RINGSTED FJERNVARME A/S;4100;Ringsted;329;Lokalt værk;888;Blokvarme mv;Gasmotor;Forbrændingsmotor;kvt;1995-09-09 00:00:00;;1,03;1,45;naturgas;naturgas;;0;1;;;0;;;;;;
2025;2214;1213;1213-2;RINGSTED FJERNVARME A/S;4100;Ringsted;329;Lokalt værk;888;Blokvarme mv;Naturgaskedel;Kedel;fvv;1985-01-31 00:00:00;;0;4,27;naturgas;naturgas;;0;1;;;0;;;;;;
2025;2214;1680;1680-2;RINGSTED FJERNVARME A/S;4100;Ringsted;329;Fjernvarmeværk;34;Ringsted Fjernvarme;Halmkedel 1+2;Kedel;fvv;2009-05-01 00:00:00;;0;17;halm;fast biomasse;;0;;;;1;;;;;;
2025;2214;2183;2183-2;RINGSTED FJERNVARME A/S;4100;Ringsted;329;Fjernvarmeværk;34;Ringsted Fjernvarme;Kedel 1;Kedel;fvv;1979-01-01 00:00:00;;0;4,65;fuelolie;olie;;1;;;;0;;;;;;
2025;2214;2183;2183-3;RINGSTED FJERNVARME A/S;4100;Ringsted;329;Fjernvarmeværk;34;Ringsted Fjernvarme;Kedel 2;Kedel;fvv;1979-01-01 00:00:00;;0;4,65;gasolie;olie;;1;;;;0;;;;;;
2025;2214;2183;2183-4;RINGSTED FJERNVARME A/S;4100;Ringsted;329;Fjernvarmeværk;34;Ringsted Fjernvarme;Kedel 3;Kedel;fvv;1966-01-01 00:00:00;;0;7,32;Ej i drift i 2025;Ej i drift i 2025;;;;;;;;;;;;
2025;2214;2283;2283-1;RINGSTED FJERNVARME A/S;4100;Ringsted;329;Erhvervsværk;34;Ringsted Fjernvarme;Overskudsvarme fra Fælleskrematoriet;Overskudsvarme;pvp;2013-04-23 00:00:00;;0;2;braendselsfrit;braendselsfrit;;0;;;;0;;1;;;;
2025;2214;2414;2414-1;RINGSTED FJERNVARME A/S;4100;Ringsted;329;Fjernvarmeværk;34;Ringsted Fjernvarme;Varmepumpe - luft + andet;Varmepumpe Anden;fvv;2021-06-08 00:00:00;;0;10;omgivelsesvarme;omgivelsesvarme;;0;;;;0;;;;;0,316837489;0,683162511
2025;2214;2483;2483-1;RINGSTED FJERNVARME A/S;4100;Ringsted;329;Fjernvarmeværk;34;Ringsted Fjernvarme;Halmkedel 1;Kedel;fvv;2024-10-01 00:00:00;;0;14,4;halm;fast biomasse;;0;;;;1;;;;;;
2025;2217;808;808-3;BIOFOS SPILDEVANDSCENTER AVEDØRE A/S;2650;Hvidovre;167;Lokalt værk;2;Storkøbenhavns Fjernvarme;Kedel 1;Kedel;pvp;2012-01-01 00:00:00;;0;0,94;Ej i drift i 2025;Ej i drift i 2025;;;;;;;;;;;;
2025;2217;808;808-4;BIOFOS SPILDEVANDSCENTER AVEDØRE A/S;2650;Hvidovre;167;Lokalt værk;2;Storkøbenhavns Fjernvarme;Kedel 2;Kedel;pvp;2012-01-01 00:00:00;;0;0,94;Ej i drift i 2025;Ej i drift i 2025;;;;;;;;;;;;
2025;2217;808;808-5;BIOFOS SPILDEVANDSCENTER AVEDØRE A/S;2650;Hvidovre;167;Lokalt værk;2;Storkøbenhavns Fjernvarme;Motor 3;Forbrændingsmotor;pev;2006-06-01 00:00:00;;1,06;1,35;biogas;biogas;;0;;;1;0;;;;;;
2025;2228;655;655-3;Energi Vegger A M B A;9240;Nibe;820;Decentralt værk;336;Vegger Fjernvarme;Kedlen;Kedel;fvv;1990-01-01 00:00:00;;0;1,1;biogas;biogas;;0;;;1;0;;;;;;
2025;2228;655;655-7;Energi Vegger A M B A;9240;Nibe;820;Decentralt værk;336;Vegger Fjernvarme;Motor 1;Forbrændingsmotor;kvt;2014-08-21 00:00:00;;0,635;0,925;biogas;biogas;;0;;;1;0;;;;;;
2025;2228;655;655-8;Energi Vegger A M B A;9240;Nibe;820;Decentralt værk;336;Vegger Fjernvarme;Motor 4;Forbrændingsmotor;kvt;2016-09-15 00:00:00;;0,635;0,93;biogas;biogas;;0;;;1;0;;;;;;
2025;2231;2011;2011-1;LIMFJORDENS BIOENERGI ApS;7970;Redsted M;773;Lokalt værk;353;Karby-Hvidbjerg-Redsted Fjernv;Limfjordens Bioenergi ApS;Forbrændingsmotor;kvt;2009-06-01 00:00:00;;1,4;1,8;Ej i drift i 2025;Ej i drift i 2025;;;;;;;;;;;;
2025;2233;2208;2208-1;MARIAGERFJORD VAND A/S;9560;Hadsund;846;Lokalt værk;291;Hadsund By Fjernvarme;Motor 1;Forbrændingsmotor;pev;2014-03-21 00:00:00;;0,19;0,3;biogas;biogas;;0;;;1;0;;;;;;
2025;2233;2208;2208-2;MARIAGERFJORD VAND A/S;9560;Hadsund;846;Lokalt værk;291;Hadsund By Fjernvarme;Gasmotor 2;Forbrændingsmotor;pev;2023-12-01 00:00:00;;0,308;0,326;biogas;biogas;;0;;;1;0;;;;;;
2025;2236;305;305-1;KALUNDBORG VARMEFORSYNING A/S;4400;Kalundborg;326;Fjernvarmeværk;31;Kalundborg Fjernvarme;Højbyen, Kedel 1;Kedel;fvv;1971-01-01 00:00:00;;0;3,1;gasolie;olie;;1;;;;0;;;;;;
2025;2236;2369;2369-1;KALUNDBORG VARMEFORSYNING A/S;4400;Kalundborg;326;Fjernvarmeværk;31;Kalundborg Fjernvarme;Varmepumpen;Varmepumpe Spildevand;fvv;2017-07-01 00:00:00;;0;10;omgivelsesvarme;omgivelsesvarme;;0;;;;0;;;;;0,302549989;0,697450011
2025;2237;2198;2198-1;ODENSE RENOVATION A/S;5000;Odense C;461;Lokalt værk;79;Fjernvarme Fyn;Stige Ø motor;Forbrændingsmotor;pev;2013-11-15 00:00:00;;0,635;0,8;biogas;biogas;;0;;;1;0;;;;;;
2025;2238;834;834-3;BILLUND ENERGI A/S;7200;Grindsted;530;Lokalt værk;128;Grindsted Fjernvarme;Biogasmotor 2008;Forbrændingsmotor;pev;2008-01-01 00:00:00;;0,54;0,61;biogas;biogas;;0;;;1;0;;;;;;
2025;2238;834;834-4;BILLUND ENERGI A/S;7200;Grindsted;530;Lokalt værk;128;Grindsted Fjernvarme;Biogaskedel;Kedel;pvp;1997-12-01 00:00:00;;0;0,48;biogas;biogas;;0;;;1;0;;;;;;
2025;2238;834;834-5;BILLUND ENERGI A/S;7200;Grindsted;530;Lokalt værk;128;Grindsted Fjernvarme;Biogasmotor 2015;Forbrændingsmotor;pev;2015-12-01 00:00:00;;0,85;1,14;biogas;biogas;;0;;;1;0;;;;;;
2025;2240;2361;2361-1;HILLERØD SPILDEVAND A/S;3400;Hillerød;219;Erhvervsværk;18;Hillerød-Farum-Værløse;Biogaskedel - HCR syd;Kedel;pvp;2019-01-01 00:00:00;;0;0,8;biogas;biogas;;0;;;1;0;;;;;;
2025;2242;2104;2104-2;SONFOR Spildevand A/S;6400;Sønderborg;540;Lokalt værk;;;Biogasanlæg 2;Forbrændingsmotor;pev;2019-07-03 00:00:00;;0,21;0,25;biogas;biogas;;0;;;1;0;;;;;;
2025;2243;115;115-1;FJERNVARME FYN PRODUKTION A/S;5863;Ferritslev Fyn;430;Decentralt værk;79;Fjernvarme Fyn;Reserve;Kedel;fvv;1987-01-01 00:00:00;;0;2;naturgas;naturgas;;0;1;;;0;;;;;;
2025;2243;115;115-3;FJERNVARME FYN PRODUKTION A/S;5863;Ferritslev Fyn;430;Decentralt værk;79;Fjernvarme Fyn;Kraftvarme;Forbrændingsmotor;kvt;1996-12-12 00:00:00;;0,9;1,2;Ej i drift i 2025;Ej i drift i 2025;;;;;;;;;;;;
2025;2243;251;251-10;FJERNVARME FYN PRODUKTION A/S;5000;Odense C;461;Centralt værk;79;Fjernvarme Fyn;Varmepumpe - FFP OVKB7;Varmepumpe røggas;fvv;2020-01-01 00:00:00;;0;14,4;elektricitet;elektricitet;;0;;;;0;;;;;1;
2025;2243;251;251-11;FJERNVARME FYN PRODUKTION A/S;5000;Odense C;461;Centralt værk;79;Fjernvarme Fyn;Overskudsvarme - FFP OVTB7;Overskudsvarme;fvv;2020-01-01 00:00:00;;0;12;braendselsfrit;braendselsfrit;;0;;;;0;;1;;;;
2025;2243;251;251-13;FJERNVARME FYN PRODUKTION A/S;5000;Odense C;461;Centralt værk;79;Fjernvarme Fyn;Elkedel - FFP HAV32;Elpatron;fvv;2022-04-05 00:00:00;;0;50;elektricitet;elektricitet;;0;;;;0;;;;;1;
2025;2243;251;251-14;FJERNVARME FYN PRODUKTION A/S;5000;Odense C;461;Centralt værk;79;Fjernvarme Fyn;BioBlok 2;Dampturbine;cev;2023-01-01 00:00:00;;40;185;skovflis;fast biomasse;;0,001559981;;;;0,998440019;;;;;;
2025;2243;251;251-3;FJERNVARME FYN PRODUKTION A/S;5000;Odense C;461;Centralt værk;79;Fjernvarme Fyn;Blok 7;Dampturbine;cev;1991-07-01 00:00:00;;374;450;naturgas;naturgas;0;0;1;;;0;;;;;;
2025;2243;251;251-6;FJERNVARME FYN PRODUKTION A/S;5000;Odense C;461;Centralt værk;79;Fjernvarme Fyn;Blok 8;Dampturbine;cev;2009-06-01 00:00:00;;31;88;trae- og biomasseaffald;fast biomasse;;0;;;;1;;;;;;
2025;2243;251;251-9;FJERNVARME FYN PRODUKTION A/S;5000;Odense C;461;Centralt værk;79;Fjernvarme Fyn;Elkedel - FFP HAV33;Elpatron;fvv;2021-01-01 00:00:00;;0;50;elektricitet;elektricitet;;0;;;;0;;;;;1;
2025;2243;383;383-1;FJERNVARME FYN PRODUKTION A/S;5672;Broby;430;Decentralt værk;79;Fjernvarme Fyn;kedel 1;Kedel;fvv;2012-01-01 00:00:00;;0;2,8;naturgas;naturgas;;0;1;;;0;;;;;;
2025;2243;383;383-4;FJERNVARME FYN PRODUKTION A/S;5672;Broby;430;Decentralt værk;79;Fjernvarme Fyn;Motor (Cat 3516E);Forbrændingsmotor;kvt;2008-10-01 00:00:00;;1,62;2,45;Ej i drift i 2025;Ej i drift i 2025;;;;;;;;;;;;
2025;2243;383;383-5;FJERNVARME FYN PRODUKTION A/S;5672;Broby;430;Decentralt værk;79;Fjernvarme Fyn;Elkedel;Elpatron;fvv;2012-10-01 00:00:00;;0;1,47;elektricitet;elektricitet;;0;;;;0;;;;;1;
2025;2243;568;568-1;FJERNVARME FYN PRODUKTION A/S;5492;Vissenbjerg;420;Decentralt værk;79;Fjernvarme Fyn;Træpillekedel;Kedel;fvv;2003-11-01 00:00:00;;0;2,5;traepiller;fast biomasse;;0;;;;1;;;;;;
2025;2243;568;568-3;FJERNVARME FYN PRODUKTION A/S;5492;Vissenbjerg;420;Decentralt værk;79;Fjernvarme Fyn;Gaskedel 1;Kedel;fvv;1995-11-01 00:00:00;;0;2,3;naturgas;naturgas;;0;1;;;0;;;;;;
2025;2243;568;568-4;FJERNVARME FYN PRODUKTION A/S;5492;Vissenbjerg;420;Decentralt værk;79;Fjernvarme Fyn;Gaskedel 2;Kedel;fvv;1986-08-01 00:00:00;;0;3,6;naturgas;naturgas;;0;1;;;0;;;;;;
2025;2243;568;568-5;FJERNVARME FYN PRODUKTION A/S;5492;Vissenbjerg;420;Decentralt værk;79;Fjernvarme Fyn;Rolls-Royce;Forbrændingsmotor;kvt;1995-11-01 00:00:00;;3,06;3,87;naturgas;naturgas;;0;1;;;0;;;;;;
2025;2243;568;568-6;FJERNVARME FYN PRODUKTION A/S;5492;Vissenbjerg;420;Decentralt værk;79;Fjernvarme Fyn;Hollensen ref.nr. O2003-1038;Kedel;fvv;2003-01-01 00:00:00;;0;3;Ej i drift i 2025;Ej i drift i 2025;;;;;;;;;;;;
2025;2243;2430;2430-1;FJERNVARME FYN PRODUKTION A/S;5220;Odense SØ;461;Fjernvarmeværk;79;Fjernvarme Fyn;TBV1;Varmepumpe Overskudsvarme;fvv;2019-09-04 00:00:00;;0;23,85;braendselsfrit;braendselsfrit;;0;;;;0;;0,70346469;;;0,29653531;
2025;2243;2430;2430-2;FJERNVARME FYN PRODUKTION A/S;5220;Odense SØ;461;Fjernvarmeværk;79;Fjernvarme Fyn;TBV2;Varmepumpe Overskudsvarme;fvv;2021-03-01 00:00:00;;0;20,697;braendselsfrit;braendselsfrit;;0;;;;0;;0,831488017;;;0,168511983;
2025;2243;2431;2431-1;FJERNVARME FYN PRODUKTION A/S;5220;Odense SØ;461;Fjernvarmeværk;79;Fjernvarme Fyn;EMV;Varmepumpe Spildevand;fvv;2020-12-01 00:00:00;;0;20,2;omgivelsesvarme;omgivelsesvarme;;0;;;;0;;;;;0,316287497;0,683712503
2025;2244;2156;2156-1;Thy Renseanlæg A/S;7760;Hurup Thy;787;Erhvervsværk;;;Biogasmotor;Forbrændingsmotor;pev;2012-08-30 00:00:00;;0,25;0,3;biogas;biogas;;0;;;1;0;;;;;;
2025;2246;895;895-2;AALBORG KLOAK A/S;9000;Aalborg;851;Lokalt værk;295;Aalborg Fjernvarme;Biogasmotor 1;Forbrændingsmotor;pev;2013-03-01 00:00:00;;0,255;0,293;biogas;biogas;;0;;;1;0;;;;;;
2025;2246;895;895-3;AALBORG KLOAK A/S;9000;Aalborg;851;Lokalt værk;295;Aalborg Fjernvarme;Biogasmotor 2;Forbrændingsmotor;pev;2013-03-01 00:00:00;;0,255;0,293;biogas;biogas;;0;;;1;0;;;;;;
2025;2246;895;895-4;AALBORG KLOAK A/S;9000;Aalborg;851;Lokalt værk;295;Aalborg Fjernvarme;Biogasmotor 3;Forbrændingsmotor;pev;2013-03-01 00:00:00;;0,255;0,293;biogas;biogas;;0;;;1;0;;;;;;
2025;2246;2476;2476-1;AALBORG KLOAK A/S;9220;Aalborg Øst;851;Lokalt værk;295;Aalborg Fjernvarme;Aalborg Renseanlæg Øst;Forbrændingsmotor;pev;2024-04-01 00:00:00;;0,36;0,382;biogas;biogas;;0;;;1;0;;;;;;
2025;2249;1368;1368-3;NYSTED BIOENERGI ApS;4892;Kettinge;376;Decentralt værk;53;Nysted Fjernvarme;Biogas, Kedel;Kedel;fvv;1997-01-01 00:00:00;;0;2,4;biogas;biogas;;0;;;1;0;;;;;;
2025;2249;1368;1368-4;NYSTED BIOENERGI ApS;4892;Kettinge;376;Decentralt værk;53;Nysted Fjernvarme;Jenbacher 2;Forbrændingsmotor;kvt;2015-12-20 00:00:00;;1,5;2;biogas;biogas;;0;;;1;0;;;;;;
2025;2249;1368;1368-5;NYSTED BIOENERGI ApS;4892;Kettinge;376;Decentralt værk;53;Nysted Fjernvarme;Jenbacher 3;Forbrændingsmotor;kvt;2017-03-14 00:00:00;;1,203;1,4;biogas;biogas;;0;;;1;0;;;;;;
2025;2250;864;864-4;Vandmiljø Randers A/S;8960;Randers SØ;730;Lokalt værk;;;Gasmotor 2 (MAN);Forbrændingsmotor;pev;1997-11-01 00:00:00;;0,3;0,4;Ej i drift i 2025;Ej i drift i 2025;;;;;;;;;;;;
2025;2250;864;864-6;Vandmiljø Randers A/S;8960;Randers SØ;730;Lokalt værk;;;Gasmotor 4 (2G – GA01.MA10);Forbrændingsmotor;pev;2019-12-05 00:00:00;;0,36;0,345;biogas;biogas;;0;;;1;0;;;;;;
2025;2250;864;864-7;Vandmiljø Randers A/S;8960;Randers SØ;730;Lokalt værk;;;Gasmotor 5 (2G – GA01.MA20);Forbrændingsmotor;pev;2019-12-05 00:00:00;;0,36;0,345;biogas;biogas;;0;;;1;0;;;;;;
2025;2251;802;802-3;SK SPILDEVAND A/S;4200;Slagelse;330;Lokalt værk;35;Slagelse Fjernvarme;Biogasmotor 1;Forbrændingsmotor;pev;2015-07-01 00:00:00;;0,25;0,29;biogas;biogas;;0;;;1;0;;;;;;
2025;2251;802;802-5;SK SPILDEVAND A/S;4200;Slagelse;330;Lokalt værk;35;Slagelse Fjernvarme;Biogasmotor II;Forbrændingsmotor;pev;2019-10-01 00:00:00;;0,21;0,24;biogas;biogas;;0;;;1;0;;;;;;
2025;2253;1403;1403-1;CARLSBERG SUPPLY COMPANY DANMARK A/S;7000;Fredericia;607;Erhvervsværk;81;TVIS;Kedel 1 EC 1030;Kedel;pvp;2012-01-01 00:00:00;;0;14;Ej i drift i 2025;Ej i drift i 2025;;;;;;;;;;;;
2025;2253;1403;1403-14;CARLSBERG SUPPLY COMPANY DANMARK A/S;7000;Fredericia;607;Erhvervsværk;81;TVIS;Kedel 3 dual burner;Kedel;pvp;2020-12-11 00:00:00;;0;8;naturgas;naturgas;;0;0,84518534;;0,15481466;0;;;;;;
2025;2253;1403;1403-17;CARLSBERG SUPPLY COMPANY DANMARK A/S;7000;Fredericia;607;Erhvervsværk;81;TVIS;Kedel 4 El-kedel (TEM);Elpatron;pvp;2023-03-01 00:00:00;;0;15;elektricitet;elektricitet;;0;;;;0;;;;;1;
2025;2253;1403;1403-2;CARLSBERG SUPPLY COMPANY DANMARK A/S;7000;Fredericia;607;Erhvervsværk;81;TVIS;Kedel 2 EC 1030;Kedel;pvp;2012-01-01 00:00:00;;0;14;Ej i drift i 2025;Ej i drift i 2025;;;;;;;;;;;;
2025;2255;2205;2205-1;Maabjerg Biogas A/S;7500;Holstebro;661;Decentralt værk;172;Holstebro-Struer Fjernvarme;Motor 1;Forbrændingsmotor;kvt;2012-06-06 00:00:00;;1,48;1,74;biogas;biogas;;0;;;1;0;;;;;;
2025;2255;2205;2205-2;Maabjerg Biogas A/S;7500;Holstebro;661;Decentralt værk;172;Holstebro-Struer Fjernvarme;Motor 2;Forbrændingsmotor;kvt;2012-06-06 00:00:00;;1,48;1,74;biogas;biogas;;0;;;1;0;;;;;;
2025;2258;7;7-16;Aalborg Portland A/S;9220;Aalborg Øst;851;Erhvervsværk;295;Aalborg Fjernvarme;Varmegenvindingsanlæg for ovn 73,74,78,79;Overskudsvarme;pvp;1991-11-12 00:00:00;;0;70;braendselsfrit;braendselsfrit;;0;;;;0;;0,959326425;;;0,040673575;
2025;2258;7;7-17;Aalborg Portland A/S;9220;Aalborg Øst;851;Erhvervsværk;295;Aalborg Fjernvarme;Varmegevindingsanlæg for ovn 76;Overskudsvarme;pvp;2003-11-20 00:00:00;;0;32;braendselsfrit;braendselsfrit;;0;;;;0;;0,986328761;;;0,013671239;
2025;2261;2212;2212-1;EWII VAND A/S;7000;Fredericia;607;Vandkraftværk;;;Vandkraftanlæg;Vandkraft;vkt;2015-01-01 00:00:00;;0,022;0;Ej i drift i 2025;Ej i drift i 2025;;;;;;;;;;;;
2025;2264;2222;2222-1;Løkken Varmeværk;9480;Løkken;860;Fjernvarmeværk;305;Løkken Fjernvarme;Fliskedel;Kedel;fvv;2007-01-08 00:00:00;;0;9,625;skovflis;fast biomasse;;0;;;;1;;;;;;
2025;2264;2222;2222-2;Løkken Varmeværk;9480;Løkken;860;Fjernvarmeværk;305;Løkken Fjernvarme;Pillekedel;Kedel;fvv;1984-01-08 00:00:00;;0;4;traepiller;fast biomasse;;0;;;;1;;;;;;
2025;2264;2222;2222-3;Løkken Varmeværk;9480;Løkken;860;Fjernvarmeværk;305;Løkken Fjernvarme;Oliekedel;Kedel;fvv;1999-01-08 00:00:00;;0;6,5;Ej i drift i 2025;Ej i drift i 2025;;;;;;;;;;;;
2025;2264;2222;2222-4;Løkken Varmeværk;9480;Løkken;860;Fjernvarmeværk;305;Løkken Fjernvarme;Solvarme 15.000 m2;Solvarme;fvv;2016-01-06 00:00:00;;0;8,3;solenergi;solenergi;;0;;;;0;;;1;;;
2025;2264;2352;2352-1;Løkken Varmeværk;9480;Løkken;860;Erhvervsværk;305;Løkken Fjernvarme;Overskudsvarme;Overskudsvarme;pvp;2018-01-01 00:00:00;;0;0,05;braendselsfrit;braendselsfrit;;0;;;;0;;1;;;;
2025;2264;2353;2353-1;Løkken Varmeværk;9480;Løkken;860;Erhvervsværk;305;Løkken Fjernvarme;Overskudsvarme;Overskudsvarme;pvp;2019-01-01 00:00:00;;0;0,05;braendselsfrit;braendselsfrit;;0;;;;0;;1;;;;
2025;2265;34;34-11;Aars Fjernvarme Amba;9600;Aars;820;Decentralt værk;334;Aars Fjernvarme;Varmepumpe Dybvad Møllevej;Varmepumpe Luft;fvv;2024-10-01 00:00:00;;0;7,4;omgivelsesvarme;omgivelsesvarme;;0;;;;0;;;;;0,317952922;0,682047078
2025;2265;34;34-2;Aars Fjernvarme Amba;9600;Aars;820;Decentralt værk;334;Aars Fjernvarme;Træpillekedel;Kedel;fvv;1986-01-01 00:00:00;2025-12-31 00:00:00;0;6,3;traepiller;fast biomasse;;0;;;;1;;;;;;
2025;2265;34;34-4;Aars Fjernvarme Amba;9600;Aars;820;Decentralt værk;334;Aars Fjernvarme;Ovnlinie 2;Dampturbine;kvt;1995-01-01 00:00:00;;2,89;12,39;affald;affald;;0;;0,933180027;;0,066819973;;;;;;
2025;2265;35;35-1;Aars Fjernvarme Amba;9600;Aars;820;Fjernvarmeværk;334;Aars Fjernvarme;Central 3 (Ø. Boulevard);Kedel;fvv;1966-09-01 00:00:00;;0;9,2;fuelolie;olie;;1;;;;0;;;;;;
2025;2265;36;36-1;Aars Fjernvarme Amba;9600;Aars;820;Fjernvarmeværk;334;Aars Fjernvarme;Central 1 (Gislumvej);Kedel;fvv;1955-09-01 00:00:00;;0;16,1;naturgas;naturgas;;0;1;;;0;;;;;;
2025;2265;166;166-2;Aars Fjernvarme Amba;9600;Aars;820;Decentralt værk;334;Aars Fjernvarme;Motor 1;Forbrændingsmotor;kvt;1995-01-01 00:00:00;;0,74;1;naturgas;naturgas;;0;1;;;0;;;;;;
2025;2265;166;166-3;Aars Fjernvarme Amba;9600;Aars;820;Decentralt værk;334;Aars Fjernvarme;Motor 2;Forbrændingsmotor;kvt;1995-01-01 00:00:00;;0,74;1;naturgas;naturgas;;0;1;;;0;;;;;;
2025;2265;166;166-4;Aars Fjernvarme Amba;9600;Aars;820;Decentralt værk;334;Aars Fjernvarme;Kedel 1;Kedel;fvv;1988-10-01 00:00:00;;0;3,1;naturgas;naturgas;;0;1;;;0;;;;;;
2025;2265;166;166-6;Aars Fjernvarme Amba;9600;Aars;820;Decentralt værk;334;Aars Fjernvarme;EL-kedel;Elpatron;fvv;2009-01-01 00:00:00;;0;1;elektricitet;elektricitet;;0;;;;0;;;;;1;
2025;2265;187;187-1;Aars Fjernvarme Amba;9610;Nørager;840;Decentralt værk;334;Aars Fjernvarme;Caterpillar;Forbrændingsmotor;kvt;1989-01-01 00:00:00;;1,02;1,5;naturgas;naturgas;;0;1;;;0;;;;;;
2025;2265;187;187-2;Aars Fjernvarme Amba;9610;Nørager;840;Decentralt værk;334;Aars Fjernvarme;Reservekedel;Kedel;fvv;1989-01-01 00:00:00;;0;4;naturgas;naturgas;;0;1;;;0;;;;;;
2025;2265;501;501-1;Aars Fjernvarme Amba;9541;Suldrup;840;Decentralt værk;334;Aars Fjernvarme;Kedel;Kedel;fvv;1987-07-24 00:00:00;;0;4;naturgas;naturgas;;0;1;;;0;;;;;;
2025;2265;501;501-2;Aars Fjernvarme Amba;9541;Suldrup;840;Decentralt værk;334;Aars Fjernvarme;Motor 1;Forbrændingsmotor;kvt;1994-01-01 00:00:00;;1,03;1,46;naturgas;naturgas;;0;1;;;0;;;;;;
2025;2265;501;501-3;Aars Fjernvarme Amba;9541;Suldrup;840;Decentralt værk;334;Aars Fjernvarme;Motor 2;Forbrændingsmotor;kvt;1994-05-17 00:00:00;;1,03;1,46;naturgas;naturgas;;0;1;;;0;;;;;;
2025;2266;636;636-4;Nordjyllandsværket A/S;9310;Vodskov;851;Centralt værk;295;Aalborg Fjernvarme;NJVB3;Dampturbine;cev;1998-09-14 00:00:00;;385;422;kul;kul;0,995260434;0,004739566;;;;0;;;;;;
2025;2266;636;636-5;Nordjyllandsværket A/S;9310;Vodskov;851;Centralt værk;295;Aalborg Fjernvarme;Hjælpedampkedel;Kedel;cev;1998-09-14 00:00:00;;0;0;gasolie;olie;;1;;;;0;;;;;;
2025;2266;636;636-8;Nordjyllandsværket A/S;9310;Vodskov;851;Centralt værk;295;Aalborg Fjernvarme;Elkedelanlæg;Elpatron;fvv;2017-12-15 00:00:00;;0;35;elektricitet;elektricitet;;0;;;;0;;;;;1;
2025;2266;636;636-9;Nordjyllandsværket A/S;9310;Vodskov;851;Centralt værk;295;Aalborg Fjernvarme;Varmepumpe Renseanlæg Øst;Varmepumpe Spildevand;fvv;2024-09-01 00:00:00;;0;6,6;omgivelsesvarme;omgivelsesvarme;;0;;;;0;;;;;0,36388422;0,63611578
2025;2267;137;137-2;Aalborg Varme A/S;9310;Vodskov;851;Fjernvarmeværk;295;Aalborg Fjernvarme;Loose-kedel;Kedel;fvv;2011-01-01 00:00:00;;0;8;gasolie;olie;;1;;;;0;;;;;;
2025;2267;138;138-1;Aalborg Varme A/S;9362;Gandrup;851;Fjernvarmeværk;295;Aalborg Fjernvarme;Gandrup Varmecentral;Kedel;fvv;1989-01-01 00:00:00;;0;3;naturgas;naturgas;;0;1;;;0;;;;;;
2025;2267;582;582-1;Aalborg Varme A/S;9380;Vestbjerg;851;Fjernvarmeværk;295;Aalborg Fjernvarme;Vestbjerg Varmecentral;Kedel;fvv;1993-01-01 00:00:00;;0;8;gasolie;olie;;1;;;;0;;;;;;
2025;2267;583;583-1;Aalborg Varme A/S;9310;Vodskov;851;Fjernvarmeværk;295;Aalborg Fjernvarme;Vodskov Varmecentral;Kedel;fvv;1991-01-01 00:00:00;;0;10,6;gasolie;olie;;1;;;;0;;;;;;
2025;2267;586;586-1;Aalborg Varme A/S;9000;Aalborg;851;Fjernvarmeværk;295;Aalborg Fjernvarme;Kedel 1;Kedel;fvv;1986-07-01 00:00:00;;0;23;gasolie;olie;;1;;;;0;;;;;;
2025;2267;586;586-2;Aalborg Varme A/S;9000;Aalborg;851;Fjernvarmeværk;295;Aalborg Fjernvarme;Kedel 2;Kedel;fvv;1986-07-01 00:00:00;;0;23;gasolie;olie;;1;;;;0;;;;;;
2025;2267;586;586-3;Aalborg Varme A/S;9000;Aalborg;851;Fjernvarmeværk;295;Aalborg Fjernvarme;Kedel 3;Kedel;fvv;1986-07-01 00:00:00;;0;23;gasolie;olie;;1;;;;0;;;;;;
2025;2267;586;586-4;Aalborg Varme A/S;9000;Aalborg;851;Fjernvarmeværk;295;Aalborg Fjernvarme;Kedel 4;Kedel;fvv;1982-10-01 00:00:00;;0;17,45;gasolie;olie;;1;;;;0;;;;;;
2025;2267;587;587-1;Aalborg Varme A/S;9220;Aalborg Øst;851;Fjernvarmeværk;295;Aalborg Fjernvarme;Kedel K1;Kedel;fvv;2000-08-01 00:00:00;;0;25;naturgas;naturgas;;0;1;;;0;0;;;;;
2025;2267;587;587-2;Aalborg Varme A/S;9220;Aalborg Øst;851;Fjernvarmeværk;295;Aalborg Fjernvarme;Kedel K2;Kedel;fvv;2000-08-01 00:00:00;;0;25;naturgas;naturgas;;0;1;;;0;0;;;;;
2025;2267;587;587-3;Aalborg Varme A/S;9220;Aalborg Øst;851;Fjernvarmeværk;295;Aalborg Fjernvarme;Kedel K3;Kedel;fvv;1989-09-01 00:00:00;;0;23,26;naturgas;naturgas;;0;1;;;0;;;;;;
2025;2267;587;587-4;Aalborg Varme A/S;9220;Aalborg Øst;851;Fjernvarmeværk;295;Aalborg Fjernvarme;Kedel K4;Kedel;fvv;2000-08-01 00:00:00;;0;25;naturgas;naturgas;;0;1;;;0;0;;;;;
2025;2267;588;588-1;Aalborg Varme A/S;9000;Aalborg;851;Fjernvarmeværk;295;Aalborg Fjernvarme;Kedel K1;Kedel;fvv;1986-08-01 00:00:00;;0;23;gasolie;olie;;1;;;;0;;;;;;
2025;2267;588;588-2;Aalborg Varme A/S;9000;Aalborg;851;Fjernvarmeværk;295;Aalborg Fjernvarme;Kedel K2;Kedel;fvv;1986-08-01 00:00:00;;0;23;gasolie;olie;;1;;;;0;;;;;;
2025;2267;588;588-3;Aalborg Varme A/S;9000;Aalborg;851;Fjernvarmeværk;295;Aalborg Fjernvarme;Kedel K3;Kedel;fvv;1986-08-01 00:00:00;;0;23;gasolie;olie;;1;;;;0;;;;;;
2025;2267;704;704-1;Aalborg Varme A/S;9230;Svenstrup J;851;Decentralt værk;295;Aalborg Fjernvarme;Motor-;Forbrændingsmotor;kvt;1994-01-01 00:00:00;;2;2,5;naturgas;naturgas;;0;1;;;0;;;;;;
2025;2267;704;704-2;Aalborg Varme A/S;9230;Svenstrup J;851;Decentralt værk;295;Aalborg Fjernvarme;Keddel-;Kedel;fvv;2012-01-01 00:00:00;;0;3,15;naturgas;naturgas;;0;1;;;0;;;;;;
2025;2267;704;704-3;Aalborg Varme A/S;9230;Svenstrup J;851;Decentralt værk;295;Aalborg Fjernvarme;Biokeddel;Kedel;fvv;2013-02-14 00:00:00;;0;0,9;skovflis;fast biomasse;;0;;;;1;;;;;;
2025;2267;973;973-1;Aalborg Varme A/S;9430;Vadum;851;Fjernvarmeværk;295;Aalborg Fjernvarme;Kedel;Kedel;fvv;1994-01-01 00:00:00;;0;8,1;naturgas;naturgas;;0;1;;;0;;;;;;
2025;2267;974;974-1;Aalborg Varme A/S;9230;Svenstrup J;851;Fjernvarmeværk;295;Aalborg Fjernvarme;Kedel K1;Kedel;fvv;1988-01-01 00:00:00;;0;5;gasolie;olie;;1;;;;0;;;;;;
2025;2267;974;974-2;Aalborg Varme A/S;9230;Svenstrup J;851;Fjernvarmeværk;295;Aalborg Fjernvarme;Kedel K2;Kedel;fvv;1988-01-01 00:00:00;;0;15;gasolie;olie;;1;;;;0;;;;;;
2025;2267;1638;1638-1;Aalborg Varme A/S;9000;Aalborg;851;Fjernvarmeværk;295;Aalborg Fjernvarme;Kedel K1;Kedel;fvv;2001-08-01 00:00:00;;0;26,2;naturgas;naturgas;;0;1;;;0;;;;;;
2025;2267;1638;1638-2;Aalborg Varme A/S;9000;Aalborg;851;Fjernvarmeværk;295;Aalborg Fjernvarme;Kedel K2;Kedel;fvv;2001-08-01 00:00:00;;0;26,2;naturgas;naturgas;;0;1;;;0;;;;;;
2025;2267;1638;1638-3;Aalborg Varme A/S;9000;Aalborg;851;Fjernvarmeværk;295;Aalborg Fjernvarme;Kedel K3;Kedel;fvv;2001-08-01 00:00:00;;0;26,2;naturgas;naturgas;;0;1;;;0;;;;;;
2025;2267;1638;1638-4;Aalborg Varme A/S;9000;Aalborg;851;Fjernvarmeværk;295;Aalborg Fjernvarme;Kedel K4;Kedel;fvv;1992-07-01 00:00:00;;0;25;naturgas;naturgas;;0;1;;;0;;;;;;
2025;2267;1638;1638-5;Aalborg Varme A/S;9000;Aalborg;851;Fjernvarmeværk;295;Aalborg Fjernvarme;Kedel K5;Kedel;fvv;1992-07-01 00:00:00;;0;25;naturgas;naturgas;;0;1;;;0;;;;;;
2025;2267;2163;2163-1;Aalborg Varme A/S;9400;Nørresundby;851;Fjernvarmeværk;295;Aalborg Fjernvarme;Kedel K1;Kedel;fvv;2013-10-01 00:00:00;;0;25;naturgas;naturgas;;0,012701223;0,987298777;;;0;0;;;;;
2025;2267;2163;2163-2;Aalborg Varme A/S;9400;Nørresundby;851;Fjernvarmeværk;295;Aalborg Fjernvarme;Kedel K2;Kedel;fvv;2013-10-01 00:00:00;;0;25;naturgas;naturgas;;0,006410967;0,993589033;;;0;0;;;;;
2025;2267;2163;2163-3;Aalborg Varme A/S;9400;Nørresundby;851;Fjernvarmeværk;295;Aalborg Fjernvarme;Kedel K3;Kedel;fvv;2013-10-01 00:00:00;;0;25;naturgas;naturgas;;0,0125822;0,9874178;;;0;0;;;;;
2025;2268;336;336-1;Aalborg Decentrale Værker A/S;9310;Vodskov;851;Decentralt værk;295;Aalborg Fjernvarme;Kraftvarme;Forbrændingsmotor;kvt;1991-01-01 00:00:00;;0,73;1,46;Ej i drift i 2025;Ej i drift i 2025;;;;;;;;;;;;
2025;2268;336;336-2;Aalborg Decentrale Værker A/S;9310;Vodskov;851;Decentralt værk;295;Aalborg Fjernvarme;Kraftvarme;Forbrændingsmotor;kvt;2012-01-01 00:00:00;;0,73;1,46;Ej i drift i 2025;Ej i drift i 2025;;;;;;;;;;;;
2025;2268;336;336-3;Aalborg Decentrale Værker A/S;9310;Vodskov;851;Decentralt værk;295;Aalborg Fjernvarme;kedel;Kedel;fvv;2012-01-01 00:00:00;;0;2,25;naturgas;naturgas;;0;1;;;0;;;;;;
2025;2268;541;541-1;Aalborg Decentrale Værker A/S;9382;Tylstrup;851;Decentralt værk;295;Aalborg Fjernvarme;Tylstrup Fjernvarme;Kedel;fvv;2012-01-01 00:00:00;;0;2,9;naturgas;naturgas;;0;1;;;0;;;;;;
2025;2268;541;541-2;Aalborg Decentrale Værker A/S;9382;Tylstrup;851;Decentralt værk;295;Aalborg Fjernvarme;Tylstrup Fjernvarme;Forbrændingsmotor;kvt;1995-01-01 00:00:00;;2,33;3;Ej i drift i 2025;Ej i drift i 2025;;;;;;;;;;;;
2025;2268;659;659-2;Aalborg Decentrale Værker A/S;9310;Vodskov;851;Decentralt værk;295;Aalborg Fjernvarme;Motor 2;Forbrændingsmotor;kvt;1992-01-01 00:00:00;;0,73;1,37;Ej i drift i 2025;Ej i drift i 2025;;;;;;;;;;;;
2025;2268;659;659-3;Aalborg Decentrale Værker A/S;9310;Vodskov;851;Decentralt værk;295;Aalborg Fjernvarme;Kedel;Kedel;fvv;1992-08-01 00:00:00;;0;2,25;naturgas;naturgas;;0;1;;;0;;;;;;
2025;2268;711;711-1;Aalborg Decentrale Værker A/S;9260;Gistrup;851;Decentralt værk;358;Vaarst-Fjellerad Fjernvarme;Ulstein Bergen;Forbrændingsmotor;kvt;1994-01-01 00:00:00;;2;2,3;naturgas;naturgas;;0;1;;;0;;;;;;
2025;2268;711;711-2;Aalborg Decentrale Værker A/S;9260;Gistrup;851;Decentralt værk;358;Vaarst-Fjellerad Fjernvarme;Vølund Danstoker;Kedel;fvv;1994-01-01 00:00:00;;0;2,4;naturgas;naturgas;;0;1;;0;0;;;;;;
2025;2268;711;711-3;Aalborg Decentrale Værker A/S;9260;Gistrup;851;Decentralt værk;358;Vaarst-Fjellerad Fjernvarme;Linka fliskedel;Kedel;fvv;2016-08-01 00:00:00;;0;0,999;skovflis;fast biomasse;;0;;;;1;;;;;;
2025;2268;727;727-1;Aalborg Decentrale Værker A/S;9240;Nibe;851;Decentralt værk;378;Farstrup-Kølby Fjernvarme;Motoranlæg;Forbrændingsmotor;kvt;1994-01-01 00:00:00;;1,3;1,6;naturgas;naturgas;;0;1;;;0;;;;;;
2025;2268;727;727-2;Aalborg Decentrale Værker A/S;9240;Nibe;851;Decentralt værk;378;Farstrup-Kølby Fjernvarme;Kedelanlæg;Kedel;fvv;1994-01-01 00:00:00;;0;1,5;naturgas;naturgas;;0;1;;;0;;;;;;
2025;2268;1058;1058-1;Aalborg Decentrale Værker A/S;9370;Hals;851;Decentralt værk;394;Hou Fjernvarme;Hov kraftvarmeværk;Forbrændingsmotor;kvt;1995-01-01 00:00:00;;0,9;1,2;naturgas;naturgas;;0;1;;;0;;;;;;
2025;2268;1058;1058-2;Aalborg Decentrale Værker A/S;9370;Hals;851;Decentralt værk;394;Hou Fjernvarme;Hov kraftvarmeværk;Kedel;fvv;1995-01-01 00:00:00;;0;1,5;naturgas;naturgas;;0;1;;;0;;;;;;
2025;2273;1319;1319-1;Slagslunde Fjernvarme A.m.b.a.;3660;Stenløse;240;Decentralt værk;438;Slagslunde;Caterpillar;Forbrændingsmotor;kvt;1997-05-01 00:00:00;;1,04;1,45;naturgas;naturgas;;0;1;;;0;;;;;;
2025;2273;1319;1319-2;Slagslunde Fjernvarme A.m.b.a.;3660;Stenløse;240;Decentralt værk;438;Slagslunde;kedel;Kedel;fvv;1997-05-01 00:00:00;;0;3,05;naturgas;naturgas;;0;1;;;0;;;;;;
2025;2273;1319;1319-3;Slagslunde Fjernvarme A.m.b.a.;3660;Stenløse;240;Decentralt værk;438;Slagslunde;Varmepumpe;Varmepumpe Luft;fvv;2020-05-14 00:00:00;;0;0,95;omgivelsesvarme;omgivelsesvarme;;0;;;;0;;;;;0,341644295;0,658355705
2025;2273;1319;1319-4;Slagslunde Fjernvarme A.m.b.a.;3660;Stenløse;240;Decentralt værk;438;Slagslunde;EL Patron;Elpatron;fvv;2023-12-01 00:00:00;;0;1,282;elektricitet;elektricitet;;0;;;;0;;;;;1;
2025;2274;139;139-1;REFA Gedser Fjernvarme A/S;4874;Gedser;376;Fjernvarmeværk;64;Gedser Fjernvarme;Kedel;Kedel;fvv;2012-01-01 00:00:00;;0;3,8;Ej i drift i 2025;Ej i drift i 2025;;;;;;;;;;;;
2025;2274;140;140-1;REFA Gedser Fjernvarme A/S;4874;Gedser;376;Fjernvarmeværk;64;Gedser Fjernvarme;Halmkedel;Kedel;fvv;2012-01-01 00:00:00;;0;3,5;halm;fast biomasse;;0;;;;1;;;;;;
2025;2274;140;140-2;REFA Gedser Fjernvarme A/S;4874;Gedser;376;Fjernvarmeværk;64;Gedser Fjernvarme;Solvarmepanel - 4000 m2;Solvarme;fvv;2016-10-01 00:00:00;;0;1;solenergi;solenergi;;0;;;;0;;;1;;;
2025;2275;413;413-10;PRÆSTØ FJERNVARME;4720;Præstø;390;Decentralt værk;56;Præstø Fjernvarme;Varmepumpe;Varmepumpe Luft;fvv;2021-08-01 00:00:00;;0;2,8;omgivelsesvarme;omgivelsesvarme;;0;;;;0;;;;;0,297137521;0,702862479
2025;2275;413;413-4;PRÆSTØ FJERNVARME;4720;Præstø;390;Decentralt værk;56;Præstø Fjernvarme;Elkedel;Elpatron;fvv;2012-01-15 00:00:00;;0;3,8;elektricitet;elektricitet;;0;;;;0;;;;;1;
2025;2275;413;413-7;PRÆSTØ FJERNVARME;4720;Præstø;390;Decentralt værk;56;Præstø Fjernvarme;Naturgaskedel;Kedel;fvv;1995-10-15 00:00:00;;0;3,4;naturgas;naturgas;;0;1;;;0;;;;;;
2025;2275;413;413-8;PRÆSTØ FJERNVARME;4720;Præstø;390;Decentralt værk;56;Præstø Fjernvarme;Naturgaskedel;Kedel;fvv;1995-10-15 00:00:00;;0;3,72;naturgas;naturgas;;0;1;;;0;;;;;;
2025;2275;413;413-9;PRÆSTØ FJERNVARME;4720;Præstø;390;Decentralt værk;56;Præstø Fjernvarme;Træpillefyr;Kedel;fvv;2015-03-25 00:00:00;;0;0,94;Ej i drift i 2025;Ej i drift i 2025;;;;;;;;;;;;
2025;2275;2423;2423-1;PRÆSTØ FJERNVARME;4720;Præstø;390;Fjernvarmeværk;56;Præstø Fjernvarme;Solvarme;Solvarme;fvv;2021-08-01 00:00:00;;0;5,5;solenergi;solenergi;;0;;;;0;;;1;;;
2025;2276;642;642-2;BIOFOS LYNETTEFÆLLESSKABET A/S;1432;København K;101;Erhvervsværk;2;Storkøbenhavns Fjernvarme;Fluidbedovn (Bamag);Kedel;pvp;2011-07-01 00:00:00;;0;6,66;trae- og biomasseaffald;fast biomasse;;0,002201372;;;0,082579114;0,915219514;;;;;;
2025;2276;642;642-3;BIOFOS LYNETTEFÆLLESSKABET A/S;1432;København K;101;Erhvervsværk;2;Storkøbenhavns Fjernvarme;Gas/olie kedel A - 55706;Kedel;pvp;1993-02-02 00:00:00;;0;3;biogas;biogas;;0;;;1;0;;;;;;
2025;2276;642;642-4;BIOFOS LYNETTEFÆLLESSKABET A/S;1432;København K;101;Erhvervsværk;2;Storkøbenhavns Fjernvarme;Gas/olie kedel B - 55707;Kedel;pvp;1993-02-02 00:00:00;;0;3;biogas;biogas;;0;;;1;0;;;;;;
2025;2276;818;818-1;BIOFOS LYNETTEFÆLLESSKABET A/S;2450;København SV;101;Erhvervsværk;2;Storkøbenhavns Fjernvarme;Gasmotoranlæg;Forbrændingsmotor;pev;1996-12-11 00:00:00;;0,6;0,75;biogas;biogas;;0;;;1;0;;;;;;
2025;2276;818;818-2;BIOFOS LYNETTEFÆLLESSKABET A/S;2450;København SV;101;Erhvervsværk;2;Storkøbenhavns Fjernvarme;Viessmann;Kedel;pvp;2012-01-01 00:00:00;;0;0,76;biogas;biogas;;0;;;1;0;;;;;;
2025;2277;1182;1182-2;FREDERIKSHAVN FORSYNING A/S;9900;Frederikshavn;813;Erhvervsværk;289;Frederikshavn Fjernvarme;Danstoker Albis-13;Kedel;pvp;1986-01-01 00:00:00;;0;0,5;biogas;biogas;;0;;;1;0;;;;;;
2025;2277;1182;1182-3;FREDERIKSHAVN FORSYNING A/S;9900;Frederikshavn;813;Erhvervsværk;289;Frederikshavn Fjernvarme;Biogas generator 2;Forbrændingsmotor;pev;1998-03-31 00:00:00;;0,17;0,26;biogas;biogas;;0;;;1;0;;;;;;
2025;2277;1182;1182-4;FREDERIKSHAVN FORSYNING A/S;9900;Frederikshavn;813;Erhvervsværk;289;Frederikshavn Fjernvarme;Biogas - generator 1;Forbrændingsmotor;pev;2018-01-01 00:00:00;;0,21;0,26;biogas;biogas;;0;;;1;0;;;;;;
2025;2277;1541;1541-1;FREDERIKSHAVN FORSYNING A/S;9990;Skagen;813;Lokalt værk;317;Skagen Fjernvarme;Kraftvarme-motor;Forbrændingsmotor;pev;1999-08-25 00:00:00;;0,36;0,6;biogas;biogas;;0;;;1;0;;;;;;
2025;2277;1541;1541-2;FREDERIKSHAVN FORSYNING A/S;9990;Skagen;813;Lokalt værk;317;Skagen Fjernvarme;Gaskedel 1;Kedel;pvp;2019-08-26 00:00:00;;0;0,9;biogas;biogas;;0;;;1;0;;;;;;
2025;2277;1541;1541-3;FREDERIKSHAVN FORSYNING A/S;9990;Skagen;813;Lokalt værk;317;Skagen Fjernvarme;Gaskedel 2;Kedel;pvp;2019-08-26 00:00:00;;0;0,9;biogas;biogas;;0;;;1;0;;;;;;
2025;2280;2244;2244-1;SEAWEST ATTRAKTIONER & SERVICES ApS;6830;Nørre Nebel;573;Erhvervsværk;;;Motor;Forbrændingsmotor;pev;2015-12-18 00:00:00;;0,21;0,29;biogas;biogas;;0;;;1;0;;;;;;
2025;2282;2247;2247-1;MØLLEÅVÆRKET A/S;2800;Kgs. Lyngby;173;Lokalt værk;;;Motor;Forbrændingsmotor;pev;2016-02-01 00:00:00;;0,249;0,45;biogas;biogas;;0;;;1;0;;;;;;
2025;2283;2248;2248-1;SKOVBOHALLERNE;4632;Bjæverskov;259;Lokalt værk;;;Motor;Forbrændingsmotor;pev;2016-12-24 00:00:00;;0,015;0,035;naturgas;naturgas;;0;1;;;0;;;;;;
2025;2285;712;712-4;LÆSØ VARME A/S;9940;Læsø;825;Fjernvarmeværk;359;Byrum Fjernvarme;Fliskedel Ny;Kedel;fvv;2006-09-09 00:00:00;;0;2;skovflis;fast biomasse;;0;;;;1;;;;;;
2025;2285;712;712-5;LÆSØ VARME A/S;9940;Læsø;825;Fjernvarmeværk;359;Byrum Fjernvarme;Oliekedel Ny;Kedel;fvv;2006-07-28 00:00:00;;0;2;gasolie;olie;;1;;;;0;;;;;;
2025;2286;1191;1191-1;BlueKolding Energiproduktion A/S;6091;Bjert;621;Lokalt værk;;;Gasgenerator;Forbrændingsmotor;pev;1992-08-01 00:00:00;;0,357;0,31;biogas;biogas;;0;;;1;0;;;;;;
2025;2286;2375;2375-1;BlueKolding Energiproduktion A/S;6092;Sønder Stenderup;621;Vandkraftværk;;;Spildevandsturbine;Vandkraft;vkt;2019-07-01 00:00:00;;0,11;0;vandkraft;vandkraft;;0;;;;0;;;;1;;
2025;2286;2488;2488-1;BlueKolding Energiproduktion A/S;6000;Kolding;621;Fjernvarmeværk;484;BlueKolding;Spildevandsvarmepumpe;Varmepumpe Spildevand;pvp;2015-10-15 00:00:00;;0;0,3;omgivelsesvarme;omgivelsesvarme;;0;;;;0;;;;;0,482584239;0,517415761
2025;2286;2488;2488-2;BlueKolding Energiproduktion A/S;6000;Kolding;621;Fjernvarmeværk;484;BlueKolding;Elpatron Varmepumpe;Elpatron;pvp;2015-10-15 00:00:00;;0;0,3;elektricitet;elektricitet;;0;;;;0;;;;;1;
2025;2291;2254;2254-1;EGEDAL FJERNVARME A/S;3650;Ølstykke;240;Decentralt værk;472;Egedal fjernvarmenet;Gaskedel 1;Kedel;fvv;2014-01-01 00:00:00;;0;0,93;naturgas;naturgas;;0;1;;;0;;;;;;
2025;2291;2254;2254-2;EGEDAL FJERNVARME A/S;3650;Ølstykke;240;Decentralt værk;472;Egedal fjernvarmenet;Gaskedel 2;Kedel;fvv;2014-01-01 00:00:00;;0;0,37;naturgas;naturgas;;0;1;;;0;;;;;;
2025;2291;2254;2254-3;EGEDAL FJERNVARME A/S;3650;Ølstykke;240;Decentralt værk;472;Egedal fjernvarmenet;Gasmotor;Forbrændingsmotor;kvt;2014-01-01 00:00:00;;0,385;0,55;naturgas;naturgas;;0;1;;;0;;;;;;
2025;2291;2255;2255-1;EGEDAL FJERNVARME A/S;3650;Ølstykke;240;Decentralt værk;472;Egedal fjernvarmenet;Gaskedel 1;Kedel;fvv;2014-01-01 00:00:00;;0;0,575;Ej i drift i 2025;Ej i drift i 2025;;;;;;;;;;;;
2025;2291;2255;2255-2;EGEDAL FJERNVARME A/S;3650;Ølstykke;240;Decentralt værk;472;Egedal fjernvarmenet;Gaskedel 2;Kedel;fvv;2014-01-01 00:00:00;;0;0,575;Ej i drift i 2025;Ej i drift i 2025;;;;;;;;;;;;
2025;2291;2255;2255-3;EGEDAL FJERNVARME A/S;3650;Ølstykke;240;Decentralt værk;472;Egedal fjernvarmenet;Gaskedel 3;Kedel;fvv;2014-01-01 00:00:00;;0;0,575;Ej i drift i 2025;Ej i drift i 2025;;;;;;;;;;;;
2025;2291;2255;2255-4;EGEDAL FJERNVARME A/S;3650;Ølstykke;240;Decentralt værk;472;Egedal fjernvarmenet;Gasmotor;Forbrændingsmotor;kvt;2014-01-01 00:00:00;;0,5;0,505;Ej i drift i 2025;Ej i drift i 2025;;;;;;;;;;;;
2025;2291;2256;2256-1;EGEDAL FJERNVARME A/S;3660;Stenløse;240;Fjernvarmeværk;472;Egedal fjernvarmenet;Træpillekedel 1;Kedel;fvv;2014-01-01 00:00:00;;0;0,4;traepiller;fast biomasse;;0;;;;1;;;;;;
2025;2291;2256;2256-2;EGEDAL FJERNVARME A/S;3660;Stenløse;240;Fjernvarmeværk;472;Egedal fjernvarmenet;Træpillekedel 2;Kedel;fvv;2014-01-01 00:00:00;;0;0,3;traepiller;fast biomasse;;0;;;;1;;;;;;
2025;2291;2256;2256-3;EGEDAL FJERNVARME A/S;3660;Stenløse;240;Fjernvarmeværk;472;Egedal fjernvarmenet;Solvarmeanlæg 500 m2;Solvarme;fvv;2014-01-01 00:00:00;;0;0,35;solenergi;solenergi;;0;;;;0;;;1;;;
2025;2291;2257;2257-1;EGEDAL FJERNVARME A/S;3660;Stenløse;240;Fjernvarmeværk;472;Egedal fjernvarmenet;Træpillekedel 1;Kedel;fvv;2014-01-01 00:00:00;;0;0,95;traepiller;fast biomasse;;0;;;;1;;;;;;
2025;2291;2257;2257-2;EGEDAL FJERNVARME A/S;3660;Stenløse;240;Fjernvarmeværk;472;Egedal fjernvarmenet;Træpillekedel 2;Kedel;fvv;2014-01-01 00:00:00;;0;2;traepiller;fast biomasse;;0;;;;1;;;;;;
2025;2291;2257;2257-3;EGEDAL FJERNVARME A/S;3660;Stenløse;240;Fjernvarmeværk;472;Egedal fjernvarmenet;Maglevad 3;Kedel;fvv;2018-10-01 00:00:00;;0;6,5;skovflis;fast biomasse;;0;;;;1;;;;;;
2025;2291;2257;2257-4;EGEDAL FJERNVARME A/S;3660;Stenløse;240;Fjernvarmeværk;472;Egedal fjernvarmenet;Solvarmeanlæg 3.458 m2;Solvarme;fvv;2019-06-19 00:00:00;;0;2,5;solenergi;solenergi;;0;;;;0;;;1;;;
2025;2293;2261;2261-1;NORDALIM ApS;8000;Aarhus C;751;Erhvervsværk;206;Århus Fjernvarme;Spildvarme fra formalinfabrik;Overskudsvarme;pvp;2003-06-01 00:00:00;;0;7,5;braendselsfrit;braendselsfrit;;0;;;;0;;1;;;;
2025;2295;2262;2262-1;NORDISK PERLITE ApS;3400;Hillerød;219;Erhvervsværk;18;Hillerød-Farum-Værløse;Overskudsvarme;Overskudsvarme;pvp;2013-01-01 00:00:00;;0;2;braendselsfrit;braendselsfrit;;0;;;;0;;1;;;;
2025;2296;2263;2263-1;Constellation Cold Logistics Denmark A/S;6600;Vejen;575;Erhvervsværk;135;Vejen Fjernvarme;Varmegenvind 2010 - øst;Overskudsvarme;pvp;2015-03-14 00:00:00;;0;1;braendselsfrit;braendselsfrit;;0;;;;0;;1;;;;
2025;2296;2263;2263-2;Constellation Cold Logistics Denmark A/S;6600;Vejen;575;Erhvervsværk;135;Vejen Fjernvarme;Varmegenvind 1997 - vest;Overskudsvarme;pvp;2015-02-22 00:00:00;;0;1;braendselsfrit;braendselsfrit;;0;;;;0;;1;;;;
2025;2296;2270;2270-1;Constellation Cold Logistics Denmark A/S;6330;Padborg;580;Erhvervsværk;97;Padborg-Bov Fjernvarme;Varmegenvind Fjernvarme;Overskudsvarme;pvp;2016-10-11 00:00:00;;0;0,775;braendselsfrit;braendselsfrit;;0;;;;0;;1;;;;
2025;2296;2368;2368-1;Constellation Cold Logistics Denmark A/S;9500;Hobro;846;Erhvervsværk;300;Hobro Fjernvarme;Varmegenvinding;Overskudsvarme;pvp;2018-12-01 00:00:00;;0;0,775;braendselsfrit;braendselsfrit;;0;;;;0;;1;;;;
2025;2297;2265;2265-1;SKAMOL A/S;7870;Roslev;779;Erhvervsværk;405;Nederby-Debel Fjernvarme;Kondensator;Overskudsvarme;pvp;2014-11-01 00:00:00;;0;1;braendselsfrit;braendselsfrit;;0;;;;0;;1;;;;
2025;2298;2266;2266-1;DANSK LANDBRUGS GROVVARESELSKAB A.M.B.A.;9330;Dronninglund;810;Erhvervsværk;280;Agersted Fjernvarme;Varmeveksler;Overskudsvarme;pvp;2010-10-02 00:00:00;;0;1,2;braendselsfrit;braendselsfrit;;0;;;;0;;1;;;;
2025;2305;1216;1216-3;Aarhus Universitet;8830;Tjele;791;Lokalt værk;888;Blokvarme mv;Jenbacher, Biogas;Forbrændingsmotor;pev;2019-04-11 00:00:00;;0,635;0,709;biogas;biogas;;0;;;1;0;;;;;;
2025;2310;2294;2294-1;Ejsing Fjernvarme A.M.B.A;7830;Vinderup;661;Fjernvarmeværk;388;Ejsing Fjernvarme;Fliskedel;Kedel;fvv;2014-02-06 00:00:00;;0;1;trae- og biomasseaffald;fast biomasse;;0;;;;1;;;;;;
2025;2310;2294;2294-2;Ejsing Fjernvarme A.M.B.A;7830;Vinderup;661;Fjernvarmeværk;388;Ejsing Fjernvarme;Solfanger (1814 m2);Solvarme;fvv;2016-05-26 00:00:00;;0;1;solenergi;solenergi;;0;;;;0;;;1;;;
2025;2313;2327;2327-1;Føns Nærvarme A.m.b.a.;5580;Nørre Aaby;410;Fjernvarmeværk;473;Føns Fjernvarmenet;Kedel 1;Kedel;fvv;2015-10-15 00:00:00;;0;0,2;trae- og biomasseaffald;fast biomasse;;0;;;;1;;;;;;
2025;2313;2327;2327-2;Føns Nærvarme A.m.b.a.;5580;Nørre Aaby;410;Fjernvarmeværk;473;Føns Fjernvarmenet;Kedel 2;Kedel;fvv;2015-10-15 00:00:00;;0;0,2;traepiller;fast biomasse;;0;;;;1;;;;;;
2025;2313;2327;2327-3;Føns Nærvarme A.m.b.a.;5580;Nørre Aaby;410;Fjernvarmeværk;473;Føns Fjernvarmenet;Varmepumpe 1;Varmepumpe;fvv;2021-03-25 00:00:00;;0;0,088;omgivelsesvarme;omgivelsesvarme;;0;;;;0;;;;;0,333333333;0,666666667
2025;2313;2327;2327-4;Føns Nærvarme A.m.b.a.;5580;Nørre Aaby;410;Fjernvarmeværk;473;Føns Fjernvarmenet;varmepumpe 2;Varmepumpe;fvv;2021-03-25 00:00:00;;0;0,088;omgivelsesvarme;omgivelsesvarme;;0;;;;0;;;;;0,333333333;0,666666667
2025;2314;2308;2308-1;Region Sjælland;4330;Hvalsø;350;Lokalt værk;;;Motor;Forbrændingsmotor;kvt;2014-02-20 00:00:00;;0,035;0,055;biogas;biogas;;0;;;1;0;;;;;;
2025;2317;1483;1483-1;RF-Anholt ApS;8592;Anholt;707;Decentralt værk;;;Maskine 3;Forbrændingsmotor;kvt;2009-01-01 00:00:00;;0,41;0;Ej i drift i 2025;Ej i drift i 2025;;;;;;;;;;;;
2025;2317;1483;1483-2;RF-Anholt ApS;8592;Anholt;707;Decentralt værk;;;Maskine 4;Forbrændingsmotor;kvt;2000-01-01 00:00:00;;0,34;0;Ej i drift i 2025;Ej i drift i 2025;;;;;;;;;;;;
2025;2317;1483;1483-3;RF-Anholt ApS;8592;Anholt;707;Decentralt værk;;;Maskine 2;Forbrændingsmotor;kvt;2000-01-01 00:00:00;;0,27;0;Ej i drift i 2025;Ej i drift i 2025;;;;;;;;;;;;
2025;2317;1483;1483-4;RF-Anholt ApS;8592;Anholt;707;Decentralt værk;;;Maskine 1;Forbrændingsmotor;kvt;2000-01-01 00:00:00;;0,38;0;gasolie;olie;;1;;;;0;;;;;;
2025;2317;1483;1483-5;RF-Anholt ApS;8592;Anholt;707;Decentralt værk;;;Maskine 5;Forbrændingsmotor;kvt;2016-04-01 00:00:00;;1;1,5;Ej i drift i 2025;Ej i drift i 2025;;;;;;;;;;;;
2025;2319;2310;2310-1;Kredsløb Halmenergi A/S;8200;Aarhus N;751;Decentralt værk;206;Århus Fjernvarme;BKVV;Dampturbine;kvt;2017-11-06 00:00:00;;37;77;halm;fast biomasse;;0;;;;1;;;;;;
2025;2322;2312;2312-1;KERTEMINDE BIOGAS ApS;5300;Kerteminde;440;Erhvervsværk;;;Biogasmotor;Forbrændingsmotor;kvt;2017-01-01 00:00:00;;0,55;0,7;Ej i drift i 2025;Ej i drift i 2025;;;;;;;;;;;;
2025;2323;2313;2313-1;SKIVE BIOGAS ApS;7800;Skive;779;Erhvervsværk;;;Biogasmotor;Forbrændingsmotor;kvt;2002-02-07 00:00:00;;0,312;0,62;biogas;biogas;;0;;;1;0;;;;;;
2025;2323;2313;2313-2;SKIVE BIOGAS ApS;7800;Skive;779;Erhvervsværk;;;BIogasmotor 2;Forbrændingsmotor;kvt;2017-10-12 00:00:00;;0,625;1,25;biogas;biogas;;0;;;1;0;;;;;;
2025;2325;2315;2315-1;GRENÅ ANDELSBOLIGFORENING;8585;Glesborg;707;Lokalt værk;888;Blokvarme mv;Motor;Forbrændingsmotor;pev;1999-09-15 00:00:00;;0,017;0,02;Ej i drift i 2025;Ej i drift i 2025;;;;;;;;;;;;
2025;2326;2316;2316-1;DANKALK K/S;9670;Løgstør;820;Erhvervsværk;301;Løgstør-Ranum-Vindblæs Fjernvarmenet;Overskudsvarmeanlæg;Overskudsvarme;pvp;2017-05-19 00:00:00;;0;4;braendselsfrit;braendselsfrit;;0;;;;0;;1;;;;
2025;2327;2318;2318-1;Grøngas, Vraa A/S;9760;Vrå;860;Erhvervsværk;304;Vrå Fjernvarme;Halmkedel;Kedel;pvp;2016-06-03 00:00:00;;0;7;halm;fast biomasse;;0;;;;1;;;;;;
2025;2329;1563;1563-1;Thorsen Biogas I/S;8581;Nimtofte;820;Erhvervsværk;;;Østenfjeld;Forbrændingsmotor;kvt;2000-06-04 00:00:00;;0,35;0,64;biogas;biogas;;0;;;1;0;;;;;;
2025;2330;2328;2328-1;Thorsen Varmeværk I/S;8581;Nimtofte;706;Fjernvarmeværk;474;Nimtofte og Omegns Fjernvarmeforsyning (NOFF);Kedel;Kedel;fvv;2008-01-01 00:00:00;;0;5;halm;fast biomasse;;0;;;;1;;;;;;
2025;2330;2328;2328-2;Thorsen Varmeværk I/S;8581;Nimtofte;706;Fjernvarmeværk;474;Nimtofte og Omegns Fjernvarmeforsyning (NOFF);Biogasmotor;Forbrændingsmotor;kvt;2021-01-04 00:00:00;;0,375;0,53;biogas;biogas;;0;;;1;0;;;;;;
2025;2333;353;353-1;Mejlby Fjernvarme AMBA;8981;Spentrup;730;Decentralt værk;214;Mejlby Fjernvarme;Mejlby Kraftvarmeværk;Forbrændingsmotor;kvt;1993-01-01 00:00:00;;0,66;1;Ej i drift i 2025;Ej i drift i 2025;;;;;;;;;;;;
2025;2333;353;353-2;Mejlby Fjernvarme AMBA;8981;Spentrup;730;Decentralt værk;214;Mejlby Fjernvarme;Kedel;Kedel;fvv;1969-01-01 00:00:00;;0;1;naturgas;naturgas;;0;1;;;0;;;;;;
2025;2333;353;353-3;Mejlby Fjernvarme AMBA;8981;Spentrup;730;Decentralt værk;214;Mejlby Fjernvarme;Varmepumpeanlæg;Varmepumpe Luft;fvv;2022-10-01 00:00:00;;0;1;omgivelsesvarme;omgivelsesvarme;;0;;;;0;;;;;0,321792807;0,678207193
2025;2336;2329;2329-1;METALCOLOUR A/S;4800;Nykøbing F;376;Erhvervsværk;52;Sundby-Øster Toreby Fjernvarme;Overskudsvarme;Overskudsvarme;pvp;2016-11-01 00:00:00;;0;0,5;Ej i drift i 2025;Ej i drift i 2025;;;;;;;;;;;;
2025;2337;2330;2330-1;JSJ ApS;4470;Svebølle;326;Decentralt værk;24;Svebølle-Viskinge Fjernvarme;Motor 1;Forbrændingsmotor;kvt;2017-10-01 00:00:00;;0,103;0,15;biogas;biogas;;0;;;1;0;;;;;;
2025;2339;2331;2331-1;LL COLD ApS;6330;Padborg;580;Erhvervsværk;97;Padborg-Bov Fjernvarme;Overskudsvarme - Claus Sørensen A/S;Overskudsvarme;pvp;2017-02-01 00:00:00;;0;0,4;braendselsfrit;braendselsfrit;;0;;;;0;;1;;;;
2025;2341;898;898-1;J.H. PLANTER ApS;2640;Hedehusene;169;Lokalt værk;;;-;Forbrændingsmotor;kvt;1992-04-21 00:00:00;;1,02;1,55;Ej i drift i 2025;Ej i drift i 2025;;;;;;;;;;;;
2025;2344;2342;2342-1;Den selvejende institution Kibæk Møllelaug;6933;Kibæk;657;Vandkraftværk;;;Vandturbine;Vandkraft;vkt;2015-10-14 00:00:00;;0,004;0;vandkraft;vandkraft;;0;;;;0;;;;1;;
2025;2346;2345;2345-1;Graugård I/S;6430;Nordborg;540;Lokalt værk;;;Biogasmotor;Forbrændingsmotor;pev;2017-09-20 00:00:00;;0,526;0,8;biogas;biogas;;0;;;1;0;;;;;;
2025;2347;2346;2346-1;KW Energi A/S;6300;Gråsten;540;Lokalt værk;;;Biogasmotor;Forbrændingsmotor;kvt;2018-09-25 00:00:00;;1,067;1,5;biogas;biogas;;0;;;1;0;;;;;;
2025;2348;2347;2347-1;Nørgård Bioenergi ApS;7500;Holstebro;661;Lokalt værk;;;Biogasmotor;Forbrændingsmotor;kvt;2018-07-24 00:00:00;;0,635;0,9;biogas;biogas;;0;;;1;0;;;;;;
2025;2349;2348;2348-1;LBJBIO I/S;4250;Fuglebjerg;370;Lokalt værk;;;Biogasmotor;Forbrændingsmotor;kvt;2017-12-01 00:00:00;;0,35;0,5;biogas;biogas;;0;;;1;0;;;;;;
2025;2350;2349;2349-1;FORS Spildevand Roskilde A/S;4000;Roskilde;265;Lokalt værk;;;Bjergmarken motor;Forbrændingsmotor;pev;2018-08-20 00:00:00;;0,21;0,3;biogas;biogas;;0;;;1;0;;;;;;
2025;2350;2349;2349-2;FORS Spildevand Roskilde A/S;4000;Roskilde;265;Lokalt værk;;;Bjergmarken motor 2;Forbrændingsmotor;pev;2023-08-24 00:00:00;;0,21;0,3;biogas;biogas;;0;;;1;0;;;;;;
2025;2351;2350;2350-1;GARTNERIET THORUPLUND A/S. FRAUGDE;5220;Odense SØ;461;Erhvervsværk;;;Motor 1;Forbrændingsmotor;pev;1997-03-01 00:00:00;;1,037;1,5;naturgas;naturgas;;0;1;;;0;;;;;;
2025;2352;2351;2351-1;FRILAND ÅRSLEV ApS;5792;Årslev;430;Erhvervsværk;;;Gasturbine;Gasturbine;pev;1996-10-22 00:00:00;2025-08-01 00:00:00;0,736;1;Ej i drift i 2025;Ej i drift i 2025;;;;;;;;;;;;
2025;2354;482;482-1;Sorø Fjernvarme A/S;4180;Sorø;340;Decentralt værk;36;Sorø Fjernvarme;Kedel Smedevej;Kedel;fvv;1995-01-01 00:00:00;;0;3,66;naturgas;naturgas;;0;1;;;0;;;;;;
2025;2354;482;482-2;Sorø Fjernvarme A/S;4180;Sorø;340;Decentralt værk;36;Sorø Fjernvarme;Motor Smedevej;Forbrændingsmotor;kvt;1995-01-01 00:00:00;;2,1;2,75;naturgas;naturgas;;0;1;;;0;;;;;;
2025;2354;483;483-1;Sorø Fjernvarme A/S;4180;Sorø;340;Fjernvarmeværk;36;Sorø Fjernvarme;Gaskedel;Kedel;fvv;1966-01-01 00:00:00;;0;3,7;naturgas;naturgas;;0;1;;;0;;;;;;
2025;2354;483;483-2;Sorø Fjernvarme A/S;4180;Sorø;340;Fjernvarmeværk;36;Sorø Fjernvarme;Oliekedel;Kedel;fvv;1972-01-01 00:00:00;;0;1;Ej i drift i 2025;Ej i drift i 2025;;;;;;;;;;;;
2025;2354;484;484-1;Sorø Fjernvarme A/S;4180;Sorø;340;Fjernvarmeværk;36;Sorø Fjernvarme;Gaskedel Vedelsgade;Kedel;fvv;1968-01-01 00:00:00;;0;7,3;naturgas;naturgas;;0;1;;;0;;;;;;
2025;2354;484;484-2;Sorø Fjernvarme A/S;4180;Sorø;340;Fjernvarmeværk;36;Sorø Fjernvarme;Oliekedel Vedelsgade;Kedel;fvv;1961-01-01 00:00:00;;0;3,7;Ej i drift i 2025;Ej i drift i 2025;;;;;;;;;;;;
2025;2354;484;484-3;Sorø Fjernvarme A/S;4180;Sorø;340;Fjernvarmeværk;36;Sorø Fjernvarme;Gaskedel 3, Vedelsgade;Kedel;fvv;1963-01-01 00:00:00;;0;3,5;naturgas;naturgas;;0;1;;;0;;;;;;
2025;2354;485;485-1;Sorø Fjernvarme A/S;4180;Sorø;340;Fjernvarmeværk;36;Sorø Fjernvarme;Danstoker;Kedel;fvv;1995-01-01 00:00:00;;0;0,8;naturgas;naturgas;;0;1;;;0;;;;;;
2025;2354;485;485-2;Sorø Fjernvarme A/S;4180;Sorø;340;Fjernvarmeværk;36;Sorø Fjernvarme;Katrinelyst;Kedel;fvv;1995-01-01 00:00:00;;0;0,58;naturgas;naturgas;;0;1;;;0;;;;;;
2025;2354;1059;1059-1;Sorø Fjernvarme A/S;4180;Sorø;340;Decentralt værk;36;Sorø Fjernvarme;Industrivej - motor 1;Forbrændingsmotor;kvt;1995-01-01 00:00:00;;2,8;3,7;naturgas;naturgas;;0;1;;;0;;;;;;
2025;2354;1059;1059-2;Sorø Fjernvarme A/S;4180;Sorø;340;Decentralt værk;36;Sorø Fjernvarme;Industrivej - motor 2;Forbrændingsmotor;kvt;1995-01-01 00:00:00;;2,8;3,7;naturgas;naturgas;;0;1;;;0;;;;;;
2025;2354;2421;2421-1;Sorø Fjernvarme A/S;4180;Sorø;340;Decentralt værk;36;Sorø Fjernvarme;Flisfyret ORC anlæg;Organic Rankine (ORC);kvt;2021-07-01 00:00:00;;0,95;11;trae- og biomasseaffald;fast biomasse;;0;;;;1;;;;;;
2025;2354;2461;2461-1;Sorø Fjernvarme A/S;4180;Sorø;340;Fjernvarmeværk;36;Sorø Fjernvarme;Akadamiet gas kedel 1;Kedel;fvv;2025-02-11 00:00:00;;0;0,64;Ej i drift i 2025;Ej i drift i 2025;;;;;;;;;;;;
2025;2354;2461;2461-2;Sorø Fjernvarme A/S;4180;Sorø;340;Fjernvarmeværk;36;Sorø Fjernvarme;Akadamiet gas kedel 2;Kedel;fvv;2024-01-09 00:00:00;;0;1,2;Ej i drift i 2025;Ej i drift i 2025;;;;;;;;;;;;
2025;2354;2462;2462-1;Sorø Fjernvarme A/S;4180;Sorø;340;Fjernvarmeværk;36;Sorø Fjernvarme;Olie kedel;Kedel;fvv;2024-01-08 00:00:00;;0;0,1;fuelolie;olie;;1;;;;0;;;;;;
2025;2354;2462;2462-2;Sorø Fjernvarme A/S;4180;Sorø;340;Fjernvarmeværk;36;Sorø Fjernvarme;Pillefyr;Kedel;fvv;2024-01-08 00:00:00;;0;0,063;traepiller;fast biomasse;;0;;;;1;;;;;;
2025;2355;1662;1662-1;Favrskov Kommune;8370;Hadsten;710;Erhvervsværk;;;Feltengård deponi;Forbrændingsmotor;pev;2003-08-19 00:00:00;;0,03;0,06;biogas;biogas;;0;;;1;0;;;;;;
2025;2358;1623;1623-1;Baunsgaard  Agro ApS;7860;Spøttrup;779;Erhvervsværk;;;-;Forbrændingsmotor;pev;2002-12-02 00:00:00;;0,47;0,6;Ej i drift i 2025;Ej i drift i 2025;;;;;;;;;;;;
2025;2359;1860;1860-1;LBT AGRO I K/S;9800;Hjørring;860;Erhvervsværk;;;Øster Dammen;Forbrændingsmotor;kvt;2004-05-01 00:00:00;;2,1;3;biogas;biogas;;0;;;1;0;;;;;;
2025;2362;2;2-1;Assens Fjernvarme Produktion A/S;5610;Assens;420;Decentralt værk;71;Assens Fjernvarme;Blok I;Kedel;fvv;1984-02-01 00:00:00;;0;18,9;traepiller;fast biomasse;;0;;;;1;;;;;;
2025;2362;2;2-4;Assens Fjernvarme Produktion A/S;5610;Assens;420;Decentralt værk;71;Assens Fjernvarme;Blok II;Dampturbine;kvt;1999-03-23 00:00:00;;4,7;14,9;skovflis;fast biomasse;;0,002095132;;;;0,997904868;;;;;;
2025;2362;2;2-8;Assens Fjernvarme Produktion A/S;5610;Assens;420;Decentralt værk;71;Assens Fjernvarme;Varmepumpe;Varmepumpe Luft;fvv;2021-05-27 00:00:00;;0;7,2;omgivelsesvarme;omgivelsesvarme;;0;;;;0;;;;;0,325781945;0,674218055
2025;2362;1792;1792-1;Assens Fjernvarme Produktion A/S;5610;Assens;420;Fjernvarmeværk;71;Assens Fjernvarme;Hardersvej;Kedel;fvv;1961-01-01 00:00:00;;0;4,9;gasolie;olie;;1;;;;0;;;;;;
2025;2363;2378;2378-1;VESTHIMMERLANDS VAND A/S;9670;Løgstør;820;Erhvervsværk;;;Renseanlæg;Forbrændingsmotor;pev;2019-05-01 00:00:00;;0,03;0,06;biogas;biogas;;0;;;1;0;;;;;;
2025;2364;1090;1090-1;Gartneriet Svend Erik Nielsen ApS;5690;Tommerup;420;Erhvervsværk;;;Kraftvarmeværk;Forbrændingsmotor;pev;1995-01-01 00:00:00;;2,07;2,7;naturgas;naturgas;;0;1;;;0;;;;;;
2025;2365;1189;1189-2;Novafos Spildevand Hørsholm A/S;2970;Hørsholm;223;Lokalt værk;;;MAN 103 KWH;Forbrændingsmotor;pev;2013-07-08 00:00:00;;0,09;0,27;biogas;biogas;;0;;;1;0;;;;;;
2025;2367;2050;2050-1;ApS GAMMELMARK 20;6660;Lintrup;575;Erhvervsværk;110;Rødding Fjernvarme (Sdr.Jyll);Tornumvej;Forbrændingsmotor;kvt;2010-07-01 00:00:00;;1,12;1,5;biogas;biogas;;0;;;1;0;;;;;;
2025;2367;2050;2050-2;ApS GAMMELMARK 20;6660;Lintrup;575;Erhvervsværk;110;Rødding Fjernvarme (Sdr.Jyll);Motor 4;Forbrændingsmotor;kvt;2015-12-22 00:00:00;;2;1,98;biogas;biogas;;0;;;1;0;;;;;;
2025;2370;296;296-1;Vildbjerg Varme A/S;7480;Vildbjerg;657;Decentralt værk;187;Vildbjerg Fjernvarme;Motor 1;Forbrændingsmotor;kvt;2005-09-14 00:00:00;;3,64;4,9;naturgas;naturgas;;0;1;;;0;;;;;;
2025;2370;296;296-10;Vildbjerg Varme A/S;7480;Vildbjerg;657;Decentralt værk;187;Vildbjerg Fjernvarme;Solvarme;Solvarme;fvv;2014-10-28 00:00:00;;0;18;solenergi;solenergi;;0;;;;0;;;1;;;
2025;2370;296;296-12;Vildbjerg Varme A/S;7480;Vildbjerg;657;Decentralt værk;187;Vildbjerg Fjernvarme;VP1;Varmepumpe Luft;fvv;2023-10-23 00:00:00;;0;2,52;omgivelsesvarme;omgivelsesvarme;;0;;;;0;;;;;0,334762722;0,665237278
2025;2370;296;296-13;Vildbjerg Varme A/S;7480;Vildbjerg;657;Decentralt værk;187;Vildbjerg Fjernvarme;VP2;Varmepumpe Luft;fvv;2023-10-23 00:00:00;;0;2,52;omgivelsesvarme;omgivelsesvarme;;0;;;;0;;;;;0,334762722;0,665237278
2025;2370;296;296-14;Vildbjerg Varme A/S;7480;Vildbjerg;657;Decentralt værk;187;Vildbjerg Fjernvarme;VP3;Varmepumpe Luft;fvv;2023-10-23 00:00:00;;0;2,52;omgivelsesvarme;omgivelsesvarme;;0;;;;0;;;;;0,334762722;0,665237278
2025;2370;296;296-15;Vildbjerg Varme A/S;7480;Vildbjerg;657;Decentralt værk;187;Vildbjerg Fjernvarme;VP4;Varmepumpe Luft;fvv;2025-09-24 00:00:00;;0;2,619;omgivelsesvarme;omgivelsesvarme;;0;;;;0;;;;;0,333905089;0,666094911
2025;2370;296;296-3;Vildbjerg Varme A/S;7480;Vildbjerg;657;Decentralt værk;187;Vildbjerg Fjernvarme;Motor 2;Forbrændingsmotor;kvt;2005-09-14 00:00:00;;3,64;4,7;naturgas;naturgas;;0;1;;;0;;;;;;
2025;2370;296;296-4;Vildbjerg Varme A/S;7480;Vildbjerg;657;Decentralt værk;187;Vildbjerg Fjernvarme;Oliekedel;Kedel;fvv;1994-11-01 00:00:00;;0;11,5;Ej i drift i 2025;Ej i drift i 2025;;;;;;;;;;;;
2025;2370;296;296-6;Vildbjerg Varme A/S;7480;Vildbjerg;657;Decentralt værk;187;Vildbjerg Fjernvarme;Gaskedel 1;Kedel;fvv;1994-11-01 00:00:00;;0;4,6;naturgas;naturgas;;0;1;;;0;;;;;;
2025;2370;296;296-7;Vildbjerg Varme A/S;7480;Vildbjerg;657;Decentralt værk;187;Vildbjerg Fjernvarme;Gaskedel2;Kedel;fvv;1994-11-01 00:00:00;;0;7,2;naturgas;naturgas;;0;1;;;0;;;;;0;
2025;2370;296;296-9;Vildbjerg Varme A/S;7480;Vildbjerg;657;Decentralt værk;187;Vildbjerg Fjernvarme;Elkedel;Elpatron;fvv;2010-11-01 00:00:00;;0;12;elektricitet;elektricitet;;0;;;;0;;;;;1;
2025;2371;1063;1063-1;Sønderborg Kraftvarme A/S;6400;Sønderborg;540;Decentralt værk;114;Sønderborg Fjernvarmenet (inkl. Augustenborg);Kombi-anlæg;Kombianlæg;kvt;1996-04-01 00:00:00;;58;60;affald;affald;;0,000206522;0;0,994612284;;0,005181194;;;;;;
2025;2372;1138;1138-1;Naturstyrelsen;8752;Østbirk;615;Vandkraftværk;;;-;Vandkraft;vkt;1924-01-01 00:00:00;;1;0;vandkraft;vandkraft;;0;;;;0;;;;1;;
2025;2373;258;258-2;Kredsløb Transmission A/S;8000;Aarhus C;751;Fjernvarmeværk;206;Århus Fjernvarme;Kedel 1;Kedel;fvv;1976-05-01 00:00:00;;0;70;gasolie;olie;;1;;;;0;;;;;;
2025;2373;258;258-3;Kredsløb Transmission A/S;8000;Aarhus C;751;Fjernvarmeværk;206;Århus Fjernvarme;Kedel 2;Kedel;fvv;1976-05-01 00:00:00;;0;70;gasolie;olie;;1;;;;0;;;;;;
2025;2373;597;597-1;Kredsløb Transmission A/S;8260;Viby J;751;Fjernvarmeværk;206;Århus Fjernvarme;Kedel 1;Kedel;fvv;1996-01-01 00:00:00;;0;25;gasolie;olie;;1;;;;0;;;;;;
2025;2373;597;597-2;Kredsløb Transmission A/S;8260;Viby J;751;Fjernvarmeværk;206;Århus Fjernvarme;Kedel 2;Kedel;fvv;1996-01-01 00:00:00;;0;25;gasolie;olie;;1;;;;0;;;;;;
2025;2373;597;597-3;Kredsløb Transmission A/S;8260;Viby J;751;Fjernvarmeværk;206;Århus Fjernvarme;Kedel 3;Kedel;fvv;1996-01-01 00:00:00;;0;25;gasolie;olie;;1;;;;0;;;;;;
2025;2373;597;597-4;Kredsløb Transmission A/S;8260;Viby J;751;Fjernvarmeværk;206;Århus Fjernvarme;Kedel 4;Kedel;fvv;1996-01-01 00:00:00;;0;25;gasolie;olie;;1;;;;0;;;;;;
2025;2373;604;604-1;Kredsløb Transmission A/S;8220;Brabrand;751;Fjernvarmeværk;206;Århus Fjernvarme;Kedel 1;Kedel;fvv;1995-01-01 00:00:00;;0;25;gasolie;olie;;1;;;;0;;;;;;
2025;2373;604;604-2;Kredsløb Transmission A/S;8220;Brabrand;751;Fjernvarmeværk;206;Århus Fjernvarme;Kedel 2;Kedel;fvv;1995-01-01 00:00:00;;0;25;gasolie;olie;;1;;;;0;;;;;;
2025;2373;604;604-3;Kredsløb Transmission A/S;8220;Brabrand;751;Fjernvarmeværk;206;Århus Fjernvarme;Kedel 3;Kedel;fvv;1995-01-01 00:00:00;;0;25;gasolie;olie;;1;;;;0;;;;;;
2025;2373;936;936-1;Kredsløb Transmission A/S;8361;Hasselager;751;Decentralt værk;206;Århus Fjernvarme;Kraftvarmeanlæg;Forbrændingsmotor;kvt;1994-03-15 00:00:00;;0,66;0,95;biogas;biogas;;0;;;1;0;;;;;;
2025;2373;2296;2296-1;Kredsløb Transmission A/S;8541;Skødstrup;751;Fjernvarmeværk;206;Århus Fjernvarme;Elkedel;Elpatron;fvv;2015-04-01 00:00:00;;0;80;elektricitet;elektricitet;;0;;;;0;;;;;1;
2025;2374;590;590-1;Kredsløb Fjernvarme A/S;8355;Solbjerg;751;Fjernvarmeværk;230;Solbjerg Fjernvarme;2;Kedel;fvv;2012-01-01 00:00:00;;0;10,6;Ej i drift i 2025;Ej i drift i 2025;;;;;;;;;;;;
2025;2374;591;591-1;Kredsløb Fjernvarme A/S;8240;Risskov;751;Fjernvarmeværk;206;Århus Fjernvarme;Kedel 1;Kedel;fvv;1998-01-01 00:00:00;;0;25;gasolie;olie;;1;;;;0;;;;;;
2025;2374;591;591-2;Kredsløb Fjernvarme A/S;8240;Risskov;751;Fjernvarmeværk;206;Århus Fjernvarme;Kedel2;Kedel;fvv;1998-01-01 00:00:00;;0;25;gasolie;olie;;1;;;;0;;;;;;
2025;2374;598;598-1;Kredsløb Fjernvarme A/S;8260;Viby J;751;Fjernvarmeværk;206;Århus Fjernvarme;Kedel 1;Kedel;fvv;1964-01-01 00:00:00;;0;9,3;gasolie;olie;;1;;;;0;;;;;;
2025;2374;598;598-2;Kredsløb Fjernvarme A/S;8260;Viby J;751;Fjernvarmeværk;206;Århus Fjernvarme;Kedel 2;Kedel;fvv;1965-01-01 00:00:00;;0;9,3;gasolie;olie;;1;;;;0;;;;;;
2025;2374;598;598-3;Kredsløb Fjernvarme A/S;8260;Viby J;751;Fjernvarmeværk;206;Århus Fjernvarme;Kedel 3;Kedel;fvv;1965-01-01 00:00:00;;0;9,3;gasolie;olie;;1;;;;0;;;;;;
2025;2374;598;598-4;Kredsløb Fjernvarme A/S;8260;Viby J;751;Fjernvarmeværk;206;Århus Fjernvarme;Kedel 4;Kedel;fvv;1966-01-01 00:00:00;;0;9,3;gasolie;olie;;1;;;;0;;;;;;
2025;2374;598;598-5;Kredsløb Fjernvarme A/S;8260;Viby J;751;Fjernvarmeværk;206;Århus Fjernvarme;Kedel 5;Kedel;fvv;1968-01-01 00:00:00;;0;9,3;gasolie;olie;;1;;;;0;;;;;;
2025;2374;601;601-1;Kredsløb Fjernvarme A/S;8270;Højbjerg;751;Fjernvarmeværk;206;Århus Fjernvarme;-;Kedel;fvv;2012-01-01 00:00:00;;0;11;gasolie;olie;;1;;;;0;;;;;;
2025;2374;607;607-1;Kredsløb Fjernvarme A/S;8330;Beder;751;Fjernvarmeværk;206;Århus Fjernvarme;-;Kedel;fvv;2012-01-01 00:00:00;;0;11,9;gasolie;olie;;1;;;;0;;;;;;
2025;2374;608;608-1;Kredsløb Fjernvarme A/S;8361;Hasselager;751;Fjernvarmeværk;206;Århus Fjernvarme;-;Kedel;fvv;2012-01-01 00:00:00;;0;15;Ej i drift i 2025;Ej i drift i 2025;;;;;;;;;;;;
2025;2374;611;611-1;Kredsløb Fjernvarme A/S;8541;Skødstrup;751;Fjernvarmeværk;206;Århus Fjernvarme;Studstrup;Kedel;fvv;2012-01-01 00:00:00;;0;2,9;Ej i drift i 2025;Ej i drift i 2025;;;;;;;;;;;;
2025;2374;620;620-1;Kredsløb Fjernvarme A/S;8210;Århus V;751;Fjernvarmeværk;206;Århus Fjernvarme;Århus Vest;Kedel;fvv;2012-01-01 00:00:00;;0;7,5;gasolie;olie;;1;;;;0;;;;;;
2025;2374;632;632-1;Kredsløb Fjernvarme A/S;8355;Solbjerg;751;Fjernvarmeværk;230;Solbjerg Fjernvarme;Halmkedel;Kedel;fvv;1991-01-01 00:00:00;;0;6,5;halm;fast biomasse;;0;;;;1;;;;;;
2025;2374;975;975-2;Kredsløb Fjernvarme A/S;8471;Sabro;751;Fjernvarmeværk;228;Sabro Fjernvarme;Halmkedel;Kedel;fvv;1991-01-01 00:00:00;;0;5,4;halm;fast biomasse;;0;;;;1;;;;;;
2025;2374;976;976-2;Kredsløb Fjernvarme A/S;8462;Harlev J;751;Fjernvarmeværk;199;Galten Fjernvarme (Inklusiv Harlev-Framlev FV fra 2024);Halmkedel;Kedel;fvv;1989-01-01 00:00:00;;0;5,4;halm;fast biomasse;;0;;;;1;;;;;;
2025;2374;1683;1683-1;Kredsløb Fjernvarme A/S;8471;Sabro;751;Fjernvarmeværk;228;Sabro Fjernvarme;Oliekedel;Kedel;fvv;2012-01-01 00:00:00;;0;5,8;gasolie;olie;;1;;;;0;;;;;;
2025;2374;1684;1684-1;Kredsløb Fjernvarme A/S;8464;Galten;751;Fjernvarmeværk;199;Galten Fjernvarme (Inklusiv Harlev-Framlev FV fra 2024);Oliekedel;Kedel;fvv;2012-01-01 00:00:00;;0;14,66;Ej i drift i 2025;Ej i drift i 2025;;;;;;;;;;;;
2025;2374;2003;2003-1;Kredsløb Fjernvarme A/S;8381;Tilst;751;Fjernvarmeværk;206;Århus Fjernvarme;Oliekedel;Kedel;fvv;2012-01-01 00:00:00;;0;0,23;gasolie;olie;;1;;;;0;;;;;;
2025;2374;2003;2003-2;Kredsløb Fjernvarme A/S;8381;Tilst;751;Fjernvarmeværk;206;Århus Fjernvarme;Varmepumpe;Varmepumpe Luft;fvv;2020-12-04 00:00:00;;0;0,16;omgivelsesvarme;omgivelsesvarme;;0;;;;0;;;;;0,333333333;0,666666667
2025;2374;2005;2005-1;Kredsløb Fjernvarme A/S;8250;Egå;751;Fjernvarmeværk;206;Århus Fjernvarme;Kedelanlæg;Kedel;fvv;2012-01-01 00:00:00;;0;4,2;gasolie;olie;;1;;;;0;;;;;;
2025;2374;2428;2428-1;Kredsløb Fjernvarme A/S;8210;Aarhus V;751;Fjernvarmeværk;206;Århus Fjernvarme;Mobil kedel;Kedel;fvv;2021-01-01 00:00:00;;0;5;gasolie;olie;;1;;;;0;;;;;;
2025;2375;119;119-1;Kredsløb Affaldsenergi A/S;8200;Århus N;751;Erhvervsværk;206;Århus Fjernvarme;Ovnlinie 1;Dampturbine;pev;1979-01-01 00:00:00;;4,5;18;affald;affald;;0,003550005;;0,996449995;;0;;;;;;
2025;2375;119;119-2;Kredsløb Affaldsenergi A/S;8200;Århus N;751;Erhvervsværk;206;Århus Fjernvarme;Ovnlinie 2;Dampturbine;pev;1979-01-01 00:00:00;;4,5;18;affald;affald;;0,003549979;;0,996450021;;0;;;;;;
2025;2375;119;119-5;Kredsløb Affaldsenergi A/S;8200;Århus N;751;Erhvervsværk;206;Århus Fjernvarme;ovnlinie 4;Dampturbine;pev;2004-10-01 00:00:00;;11,3;39,5;affald;affald;;0,003549983;;0,996450017;;0;;;;;;
2025;2375;268;268-1;Kredsløb Affaldsenergi A/S;8660;Skanderborg;746;Erhvervsværk;206;Århus Fjernvarme;Ovnlinie 2;Dampturbine;pev;1993-01-01 00:00:00;;2,85;14;affald;affald;;0,008693161;;0,988546217;;0,002760622;;;;;;
2025;2375;268;268-2;Kredsløb Affaldsenergi A/S;8660;Skanderborg;746;Erhvervsværk;206;Århus Fjernvarme;Ovnlinie 1;Kedel;pvp;1984-01-01 00:00:00;;0;10;affald;affald;;0,00869324;;0,988546138;;0,002760622;;;;;;
2025;2376;2297;2297-1;Kredsløb A/S;8361;Hasselager;751;Erhvervsværk;206;Århus Fjernvarme;Overskudsvarme - DLG Aarhus;Overskudsvarme;pvp;2013-01-01 00:00:00;;0;1,2;braendselsfrit;braendselsfrit;;0;;;;0;;1;;;;
2025;2376;2298;2298-1;Kredsløb A/S;8210;Aarhus V;751;Erhvervsværk;206;Århus Fjernvarme;Overskudsvarme - Aarhus Krematorium;Overskudsvarme;pvp;2013-01-01 00:00:00;;0;0,8;braendselsfrit;braendselsfrit;;0;;;;0;;1;;;;
2025;2378;680;680-1;Grøn Varme Samsø A/S;8305;Samsø;741;Fjernvarmeværk;225;Tranebjerg Fjernvarme;Halmkedel;Kedel;fvv;1992-09-01 00:00:00;;0;2,3;halm;fast biomasse;;0;;;;1;;;;;;
2025;2378;680;680-2;Grøn Varme Samsø A/S;8305;Samsø;741;Fjernvarmeværk;225;Tranebjerg Fjernvarme;Olie spids og reservelast;Kedel;fvv;1992-09-01 00:00:00;;0;3,6;Ej i drift i 2025;Ej i drift i 2025;;;;;;;;;;;;
2025;2378;680;680-3;Grøn Varme Samsø A/S;8305;Samsø;741;Fjernvarmeværk;225;Tranebjerg Fjernvarme;Pillekedel;Kedel;fvv;2013-01-01 00:00:00;;0;0,9;traepiller;fast biomasse;;0;;;;1;;;;;;
2025;2378;1645;1645-1;Grøn Varme Samsø A/S;8305;Samsø;741;Fjernvarmeværk;446;Nordby-Mårup;Fliskedel+røgvasker;Kedel;fvv;2002-05-01 00:00:00;;0;0,9;skovflis;fast biomasse;;0;;;;1;;;;;;
2025;2378;1645;1645-2;Grøn Varme Samsø A/S;8305;Samsø;741;Fjernvarmeværk;446;Nordby-Mårup;Solvarmeanlæg - 2500 m2;Solvarme;fvv;2002-05-01 00:00:00;;0;1,2;solenergi;solenergi;;0;;;;0;;;1;;;
2025;2378;1645;1645-3;Grøn Varme Samsø A/S;8305;Samsø;741;Fjernvarmeværk;446;Nordby-Mårup;Olie spids- og reservelast;Kedel;fvv;2002-05-01 00:00:00;;0;1,4;gasolie;olie;;1;;;;0;;;;;;
2025;2382;1587;1587-1;ALLÉGÅRDEN A/S;7860;Spøttrup;779;Lokalt værk;;;Biogas anlæg;Forbrændingsmotor;pev;2001-06-17 00:00:00;;0,28;0,6;Ej i drift i 2025;Ej i drift i 2025;;;;;;;;;;;;
2025;2383;1872;1872-1;BINDSLEV GAMLE EL-VÆRK;9881;Bindslev;860;Vandkraftværk;;;Vandkraftanlæg;Vandkraft;vkt;2003-12-22 00:00:00;;0,09;0;vandkraft;vandkraft;;0;;;;0;;;;1;;
2025;2384;2393;2393-1;SONFOR Varme A/S;6430;Nordborg;540;Fjernvarmeværk;105;Nordals Fjernvarme;Halmkedel;Kedel;fvv;2020-07-01 00:00:00;;0;10;halm;fast biomasse;;0;;;;1;;;;;;
2025;2384;2393;2393-2;SONFOR Varme A/S;6430;Nordborg;540;Fjernvarmeværk;105;Nordals Fjernvarme;Varmepumpe;Varmepumpe Luft;fvv;2025-03-28 00:00:00;;0;7,7;omgivelsesvarme;omgivelsesvarme;;0;;;;0;;;;;0,338874068;0,661125932
2025;2385;270;270-2;DTU Kraftvarmeværk ApS;2800;Kongens Lyngby;173;Decentralt værk;5;DTU-Holte-Nærum Fjernvarme (inkl. Øverød, Teknikerbyen, Skodsborg);DTU-kraftvarmeværk;Kombianlæg;kvt;1998-12-01 00:00:00;;38,5;31;naturgas;naturgas;;0;1;;;0;;;;;;
2025;2385;270;270-3;DTU Kraftvarmeværk ApS;2800;Kongens Lyngby;173;Decentralt værk;5;DTU-Holte-Nærum Fjernvarme (inkl. Øverød, Teknikerbyen, Skodsborg);Elkedel;Elpatron;fvv;2019-09-24 00:00:00;;0;40;elektricitet;elektricitet;;0;;;;0;;;;;1;
2025;2389;1924;1924-1;BIRKETVEDGAARD ApS;5550;Langeskov;440;Erhvervsværk;;;Biogasanlæg;Forbrændingsmotor;pev;2006-12-08 00:00:00;;0,06;0,09;Ej i drift i 2025;Ej i drift i 2025;;;;;;;;;;;;
2025;2390;2409;2409-1;Kiddegaard Biogas ApS;7300;Jelling;630;Lokalt værk;;;Jenbacher;Forbrændingsmotor;pev;2019-12-31 00:00:00;;0,851;0,95;biogas;biogas;;0;;;1;0;;;;;;
2025;2391;2412;2412-1;Hærup Biogas ApS;9500;Hobro;791;Lokalt værk;;;Jenbacher JMS 320;Forbrændingsmotor;kvt;2019-12-31 00:00:00;;0,99;0,45;biogas;biogas;;0;;;1;0;;;;;;
2025;2395;2242;2242-4;Penta Infra ApS;2600;Glostrup;165;Erhvervsværk;2;Storkøbenhavns Fjernvarme;Regulerkraftmotor 2023;Forbrændingsmotor;pel;2023-01-01 00:00:00;;3,8;0;gasolie;olie;;1;;;;0;;;;;;
2025;2395;2242;2242-5;Penta Infra ApS;2600;Glostrup;165;Erhvervsværk;2;Storkøbenhavns Fjernvarme;Varmepumpe 2023-1;Varmepumpe Overskudsvarme;pvp;2023-01-01 00:00:00;;0;0,4;elektricitet;elektricitet;;0;;;;0;;0,494474722;;;0,505525278;
2025;2395;2242;2242-6;Penta Infra ApS;2600;Glostrup;165;Erhvervsværk;2;Storkøbenhavns Fjernvarme;Varmepumpe 2023-2;Varmepumpe Overskudsvarme;pvp;2023-01-01 00:00:00;;0;0,4;elektricitet;elektricitet;;0;;;;0;;0,494474722;;;0,505525278;
2025;2395;2242;2242-7;Penta Infra ApS;2600;Glostrup;165;Erhvervsværk;2;Storkøbenhavns Fjernvarme;Varmepumpe 2023-3;Varmepumpe Overskudsvarme;pvp;2023-01-01 00:00:00;;0;0,4;elektricitet;elektricitet;;0;;;;0;;0,494474722;;;0,505525278;
2025;2396;1171;1171-1;Ellehavegaard A/S;4800;Nykøbing F;376;Fjernvarmeværk;406;Horreby Fjernvarme;Kedel;Kedel;fvv;1996-01-01 00:00:00;;0;0,99;halm;fast biomasse;;0;;;;1;;;;;;
2025;2400;2264;2264-1;Nordic Resource A/S;8000;Aarhus C;751;Erhvervsværk;206;Århus Fjernvarme;Overskudsvarme - Fortum;Overskudsvarme;pvp;2009-11-01 00:00:00;;0;2;braendselsfrit;braendselsfrit;;0;;;;0;;1;;;;
2025;2401;2432;2432-1;ROYAL UNIBREW A/S;5000;Odense C;461;Erhvervsværk;79;Fjernvarme Fyn;Overskudsvarme;Overskudsvarme;pvp;2020-07-01 00:00:00;;0;0,4;Ej i drift i 2025;Ej i drift i 2025;;;;;;;;;;;;
2025;2402;2433;2433-1;TASSO A/S;5000;Odense C;461;Erhvervsværk;79;Fjernvarme Fyn;Overskudsvarme lavtemp. (returløb);Overskudsvarme;pvp;2014-06-01 00:00:00;;0;2;braendselsfrit;braendselsfrit;;0;;;;0;;1;;;;
2025;2402;2433;2433-2;TASSO A/S;5000;Odense C;461;Erhvervsværk;79;Fjernvarme Fyn;Overskudsvarme højtemp. (fremløb);Overskudsvarme;pvp;2020-06-01 00:00:00;;0;0,25;braendselsfrit;braendselsfrit;;0;;;;0;;1;;;;
2025;2403;2434;2434-1;Envases Europe A/S;5000;Odense C;461;Erhvervsværk;79;Fjernvarme Fyn;Overskudsvarmeanlæg;Overskudsvarme;pvp;2012-06-01 00:00:00;;0;3;braendselsfrit;braendselsfrit;;0;;;;0;;1;;;0;
2025;2408;1006;1006-1;Vestsjællands Almene Boligselskab;4293;Dianalund;340;Lokalt værk;;;-;Forbrændingsmotor;pev;2008-08-01 00:00:00;;1,1;1,3;naturgas;naturgas;;0;1;;;0;;;;;;
2025;2412;1211;1211-6;Alam Holding ApS;9700;Brønderslev;849;Lokalt værk;;;Biogasanlæg 1;Forbrændingsmotor;kvt;2012-01-01 00:00:00;;0,34;0,52;biogas;biogas;;0;;;1;0;;;;;;
2025;2412;1211;1211-7;Alam Holding ApS;9700;Brønderslev;849;Lokalt værk;;;Biogasanlæg 2;Forbrændingsmotor;kvt;2013-01-01 00:00:00;;0,73;1;biogas;biogas;;0;;;1;0;;;;;;
2025;2414;298;298-1;Ishøj Varmeværk A/S;2635;Ishøj;183;Fjernvarmeværk;2;Storkøbenhavns Fjernvarme;Kedel 1 Burmeister & Wain;Kedel;fvv;1982-11-01 00:00:00;;0;11;traepiller;fast biomasse;;0;;;;1;;;;;;
2025;2414;298;298-2;Ishøj Varmeværk A/S;2635;Ishøj;183;Fjernvarmeværk;2;Storkøbenhavns Fjernvarme;Kedel 2 Burmeister & Wain;Kedel;fvv;1982-12-01 00:00:00;;0;11;traepiller;fast biomasse;;0;;;;1;;;;;;
2025;2414;298;298-3;Ishøj Varmeværk A/S;2635;Ishøj;183;Fjernvarmeværk;2;Storkøbenhavns Fjernvarme;Kedel 3 Burmeister & Wain;Kedel;fvv;1982-12-01 00:00:00;;0;11;traepiller;fast biomasse;;0;;;;1;;;;;;
2025;2414;298;298-4;Ishøj Varmeværk A/S;2635;Ishøj;183;Fjernvarmeværk;2;Storkøbenhavns Fjernvarme;Gaskedlen Viessmann;Kedel;fvv;1990-01-01 00:00:00;;0;2,5;Ej i drift i 2025;Ej i drift i 2025;;;;;;;;;;;;
2025;2416;2456;2456-1;TÅRNBYFORSYNING VARME A/S;2770;Kastrup;185;Fjernvarmeværk;2;Storkøbenhavns Fjernvarme;KEC;Varmepumpe Spildevand;fvv;2020-08-01 00:00:00;;0;6,2;omgivelsesvarme;omgivelsesvarme;;0;;;;0;;;;;0,370217959;0,629782041
2025;2416;2457;2457-1;TÅRNBYFORSYNING VARME A/S;2770;Kastrup;185;Fjernvarmeværk;481;Ugandavejsnettet (Tårnby);Elkedel 1;Elpatron;fvv;2023-12-12 00:00:00;;0;1,2;elektricitet;elektricitet;;0;;;;0;;;;;1;
2025;2416;2457;2457-2;TÅRNBYFORSYNING VARME A/S;2770;Kastrup;185;Fjernvarmeværk;481;Ugandavejsnettet (Tårnby);Elkedel 2;Elpatron;fvv;2023-12-12 00:00:00;;0;1,2;elektricitet;elektricitet;;0;;;;0;;;;;1;
2025;2416;2457;2457-3;TÅRNBYFORSYNING VARME A/S;2770;Kastrup;185;Fjernvarmeværk;481;Ugandavejsnettet (Tårnby);Varmepumpe 1;Varmepumpe Luft;fvv;2023-12-12 00:00:00;;0;1,2;omgivelsesvarme;omgivelsesvarme;;0;;;;0;;;;;0,431446541;0,568553459
2025;2417;1091;1091-11;ARLA FOODS INGREDIENTS ENERGY A/S;6920;Videbæk;760;Erhvervsværk;190;Videbæk Fjernvarme;Biogasmotor 1;Forbrændingsmotor;pev;2019-05-07 00:00:00;;3,047;4,002;biogas;biogas;;0;;;1;0;;;;;;
2025;2417;1091;1091-12;ARLA FOODS INGREDIENTS ENERGY A/S;6920;Videbæk;760;Erhvervsværk;190;Videbæk Fjernvarme;Biogasmotor 2;Forbrændingsmotor;pev;2019-05-07 00:00:00;;3,047;4,002;biogas;biogas;;0;;;1;0;;;;;;
2025;2418;1268;1268-3;Ry Varmeværk ApS;8680;Ry;746;Decentralt værk;222;Ry Fjernvarme (Inkl. Gl. Ry fra 2025);Gaskedel;Kedel;fvv;1996-02-12 00:00:00;;0;3,2;naturgas;naturgas;;0;1;;;0;;;;;;
2025;2418;1268;1268-6;Ry Varmeværk ApS;8680;Ry;746;Decentralt værk;222;Ry Fjernvarme (Inkl. Gl. Ry fra 2025);Solvarmeanlæg 2444m2;Solvarme;fvv;2014-07-14 00:00:00;;0;1,7;solenergi;solenergi;;0;;;;0;;;1;;;
2025;2418;1268;1268-7;Ry Varmeværk ApS;8680;Ry;746;Decentralt værk;222;Ry Fjernvarme (Inkl. Gl. Ry fra 2025);Varempumpe;Varmepumpe Grundvand;fvv;2015-02-01 00:00:00;;0;2,048;omgivelsesvarme;omgivelsesvarme;;0;;;;0;;;;;0,276872964;0,723127036
2025;2418;1885;1885-1;Ry Varmeværk ApS;8680;Ry;746;Fjernvarmeværk;222;Ry Fjernvarme (Inkl. Gl. Ry fra 2025);Fliskedel 1;Kedel;fvv;2003-01-01 00:00:00;;0;10;skovflis;fast biomasse;;0;;;;1;;;;;;
2025;2418;1885;1885-2;Ry Varmeværk ApS;8680;Ry;746;Fjernvarmeværk;222;Ry Fjernvarme (Inkl. Gl. Ry fra 2025);Fliskedel 2;Kedel;fvv;2014-10-01 00:00:00;;0;11,8;skovflis;fast biomasse;;0;;;;1;;;;;;
2025;2418;1885;1885-3;Ry Varmeværk ApS;8680;Ry;746;Fjernvarmeværk;222;Ry Fjernvarme (Inkl. Gl. Ry fra 2025);Oliekedel nr. 1;Kedel;fvv;2020-10-01 00:00:00;;0;8;Ej i drift i 2025;Ej i drift i 2025;;;;;;;;;;;;
2025;2418;1885;1885-4;Ry Varmeværk ApS;8680;Ry;746;Fjernvarmeværk;222;Ry Fjernvarme (Inkl. Gl. Ry fra 2025);Oliekedel nr. 2;Kedel;fvv;2020-10-01 00:00:00;;0;6;Ej i drift i 2025;Ej i drift i 2025;;;;;;;;;;;;
2025;2418;1885;1885-5;Ry Varmeværk ApS;8680;Ry;746;Fjernvarmeværk;222;Ry Fjernvarme (Inkl. Gl. Ry fra 2025);Elkedel 1;Elpatron;fvv;2023-07-13 00:00:00;;0;6;elektricitet;elektricitet;;0;;;;0;;;;;1;
2025;2418;2460;2460-1;Ry Varmeværk ApS;8680;Ry;746;Fjernvarmeværk;222;Ry Fjernvarme (Inkl. Gl. Ry fra 2025);Varmepumpe;Varmepumpe Luft;fvv;2024-10-01 00:00:00;;0;12;omgivelsesvarme;omgivelsesvarme;;0;;;;0;;;;;0,348646172;0,651353828
2025;2419;39;39-2;RMU Forsyning ApS;8763;Rask Mølle;766;Decentralt værk;155;Uldum Fjernvarme inkl. Rask Mølle;Kraftvarmemotor;Forbrændingsmotor;kvt;1993-01-01 00:00:00;;1,5;1,9;naturgas;naturgas;;0;1;;;0;;;;;;
2025;2419;548;548-2;RMU Forsyning ApS;7171;Uldum;766;Fjernvarmeværk;155;Uldum Fjernvarme inkl. Rask Mølle;Kedel 2;Kedel;fvv;2007-01-01 00:00:00;;0;4,5;skovflis;fast biomasse;;0;;;;1;;;;;;
2025;2419;548;548-3;RMU Forsyning ApS;7171;Uldum;766;Fjernvarmeværk;155;Uldum Fjernvarme inkl. Rask Mølle;Oliekedel;Kedel;fvv;2008-01-01 00:00:00;;0;7,5;Ej i drift i 2025;Ej i drift i 2025;;;;;;;;;;;;
2025;2419;548;548-4;RMU Forsyning ApS;7171;Uldum;766;Fjernvarmeværk;155;Uldum Fjernvarme inkl. Rask Mølle;Kedel 3;Kedel;fvv;2017-06-01 00:00:00;;0;2,55;skovflis;fast biomasse;;0;;;;1;;;;;;
2025;2419;1674;1674-1;RMU Forsyning ApS;8763;Rask Mølle;766;Fjernvarmeværk;155;Uldum Fjernvarme inkl. Rask Mølle;Kedel;Kedel;fvv;1956-10-01 00:00:00;;0;3;naturgas;naturgas;;0;1;;;0;;;;;;
2025;2419;2468;2468-1;RMU Forsyning ApS;8763;Rask Mølle;766;Fjernvarmeværk;155;Uldum Fjernvarme inkl. Rask Mølle;Elkedel;Elpatron;fvv;2024-03-01 00:00:00;;0;8,2;elektricitet;elektricitet;;0;;;;0;;;;;1;
2025;2422;2470;2470-1;Vrejlev Biogas ApS;9760;Vrå;860;Erhvervsværk;304;Vrå Fjernvarme;Overskudsvarme fra gasmotor;Overskudsvarme;fvv;2024-01-01 00:00:00;;0;1,2;Ej i drift i 2025;Ej i drift i 2025;;;;;;;;;;;;
2025;2422;2470;2470-2;Vrejlev Biogas ApS;9760;Vrå;860;Erhvervsværk;304;Vrå Fjernvarme;Overskudsvarme;Overskudsvarme;fvv;2025-03-18 00:00:00;2025-03-19 00:00:00;0;2;Ej i drift i 2025;Ej i drift i 2025;;;;;;;;;;;;
2025;2422;2470;2470-3;Vrejlev Biogas ApS;9760;Vrå;860;Erhvervsværk;304;Vrå Fjernvarme;Overskudsvarme;Overskudsvarme;fvv;2024-01-01 00:00:00;;0;2;Ej i drift i 2025;Ej i drift i 2025;;;;;;;;;;;;
2025;2423;273;273-2;Hundested Varme ApS;3390;Hundested;260;Fjernvarmeværk;19;Hundested Fjernvarme;HUK kedel;Kedel;fvv;1990-01-01 00:00:00;;0;16;naturgas;naturgas;;0;1;;;0;;;;;;
2025;2423;273;273-4;Hundested Varme ApS;3390;Hundested;260;Fjernvarmeværk;19;Hundested Fjernvarme;Solvarme 14.500 m2;Solvarme;fvv;2015-06-16 00:00:00;;0;12,5;solenergi;solenergi;;0;;;;0;;;1;;;
2025;2423;273;273-5;Hundested Varme ApS;3390;Hundested;260;Fjernvarmeværk;19;Hundested Fjernvarme;Fliskedel;Kedel;fvv;2016-02-15 00:00:00;;0;1,9;skovflis;fast biomasse;;0;;;;1;;;;;;
2025;2423;273;273-6;Hundested Varme ApS;3390;Hundested;260;Fjernvarmeværk;19;Hundested Fjernvarme;1400 m2 solvarme;Solvarme;fvv;2017-04-20 00:00:00;;0;0,609;Ej i drift i 2025;Ej i drift i 2025;;;;;;;;;;;;
2025;2423;273;273-7;Hundested Varme ApS;3390;Hundested;260;Fjernvarmeværk;19;Hundested Fjernvarme;Varmepumpe II;Varmepumpe Solvarme;fvv;2019-01-10 00:00:00;;0;1,5;Ej i drift i 2025;Ej i drift i 2025;;;;;;;;;;;;
2025;2423;273;273-8;Hundested Varme ApS;3390;Hundested;260;Fjernvarmeværk;19;Hundested Fjernvarme;Varmepumpe 3;Varmepumpe Luft;fvv;2023-01-01 00:00:00;;0;6;omgivelsesvarme;omgivelsesvarme;;0;;;;0;;;;;0,285689425;0,714310575
2025;2424;2471;2471-1;HELIAC A/S;2970;Hørsholm;230;Fjernvarmeværk;17;Nordøstsjællands Fjernvarme;Heliac DTU SP;Solvarme;fvv;2022-10-19 00:00:00;;0;1,6;solenergi;solenergi;;0;;;;0;;;1;;;
2025;2425;2473;2473-1;HORSENS BIOENERGI ApS;8700;Horsens;615;Fjernvarmeværk;148;Horsens Fjernvarme;Halmkedel 2024;Kedel;fvv;2024-10-01 00:00:00;;0;12;halm;fast biomasse;;0;;;;1;;;;;;
2025;2435;2489;2489-1;Hornsyld Klimavarme a.m.b.a.;8783;Hornsyld;766;Fjernvarmeværk;485;Hornsyld Fjernvarme;Varmepumpe + Energioptager;Varmepumpe Luft;fvv;2023-11-13 00:00:00;;0;1,622;omgivelsesvarme;omgivelsesvarme;;0;;;;0;;;;;0,381082093;0,618917907
2025;2435;2490;2490-1;Hornsyld Klimavarme a.m.b.a.;8783;Hornsyld;766;Erhvervsværk;485;Hornsyld Fjernvarme;Overskudsvarme;Overskudsvarme;pvp;2024-11-08 00:00:00;;0;2,175;braendselsfrit;braendselsfrit;;0;;;;0;;1;;;0;
2025;2435;2491;2491-1;Hornsyld Klimavarme a.m.b.a.;8783;Hornsyld;766;Fjernvarmeværk;485;Hornsyld Fjernvarme;Biomassekedel;Kedel;fvv;2016-01-01 00:00:00;;0;2;Ej i drift i 2025;Ej i drift i 2025;;;;;;;;;;;;
2025;2435;2491;2491-2;Hornsyld Klimavarme a.m.b.a.;8783;Hornsyld;766;Fjernvarmeværk;485;Hornsyld Fjernvarme;Naturgaskedel;Kedel;fvv;2021-01-01 00:00:00;;0;3,9;Ej i drift i 2025;Ej i drift i 2025;;;;;;;;;;;;
2025;2437;2493;2493-1;Hunderup-Sejstrup Fællesvarme A.M.B.A.;6740;Bramming;561;Fjernvarmeværk;487;Hunderup-Sejstrup Fjernvarme;SE-00029 varmepumpe;Varmepumpe Luft;fvv;2025-01-04 00:00:00;;0;1,033;omgivelsesvarme;omgivelsesvarme;;0;;;;0;;;;;0,317095912;0,682904088
2025;2437;2493;2493-2;Hunderup-Sejstrup Fællesvarme A.M.B.A.;6740;Bramming;561;Fjernvarmeværk;487;Hunderup-Sejstrup Fjernvarme;Viessman gaskedel;Kedel;fvv;2023-06-01 00:00:00;;0;1,739;naturgas;naturgas;;0;1;;;0;;;;;;
2025;;830;830-1;;;;510;Lokalt værk;;;;Forbrændingsmotor;pev;1994-08-15 00:00:00;;1,01;1,6;Ej i drift i 2025;Ej i drift i 2025;;;;;;;;;;;;
2025;;1482;1482-2;;;;411;Decentralt værk;;;;Forbrændingsmotor;kvt;2009-05-16 00:00:00;;0,139;0,111;gasolie;olie;;1;;;;0;;;;;;
2025;;1482;1482-4;;;;411;Decentralt værk;;;;Forbrændingsmotor;kvt;1996-05-16 00:00:00;;0,184;0,15;gasolie;olie;;1;;;;0;;;;;;
2025;;1482;1482-5;;;;411;Decentralt værk;;;;Kedel;fvv;2001-05-16 00:00:00;;0;0,465;gasolie;olie;;1;;;;0;;;;;;
2025;;1482;1482-6;;;;411;Decentralt værk;;;;Kedel;fvv;2001-05-17 00:00:00;;0;0,465;gasolie;olie;;1;;;;0;;;;;;
2025;;1482;1482-7;;;;411;Decentralt værk;;;;Forbrændingsmotor;kvt;2021-03-24 00:00:00;2025-11-03 00:00:00;0,199;0,21;gasolie;olie;;1;;;;0;;;;;;
2025;;1482;1482-8;;;;411;Decentralt værk;;;;Forbrændingsmotor;kvt;2025-11-04 00:00:00;;0,199;0,21;gasolie;olie;;1;;;;0;;;;;;
2025;;2213;2213-1;;;;573;Erhvervsværk;;;;Forbrændingsmotor;pev;2015-11-16 00:00:00;;0,8;1,2;biogas;biogas;;0;;;1;0;;;;;;
2025;;;;;;;259;Erhvervsværk;;;;Forbrændingsmotor;pev;2003-01-10 00:00:00;;1,05;2;Ej i drift i 2025;Ej i drift i 2025;;;;;;;;;;;;
2025;;;;;;;259;Erhvervsværk;;;;Forbrændingsmotor;pev;2003-12-11 00:00:00;;1,05;2;Ej i drift i 2025;Ej i drift i 2025;;;;;;;;;;;;
2025;;;;;;;779;Erhvervsværk;;;;Forbrændingsmotor;pev;1998-12-01 00:00:00;;2,1;2,5;naturgas;naturgas;;0;1;;;0;;;;;;
2025;;;;;;;779;Erhvervsværk;;;;Forbrændingsmotor;pev;1995-01-01 00:00:00;;0,96;1,12;naturgas;naturgas;;0;1;;;0;;;;;;
2025;;;;;;;779;Erhvervsværk;;;;Forbrændingsmotor;pev;1995-01-01 00:00:00;;0,96;1,12;naturgas;naturgas;;0;1;;;0;;;;;;
2025;;;;;;;779;Erhvervsværk;;;;Forbrændingsmotor;pev;1997-01-01 00:00:00;;0,92;1;naturgas;naturgas;;0;1;;;0;;;;;;
2025;;;;;;;420;Erhvervsværk;;;;Forbrændingsmotor;pev;1995-11-01 00:00:00;;0,5;0,6;Ej i drift i 2025;Ej i drift i 2025;;;;;;;;;;;;
2025;;;;;;;787;Erhvervsværk;;;;Forbrændingsmotor;pev;1996-04-01 00:00:00;;0,09;0,18;biogas;biogas;;0;;;1;0;;;;;;
2025;;;;;;;760;Erhvervsværk;;;;Forbrændingsmotor;pev;1998-04-01 00:00:00;;0,1;0,2;Ej i drift i 2025;Ej i drift i 2025;;;;;;;;;;;;
2025;;;;;;;787;Erhvervsværk;;;;Forbrændingsmotor;pev;2014-01-01 00:00:00;;0,55;0,7;biogas;biogas;;0;;;1;0;;;;;;
2025;;;;;;;813;Vandkraftværk;;;;Vandkraft;vkt;1985-09-29 00:00:00;;0,02;0;vandkraft;vandkraft;;0;;;;0;;;;1;;
2025;;;;;;;740;Vandkraftværk;;;;Vandkraft;vkt;1983-06-21 00:00:00;;0,02;0;vandkraft;vandkraft;;0;;;;0;;;;1;;
2025;;;;;;;630;Vandkraftværk;;;;Vandkraft;vkt;1984-07-02 00:00:00;;0,08;0;vandkraft;vandkraft;;0;;;;0;;;;1;;
2025;;;;;;;630;Vandkraftværk;;;;Vandkraft;vkt;1980-01-01 00:00:00;;0,05;0;vandkraft;vandkraft;;0;;;;0;;;;1;;
2025;;;;;;;630;Vandkraftværk;;;;Vandkraft;vkt;1984-01-09 00:00:00;;0,03;0;vandkraft;vandkraft;;0;;;;0;;;;1;;
2025;;;;;;;575;Vandkraftværk;;;;Vandkraft;vkt;1981-03-10 00:00:00;;0,005;0;Ej i drift i 2025;Ej i drift i 2025;;;;;;;;;;;;
2025;;;;;;;430;Vandkraftværk;;;;Vandkraft;vkt;1980-09-12 00:00:00;;0,01;0;vandkraft;vandkraft;;0;;;;0;;;;1;;
2025;;;;;;;410;Vandkraftværk;;;;Vandkraft;vkt;1991-10-20 00:00:00;;0,01;0;Ej i drift i 2025;Ej i drift i 2025;;;;;;;;;;;;
2025;;;;;;;450;Vandkraftværk;;;;Vandkraft;vkt;1979-03-02 00:00:00;;0,05;0;vandkraft;vandkraft;;0;;;;0;;;;1;;
2025;;;;;;;740;Vandkraftværk;;;;Vandkraft;vkt;1999-07-20 00:00:00;;0,02;0;vandkraft;vandkraft;;0;;;;0;;;;1;;
2025;;;;;;;846;Erhvervsværk;;;;Forbrændingsmotor;pev;2000-08-15 00:00:00;;0,35;1;Ej i drift i 2025;Ej i drift i 2025;;;;;;;;;;;;
2025;;;;;;;787;Erhvervsværk;;;;Forbrændingsmotor;pev;2001-12-16 00:00:00;;0,33;0,66;biogas;biogas;;0;;;1;0;;;;;;
2025;;;;;;;791;Vandkraftværk;;;;Vandkraft;vkt;2001-02-01 00:00:00;;0,003;0;Ej i drift i 2025;Ej i drift i 2025;;;;;;;;;;;;
2025;;;;;;;390;Erhvervsværk;;;;Forbrændingsmotor;pev;2016-06-20 00:00:00;;0,9;1,3;biogas;biogas;;0;;;1;0;;;;;;
2025;;;;;;;580;Erhvervsværk;;;;Forbrændingsmotor;pev;2017-11-15 00:00:00;;0,404;0,6;biogas;biogas;;0;;;1;0;;;;;;
2025;;;;;;;580;Erhvervsværk;;;;Forbrændingsmotor;pev;2002-11-12 00:00:00;;0,19;0,23;biogas;biogas;;0;;;1;0;;;;;;
2025;;;;;;;779;Erhvervsværk;;;;Forbrændingsmotor;pev;2002-03-04 00:00:00;;0,51;0,72;biogas;biogas;;0;;;1;0;;;;;;
2025;;;;;;;580;Erhvervsværk;;;;Forbrændingsmotor;pev;2002-02-06 00:00:00;;0,33;0,7;Ej i drift i 2025;Ej i drift i 2025;;;;;;;;;;;;
2025;;;;;;;710;Erhvervsværk;;;;Forbrændingsmotor;pev;2002-09-02 00:00:00;;0,51;0,63;biogas;biogas;;0;;;1;0;;;;;;
2025;;;;;;;746;Erhvervsværk;;;;Forbrændingsmotor;pev;2002-01-01 00:00:00;;0,1;0,15;Ej i drift i 2025;Ej i drift i 2025;;;;;;;;;;;;
2025;;;;;;;540;Erhvervsværk;;;;Forbrændingsmotor;pev;2003-12-28 00:00:00;;0,16;0,25;Ej i drift i 2025;Ej i drift i 2025;;;;;;;;;;;;
2025;;;;;;;316;Erhvervsværk;;;;Forbrændingsmotor;pev;2005-01-01 00:00:00;;0,16;0,25;Ej i drift i 2025;Ej i drift i 2025;;;;;;;;;;;;
2025;;;;;;;510;Decentralt værk;;;;Forbrændingsmotor;kvt;2007-08-01 00:00:00;;20,4;0;gasolie;olie;;1;;;;0;;;;;;
2025;;;;;;;787;Erhvervsværk;;;;Forbrændingsmotor;pev;2008-02-01 00:00:00;;0,34;0,4;biogas;biogas;;0;;;1;0;;;;;;
2025;;;;;;;329;Vandkraftværk;;;;Vandkraft;vkt;2012-01-01 00:00:00;;0,015;0;vandkraft;vandkraft;;0;;;;0;;;;1;;
2025;;;;;;;756;Erhvervsværk;;;;Forbrændingsmotor;pev;2012-01-01 00:00:00;;0,3;0,45;Ej i drift i 2025;Ej i drift i 2025;;;;;;;;;;;;
2025;;;;;;;450;Vandkraftværk;;;;Vandkraft;vkt;2012-01-01 00:00:00;;0,01;0;vandkraft;vandkraft;;0;;;;0;;;;1;;
2025;;;;;;;550;Erhvervsværk;;;;Forbrændingsmotor;kvt;2012-01-01 00:00:00;;0,36;0,54;biogas;biogas;;0;;;1;0;;;;;;
2025;;;;;;;573;Erhvervsværk;;;;Forbrændingsmotor;pev;2019-04-03 00:00:00;;0,37;0,6;biogas;biogas;;0;;;1;0;;;;;;
2025;;;;;;;580;Erhvervsværk;;;;Forbrændingsmotor;pev;2017-02-16 00:00:00;;0,36;0,72;biogas;biogas;;0;;;1;0;;;;;;
2025;;;;;;;840;Fjernvarmeværk;;;;Kedel;fvv;2014-01-01 00:00:00;;0;0,39;halm;fast biomasse;;0;;;;1;;;;;;
2025;;;;;;;840;Fjernvarmeværk;;;;Kedel;fvv;2015-01-01 00:00:00;;0;0,49;halm;fast biomasse;;0;;;;1;;;;;;
2025;;;;;;;461;Erhvervsværk;;;;Forbrændingsmotor;pev;1995-01-01 00:00:00;;0,73;1,1;naturgas;naturgas;;0;1;;;0;;;;;;
2025;;;;;;;851;Fjernvarmeværk;;;;Kedel;fvv;2016-10-01 00:00:00;;0;1;halm;fast biomasse;;0;;;;1;;;;;;
